comparison_id,task,item,value
cmp_04334,safety,Astra,1
cmp_04334,safety,Pulse,0
cmp_00192,coding,Orion,1
cmp_00192,coding,Pulse,0
cmp_01757,math,Astra,0
cmp_01757,math,Nova,1
cmp_02883,reasoning,Orion,1
cmp_02883,reasoning,Nimbus,0
cmp_02032,math,Nova,1
cmp_02032,math,Pulse,0
cmp_04622,safety,Nova,1
cmp_04622,safety,Zenith,0
cmp_04072,safety,Orion,1
cmp_04072,safety,Zenith,0
cmp_00772,coding,Nova,1
cmp_00772,coding,Pulse,0
cmp_01196,coding,Zenith,1
cmp_01196,coding,Nimbus,0
cmp_00130,coding,Orion,1
cmp_00130,coding,Nova,0
cmp_04866,safety,Pulse,1
cmp_04866,safety,Zenith,0
cmp_01571,math,Orion,1
cmp_01571,math,Zenith,0
cmp_02362,math,Pulse,1
cmp_02362,math,Nimbus,0
cmp_04516,safety,Astra,1
cmp_04516,safety,Nimbus,0
cmp_04879,safety,Pulse,0
cmp_04879,safety,Nimbus,1
cmp_02427,math,Pulse,1
cmp_02427,math,Nimbus,0
cmp_02354,math,Pulse,1
cmp_02354,math,Nimbus,0
cmp_03300,reasoning,Nova,1
cmp_03300,reasoning,Pulse,0
cmp_02491,math,Zenith,0
cmp_02491,math,Nimbus,1
cmp_04645,safety,Nova,1
cmp_04645,safety,Zenith,0
cmp_03338,reasoning,Nova,0
cmp_03338,reasoning,Pulse,1
cmp_03879,safety,Orion,0
cmp_03879,safety,Nova,1
cmp_03376,reasoning,Nova,1
cmp_03376,reasoning,Zenith,0
cmp_00059,coding,Orion,1
cmp_00059,coding,Astra,0
cmp_00462,coding,Astra,1
cmp_00462,coding,Nova,0
cmp_04585,safety,Nova,0
cmp_04585,safety,Pulse,1
cmp_01533,math,Orion,1
cmp_01533,math,Zenith,0
cmp_02451,math,Zenith,1
cmp_02451,math,Nimbus,0
cmp_00265,coding,Orion,1
cmp_00265,coding,Zenith,0
cmp_02519,math,Zenith,1
cmp_02519,math,Nimbus,0
cmp_03207,reasoning,Astra,0
cmp_03207,reasoning,Nimbus,1
cmp_02033,math,Nova,1
cmp_02033,math,Pulse,0
cmp_01555,math,Orion,1
cmp_01555,math,Zenith,0
cmp_02484,math,Zenith,1
cmp_02484,math,Nimbus,0
cmp_03897,safety,Orion,0
cmp_03897,safety,Nova,1
cmp_01317,math,Orion,0
cmp_01317,math,Astra,1
cmp_04253,safety,Astra,0
cmp_04253,safety,Nova,1
cmp_00256,coding,Orion,1
cmp_00256,coding,Zenith,0
cmp_02730,reasoning,Orion,1
cmp_02730,reasoning,Pulse,0
cmp_03655,reasoning,Pulse,0
cmp_03655,reasoning,Nimbus,1
cmp_04332,safety,Astra,1
cmp_04332,safety,Pulse,0
cmp_04568,safety,Nova,0
cmp_04568,safety,Pulse,1
cmp_00585,coding,Astra,1
cmp_00585,coding,Pulse,0
cmp_03600,reasoning,Pulse,0
cmp_03600,reasoning,Zenith,1
cmp_01643,math,Orion,1
cmp_01643,math,Nimbus,0
cmp_00492,coding,Astra,1
cmp_00492,coding,Nova,0
cmp_01997,math,Astra,1
cmp_01997,math,Nimbus,0
cmp_00086,coding,Orion,0
cmp_00086,coding,Nova,1
cmp_00119,coding,Orion,0
cmp_00119,coding,Nova,1
cmp_03234,reasoning,Astra,1
cmp_03234,reasoning,Nimbus,0
cmp_01909,math,Astra,1
cmp_01909,math,Zenith,0
cmp_02070,math,Nova,1
cmp_02070,math,Pulse,0
cmp_02263,math,Nova,1
cmp_02263,math,Nimbus,0
cmp_02890,reasoning,Orion,1
cmp_02890,reasoning,Nimbus,0
cmp_01640,math,Orion,1
cmp_01640,math,Nimbus,0
cmp_03777,reasoning,Zenith,1
cmp_03777,reasoning,Nimbus,0
cmp_01693,math,Astra,1
cmp_01693,math,Nova,0
cmp_03260,reasoning,Astra,1
cmp_03260,reasoning,Nimbus,0
cmp_00654,coding,Astra,0
cmp_00654,coding,Zenith,1
cmp_03938,safety,Orion,1
cmp_03938,safety,Nova,0
cmp_03493,reasoning,Nova,1
cmp_03493,reasoning,Nimbus,0
cmp_04908,safety,Pulse,0
cmp_04908,safety,Nimbus,1
cmp_02759,reasoning,Orion,1
cmp_02759,reasoning,Pulse,0
cmp_03508,reasoning,Nova,1
cmp_03508,reasoning,Nimbus,0
cmp_03164,reasoning,Astra,1
cmp_03164,reasoning,Zenith,0
cmp_04924,safety,Pulse,1
cmp_04924,safety,Nimbus,0
cmp_01357,math,Orion,1
cmp_01357,math,Nova,0
cmp_00298,coding,Orion,0
cmp_00298,coding,Zenith,1
cmp_03203,reasoning,Astra,1
cmp_03203,reasoning,Nimbus,0
cmp_03801,safety,Orion,0
cmp_03801,safety,Astra,1
cmp_03894,safety,Orion,1
cmp_03894,safety,Nova,0
cmp_00795,coding,Nova,1
cmp_00795,coding,Pulse,0
cmp_02066,math,Nova,0
cmp_02066,math,Pulse,1
cmp_02331,math,Pulse,0
cmp_02331,math,Zenith,1
cmp_03035,reasoning,Astra,0
cmp_03035,reasoning,Pulse,1
cmp_00783,coding,Nova,1
cmp_00783,coding,Pulse,0
cmp_04335,safety,Astra,1
cmp_04335,safety,Pulse,0
cmp_01651,math,Orion,1
cmp_01651,math,Nimbus,0
cmp_01495,math,Orion,1
cmp_01495,math,Pulse,0
cmp_02343,math,Pulse,1
cmp_02343,math,Zenith,0
cmp_03701,reasoning,Zenith,1
cmp_03701,reasoning,Nimbus,0
cmp_00519,coding,Astra,1
cmp_00519,coding,Pulse,0
cmp_03971,safety,Orion,1
cmp_03971,safety,Pulse,0
cmp_03451,reasoning,Nova,1
cmp_03451,reasoning,Nimbus,0
cmp_04364,safety,Astra,1
cmp_04364,safety,Pulse,0
cmp_02927,reasoning,Orion,1
cmp_02927,reasoning,Nimbus,0
cmp_04474,safety,Astra,1
cmp_04474,safety,Nimbus,0
cmp_02127,math,Nova,1
cmp_02127,math,Zenith,0
cmp_04883,safety,Pulse,1
cmp_04883,safety,Nimbus,0
cmp_03058,reasoning,Astra,1
cmp_03058,reasoning,Pulse,0
cmp_04979,safety,Zenith,1
cmp_04979,safety,Nimbus,0
cmp_01799,math,Astra,1
cmp_01799,math,Pulse,0
cmp_04167,safety,Orion,1
cmp_04167,safety,Nimbus,0
cmp_04275,safety,Astra,1
cmp_04275,safety,Nova,0
cmp_04528,safety,Astra,0
cmp_04528,safety,Nimbus,1
cmp_02548,reasoning,Orion,1
cmp_02548,reasoning,Astra,0
cmp_01942,math,Astra,1
cmp_01942,math,Nimbus,0
cmp_01058,coding,Pulse,0
cmp_01058,coding,Zenith,1
cmp_04412,safety,Astra,1
cmp_04412,safety,Zenith,0
cmp_04584,safety,Nova,0
cmp_04584,safety,Pulse,1
cmp_00074,coding,Orion,1
cmp_00074,coding,Astra,0
cmp_04251,safety,Astra,0
cmp_04251,safety,Nova,1
cmp_01538,math,Orion,1
cmp_01538,math,Zenith,0
cmp_00126,coding,Orion,1
cmp_00126,coding,Nova,0
cmp_02944,reasoning,Astra,0
cmp_02944,reasoning,Nova,1
cmp_01897,math,Astra,0
cmp_01897,math,Zenith,1
cmp_00578,coding,Astra,1
cmp_00578,coding,Pulse,0
cmp_04009,safety,Orion,1
cmp_04009,safety,Pulse,0
cmp_01221,coding,Zenith,1
cmp_01221,coding,Nimbus,0
cmp_01939,math,Astra,1
cmp_01939,math,Nimbus,0
cmp_04112,safety,Orion,1
cmp_04112,safety,Zenith,0
cmp_02618,reasoning,Orion,1
cmp_02618,reasoning,Nova,0
cmp_02479,math,Zenith,0
cmp_02479,math,Nimbus,1
cmp_03645,reasoning,Pulse,1
cmp_03645,reasoning,Nimbus,0
cmp_03450,reasoning,Nova,0
cmp_03450,reasoning,Nimbus,1
cmp_00573,coding,Astra,0
cmp_00573,coding,Pulse,1
cmp_02231,math,Nova,0
cmp_02231,math,Nimbus,1
cmp_01130,coding,Pulse,0
cmp_01130,coding,Nimbus,1
cmp_01497,math,Orion,1
cmp_01497,math,Pulse,0
cmp_00023,coding,Orion,0
cmp_00023,coding,Astra,1
cmp_00406,coding,Orion,1
cmp_00406,coding,Nimbus,0
cmp_04690,safety,Nova,0
cmp_04690,safety,Zenith,1
cmp_00100,coding,Orion,0
cmp_00100,coding,Nova,1
cmp_03100,reasoning,Astra,1
cmp_03100,reasoning,Pulse,0
cmp_00881,coding,Nova,1
cmp_00881,coding,Zenith,0
cmp_02216,math,Nova,0
cmp_02216,math,Nimbus,1
cmp_02917,reasoning,Orion,0
cmp_02917,reasoning,Nimbus,1
cmp_01805,math,Astra,1
cmp_01805,math,Pulse,0
cmp_04013,safety,Orion,0
cmp_04013,safety,Pulse,1
cmp_01368,math,Orion,1
cmp_01368,math,Nova,0
cmp_02492,math,Zenith,1
cmp_02492,math,Nimbus,0
cmp_01013,coding,Pulse,1
cmp_01013,coding,Zenith,0
cmp_01978,math,Astra,0
cmp_01978,math,Nimbus,1
cmp_00903,coding,Nova,1
cmp_00903,coding,Zenith,0
cmp_03385,reasoning,Nova,1
cmp_03385,reasoning,Zenith,0
cmp_02530,reasoning,Orion,1
cmp_02530,reasoning,Astra,0
cmp_04928,safety,Pulse,1
cmp_04928,safety,Nimbus,0
cmp_00564,coding,Astra,0
cmp_00564,coding,Pulse,1
cmp_04752,safety,Nova,1
cmp_04752,safety,Nimbus,0
cmp_02301,math,Pulse,1
cmp_02301,math,Zenith,0
cmp_03209,reasoning,Astra,1
cmp_03209,reasoning,Nimbus,0
cmp_02801,reasoning,Orion,0
cmp_02801,reasoning,Zenith,1
cmp_00901,coding,Nova,0
cmp_00901,coding,Zenith,1
cmp_03623,reasoning,Pulse,1
cmp_03623,reasoning,Nimbus,0
cmp_03349,reasoning,Nova,1
cmp_03349,reasoning,Pulse,0
cmp_02667,reasoning,Orion,1
cmp_02667,reasoning,Nova,0
cmp_00801,coding,Nova,1
cmp_00801,coding,Pulse,0
cmp_02159,math,Nova,1
cmp_02159,math,Zenith,0
cmp_01138,coding,Pulse,1
cmp_01138,coding,Nimbus,0
cmp_04807,safety,Pulse,0
cmp_04807,safety,Zenith,1
cmp_01128,coding,Pulse,0
cmp_01128,coding,Nimbus,1
cmp_04063,safety,Orion,1
cmp_04063,safety,Zenith,0
cmp_00511,coding,Astra,1
cmp_00511,coding,Pulse,0
cmp_01074,coding,Pulse,1
cmp_01074,coding,Zenith,0
cmp_00469,coding,Astra,1
cmp_00469,coding,Nova,0
cmp_01226,coding,Zenith,1
cmp_01226,coding,Nimbus,0
cmp_01032,coding,Pulse,0
cmp_01032,coding,Zenith,1
cmp_03168,reasoning,Astra,1
cmp_03168,reasoning,Zenith,0
cmp_00947,coding,Nova,1
cmp_00947,coding,Nimbus,0
cmp_01829,math,Astra,1
cmp_01829,math,Pulse,0
cmp_04149,safety,Orion,1
cmp_04149,safety,Nimbus,0
cmp_00273,coding,Orion,1
cmp_00273,coding,Zenith,0
cmp_02557,reasoning,Orion,0
cmp_02557,reasoning,Astra,1
cmp_02495,math,Zenith,1
cmp_02495,math,Nimbus,0
cmp_02824,reasoning,Orion,0
cmp_02824,reasoning,Zenith,1
cmp_00741,coding,Astra,1
cmp_00741,coding,Nimbus,0
cmp_03982,safety,Orion,0
cmp_03982,safety,Pulse,1
cmp_00656,coding,Astra,1
cmp_00656,coding,Zenith,0
cmp_01213,coding,Zenith,1
cmp_01213,coding,Nimbus,0
cmp_01818,math,Astra,0
cmp_01818,math,Pulse,1
cmp_03505,reasoning,Nova,0
cmp_03505,reasoning,Nimbus,1
cmp_03403,reasoning,Nova,0
cmp_03403,reasoning,Zenith,1
cmp_00390,coding,Orion,1
cmp_00390,coding,Nimbus,0
cmp_00543,coding,Astra,1
cmp_00543,coding,Pulse,0
cmp_01933,math,Astra,1
cmp_01933,math,Nimbus,0
cmp_01661,math,Orion,0
cmp_01661,math,Nimbus,1
cmp_02578,reasoning,Orion,1
cmp_02578,reasoning,Astra,0
cmp_02487,math,Zenith,1
cmp_02487,math,Nimbus,0
cmp_04712,safety,Nova,1
cmp_04712,safety,Nimbus,0
cmp_04574,safety,Nova,1
cmp_04574,safety,Pulse,0
cmp_03809,safety,Orion,0
cmp_03809,safety,Astra,1
cmp_02194,math,Nova,1
cmp_02194,math,Nimbus,0
cmp_00412,coding,Orion,1
cmp_00412,coding,Nimbus,0
cmp_00885,coding,Nova,1
cmp_00885,coding,Zenith,0
cmp_04456,safety,Astra,1
cmp_04456,safety,Nimbus,0
cmp_02511,math,Zenith,1
cmp_02511,math,Nimbus,0
cmp_00975,coding,Nova,1
cmp_00975,coding,Nimbus,0
cmp_02501,math,Zenith,0
cmp_02501,math,Nimbus,1
cmp_04529,safety,Astra,1
cmp_04529,safety,Nimbus,0
cmp_04041,safety,Orion,1
cmp_04041,safety,Zenith,0
cmp_00814,coding,Nova,1
cmp_00814,coding,Pulse,0
cmp_03816,safety,Orion,1
cmp_03816,safety,Astra,0
cmp_00508,coding,Astra,1
cmp_00508,coding,Pulse,0
cmp_04037,safety,Orion,1
cmp_04037,safety,Zenith,0
cmp_01908,math,Astra,1
cmp_01908,math,Zenith,0
cmp_02311,math,Pulse,1
cmp_02311,math,Zenith,0
cmp_02544,reasoning,Orion,0
cmp_02544,reasoning,Astra,1
cmp_02915,reasoning,Orion,0
cmp_02915,reasoning,Nimbus,1
cmp_00673,coding,Astra,1
cmp_00673,coding,Nimbus,0
cmp_01879,math,Astra,0
cmp_01879,math,Zenith,1
cmp_03830,safety,Orion,1
cmp_03830,safety,Astra,0
cmp_01502,math,Orion,1
cmp_01502,math,Pulse,0
cmp_03910,safety,Orion,1
cmp_03910,safety,Nova,0
cmp_02717,reasoning,Orion,1
cmp_02717,reasoning,Pulse,0
cmp_04038,safety,Orion,1
cmp_04038,safety,Zenith,0
cmp_00828,coding,Nova,0
cmp_00828,coding,Pulse,1
cmp_02135,math,Nova,0
cmp_02135,math,Zenith,1
cmp_03852,safety,Orion,1
cmp_03852,safety,Astra,0
cmp_01094,coding,Pulse,1
cmp_01094,coding,Nimbus,0
cmp_02852,reasoning,Orion,1
cmp_02852,reasoning,Zenith,0
cmp_02255,math,Nova,1
cmp_02255,math,Nimbus,0
cmp_04361,safety,Astra,0
cmp_04361,safety,Pulse,1
cmp_03849,safety,Orion,0
cmp_03849,safety,Astra,1
cmp_02058,math,Nova,0
cmp_02058,math,Pulse,1
cmp_02811,reasoning,Orion,1
cmp_02811,reasoning,Zenith,0
cmp_00399,coding,Orion,1
cmp_00399,coding,Nimbus,0
cmp_04106,safety,Orion,1
cmp_04106,safety,Zenith,0
cmp_04767,safety,Nova,0
cmp_04767,safety,Nimbus,1
cmp_03883,safety,Orion,1
cmp_03883,safety,Nova,0
cmp_00642,coding,Astra,1
cmp_00642,coding,Zenith,0
cmp_01168,coding,Pulse,0
cmp_01168,coding,Nimbus,1
cmp_03892,safety,Orion,1
cmp_03892,safety,Nova,0
cmp_02086,math,Nova,0
cmp_02086,math,Pulse,1
cmp_03916,safety,Orion,0
cmp_03916,safety,Nova,1
cmp_03015,reasoning,Astra,0
cmp_03015,reasoning,Nova,1
cmp_01896,math,Astra,0
cmp_01896,math,Zenith,1
cmp_03245,reasoning,Astra,1
cmp_03245,reasoning,Nimbus,0
cmp_03747,reasoning,Zenith,0
cmp_03747,reasoning,Nimbus,1
cmp_02563,reasoning,Orion,1
cmp_02563,reasoning,Astra,0
cmp_00571,coding,Astra,0
cmp_00571,coding,Pulse,1
cmp_03151,reasoning,Astra,1
cmp_03151,reasoning,Zenith,0
cmp_00984,coding,Nova,0
cmp_00984,coding,Nimbus,1
cmp_02709,reasoning,Orion,1
cmp_02709,reasoning,Pulse,0
cmp_01127,coding,Pulse,0
cmp_01127,coding,Nimbus,1
cmp_03059,reasoning,Astra,1
cmp_03059,reasoning,Pulse,0
cmp_00933,coding,Nova,0
cmp_00933,coding,Nimbus,1
cmp_01830,math,Astra,1
cmp_01830,math,Pulse,0
cmp_01493,math,Orion,1
cmp_01493,math,Pulse,0
cmp_04074,safety,Orion,0
cmp_04074,safety,Zenith,1
cmp_03049,reasoning,Astra,0
cmp_03049,reasoning,Pulse,1
cmp_00610,coding,Astra,1
cmp_00610,coding,Zenith,0
cmp_03081,reasoning,Astra,0
cmp_03081,reasoning,Pulse,1
cmp_00787,coding,Nova,1
cmp_00787,coding,Pulse,0
cmp_02807,reasoning,Orion,1
cmp_02807,reasoning,Zenith,0
cmp_02982,reasoning,Astra,0
cmp_02982,reasoning,Nova,1
cmp_03906,safety,Orion,1
cmp_03906,safety,Nova,0
cmp_01231,coding,Zenith,1
cmp_01231,coding,Nimbus,0
cmp_03724,reasoning,Zenith,1
cmp_03724,reasoning,Nimbus,0
cmp_03591,reasoning,Pulse,0
cmp_03591,reasoning,Zenith,1
cmp_02218,math,Nova,1
cmp_02218,math,Nimbus,0
cmp_03666,reasoning,Pulse,1
cmp_03666,reasoning,Nimbus,0
cmp_04932,safety,Pulse,1
cmp_04932,safety,Nimbus,0
cmp_04495,safety,Astra,1
cmp_04495,safety,Nimbus,0
cmp_03400,reasoning,Nova,1
cmp_03400,reasoning,Zenith,0
cmp_02387,math,Pulse,0
cmp_02387,math,Nimbus,1
cmp_01527,math,Orion,1
cmp_01527,math,Zenith,0
cmp_01445,math,Orion,1
cmp_01445,math,Pulse,0
cmp_01838,math,Astra,1
cmp_01838,math,Pulse,0
cmp_04727,safety,Nova,1
cmp_04727,safety,Nimbus,0
cmp_04921,safety,Pulse,1
cmp_04921,safety,Nimbus,0
cmp_03674,reasoning,Pulse,1
cmp_03674,reasoning,Nimbus,0
cmp_04800,safety,Pulse,0
cmp_04800,safety,Zenith,1
cmp_01864,math,Astra,1
cmp_01864,math,Zenith,0
cmp_04925,safety,Pulse,0
cmp_04925,safety,Nimbus,1
cmp_01783,math,Astra,1
cmp_01783,math,Pulse,0
cmp_03446,reasoning,Nova,1
cmp_03446,reasoning,Nimbus,0
cmp_02836,reasoning,Orion,1
cmp_02836,reasoning,Zenith,0
cmp_04994,safety,Zenith,1
cmp_04994,safety,Nimbus,0
cmp_01531,math,Orion,1
cmp_01531,math,Zenith,0
cmp_02046,math,Nova,1
cmp_02046,math,Pulse,0
cmp_03466,reasoning,Nova,1
cmp_03466,reasoning,Nimbus,0
cmp_03233,reasoning,Astra,1
cmp_03233,reasoning,Nimbus,0
cmp_04542,safety,Nova,0
cmp_04542,safety,Pulse,1
cmp_01417,math,Orion,1
cmp_01417,math,Nova,0
cmp_00036,coding,Orion,0
cmp_00036,coding,Astra,1
cmp_04635,safety,Nova,1
cmp_04635,safety,Zenith,0
cmp_01042,coding,Pulse,0
cmp_01042,coding,Zenith,1
cmp_04575,safety,Nova,0
cmp_04575,safety,Pulse,1
cmp_01581,math,Orion,1
cmp_01581,math,Zenith,0
cmp_02271,math,Pulse,0
cmp_02271,math,Zenith,1
cmp_01905,math,Astra,1
cmp_01905,math,Zenith,0
cmp_02943,reasoning,Astra,0
cmp_02943,reasoning,Nova,1
cmp_02706,reasoning,Orion,1
cmp_02706,reasoning,Pulse,0
cmp_04263,safety,Astra,1
cmp_04263,safety,Nova,0
cmp_01539,math,Orion,1
cmp_01539,math,Zenith,0
cmp_00384,coding,Orion,0
cmp_00384,coding,Nimbus,1
cmp_00992,coding,Nova,1
cmp_00992,coding,Nimbus,0
cmp_02023,math,Nova,1
cmp_02023,math,Pulse,0
cmp_03267,reasoning,Astra,0
cmp_03267,reasoning,Nimbus,1
cmp_00841,coding,Nova,0
cmp_00841,coding,Zenith,1
cmp_02857,reasoning,Orion,1
cmp_02857,reasoning,Nimbus,0
cmp_04704,safety,Nova,1
cmp_04704,safety,Zenith,0
cmp_00280,coding,Orion,1
cmp_00280,coding,Zenith,0
cmp_03092,reasoning,Astra,0
cmp_03092,reasoning,Pulse,1
cmp_02758,reasoning,Orion,0
cmp_02758,reasoning,Pulse,1
cmp_03596,reasoning,Pulse,1
cmp_03596,reasoning,Zenith,0
cmp_03471,reasoning,Nova,1
cmp_03471,reasoning,Nimbus,0
cmp_04898,safety,Pulse,1
cmp_04898,safety,Nimbus,0
cmp_04968,safety,Zenith,0
cmp_04968,safety,Nimbus,1
cmp_03014,reasoning,Astra,0
cmp_03014,reasoning,Nova,1
cmp_03288,reasoning,Nova,1
cmp_03288,reasoning,Pulse,0
cmp_04331,safety,Astra,0
cmp_04331,safety,Pulse,1
cmp_02082,math,Nova,1
cmp_02082,math,Pulse,0
cmp_00979,coding,Nova,0
cmp_00979,coding,Nimbus,1
cmp_03325,reasoning,Nova,0
cmp_03325,reasoning,Pulse,1
cmp_05008,safety,Zenith,1
cmp_05008,safety,Nimbus,0
cmp_03716,reasoning,Zenith,1
cmp_03716,reasoning,Nimbus,0
cmp_03810,safety,Orion,0
cmp_03810,safety,Astra,1
cmp_04546,safety,Nova,0
cmp_04546,safety,Pulse,1
cmp_00206,coding,Orion,0
cmp_00206,coding,Pulse,1
cmp_01084,coding,Pulse,1
cmp_01084,coding,Zenith,0
cmp_00967,coding,Nova,1
cmp_00967,coding,Nimbus,0
cmp_04969,safety,Zenith,1
cmp_04969,safety,Nimbus,0
cmp_04400,safety,Astra,1
cmp_04400,safety,Zenith,0
cmp_04426,safety,Astra,1
cmp_04426,safety,Zenith,0
cmp_01568,math,Orion,1
cmp_01568,math,Zenith,0
cmp_04609,safety,Nova,0
cmp_04609,safety,Pulse,1
cmp_01723,math,Astra,1
cmp_01723,math,Nova,0
cmp_04580,safety,Nova,0
cmp_04580,safety,Pulse,1
cmp_03626,reasoning,Pulse,0
cmp_03626,reasoning,Nimbus,1
cmp_03698,reasoning,Zenith,0
cmp_03698,reasoning,Nimbus,1
cmp_04895,safety,Pulse,1
cmp_04895,safety,Nimbus,0
cmp_00407,coding,Orion,1
cmp_00407,coding,Nimbus,0
cmp_02623,reasoning,Orion,1
cmp_02623,reasoning,Nova,0
cmp_02628,reasoning,Orion,1
cmp_02628,reasoning,Nova,0
cmp_01706,math,Astra,1
cmp_01706,math,Nova,0
cmp_04672,safety,Nova,0
cmp_04672,safety,Zenith,1
cmp_01371,math,Orion,0
cmp_01371,math,Nova,1
cmp_04656,safety,Nova,1
cmp_04656,safety,Zenith,0
cmp_02283,math,Pulse,0
cmp_02283,math,Zenith,1
cmp_00205,coding,Orion,0
cmp_00205,coding,Pulse,1
cmp_04223,safety,Astra,1
cmp_04223,safety,Nova,0
cmp_00460,coding,Astra,0
cmp_00460,coding,Nova,1
cmp_02699,reasoning,Orion,1
cmp_02699,reasoning,Pulse,0
cmp_00362,coding,Orion,1
cmp_00362,coding,Nimbus,0
cmp_01486,math,Orion,0
cmp_01486,math,Pulse,1
cmp_00359,coding,Orion,1
cmp_00359,coding,Nimbus,0
cmp_00305,coding,Orion,1
cmp_00305,coding,Zenith,0
cmp_02916,reasoning,Orion,1
cmp_02916,reasoning,Nimbus,0
cmp_03189,reasoning,Astra,1
cmp_03189,reasoning,Zenith,0
cmp_02792,reasoning,Orion,1
cmp_02792,reasoning,Zenith,0
cmp_03472,reasoning,Nova,1
cmp_03472,reasoning,Nimbus,0
cmp_02357,math,Pulse,1
cmp_02357,math,Nimbus,0
cmp_02474,math,Zenith,1
cmp_02474,math,Nimbus,0
cmp_01934,math,Astra,1
cmp_01934,math,Nimbus,0
cmp_02680,reasoning,Orion,0
cmp_02680,reasoning,Nova,1
cmp_02083,math,Nova,1
cmp_02083,math,Pulse,0
cmp_02827,reasoning,Orion,0
cmp_02827,reasoning,Zenith,1
cmp_04200,safety,Orion,0
cmp_04200,safety,Nimbus,1
cmp_00527,coding,Astra,1
cmp_00527,coding,Pulse,0
cmp_04174,safety,Orion,1
cmp_04174,safety,Nimbus,0
cmp_00982,coding,Nova,1
cmp_00982,coding,Nimbus,0
cmp_01878,math,Astra,0
cmp_01878,math,Zenith,1
cmp_04991,safety,Zenith,0
cmp_04991,safety,Nimbus,1
cmp_04346,safety,Astra,0
cmp_04346,safety,Pulse,1
cmp_04742,safety,Nova,1
cmp_04742,safety,Nimbus,0
cmp_01956,math,Astra,1
cmp_01956,math,Nimbus,0
cmp_00649,coding,Astra,0
cmp_00649,coding,Zenith,1
cmp_02309,math,Pulse,0
cmp_02309,math,Zenith,1
cmp_01725,math,Astra,1
cmp_01725,math,Nova,0
cmp_03266,reasoning,Astra,1
cmp_03266,reasoning,Nimbus,0
cmp_00943,coding,Nova,1
cmp_00943,coding,Nimbus,0
cmp_01096,coding,Pulse,1
cmp_01096,coding,Nimbus,0
cmp_00419,coding,Orion,0
cmp_00419,coding,Nimbus,1
cmp_00013,coding,Orion,1
cmp_00013,coding,Astra,0
cmp_01474,math,Orion,1
cmp_01474,math,Pulse,0
cmp_04070,safety,Orion,1
cmp_04070,safety,Zenith,0
cmp_04889,safety,Pulse,1
cmp_04889,safety,Nimbus,0
cmp_03783,safety,Orion,0
cmp_03783,safety,Astra,1
cmp_00896,coding,Nova,0
cmp_00896,coding,Zenith,1
cmp_00383,coding,Orion,1
cmp_00383,coding,Nimbus,0
cmp_04365,safety,Astra,1
cmp_04365,safety,Pulse,0
cmp_02113,math,Nova,1
cmp_02113,math,Zenith,0
cmp_01716,math,Astra,1
cmp_01716,math,Nova,0
cmp_01002,coding,Nova,0
cmp_01002,coding,Nimbus,1
cmp_00717,coding,Astra,1
cmp_00717,coding,Nimbus,0
cmp_01011,coding,Pulse,0
cmp_01011,coding,Zenith,1
cmp_02643,reasoning,Orion,1
cmp_02643,reasoning,Nova,0
cmp_03556,reasoning,Pulse,1
cmp_03556,reasoning,Zenith,0
cmp_01498,math,Orion,1
cmp_01498,math,Pulse,0
cmp_04432,safety,Astra,1
cmp_04432,safety,Zenith,0
cmp_03807,safety,Orion,1
cmp_03807,safety,Astra,0
cmp_02919,reasoning,Orion,0
cmp_02919,reasoning,Nimbus,1
cmp_01646,math,Orion,1
cmp_01646,math,Nimbus,0
cmp_03521,reasoning,Nova,1
cmp_03521,reasoning,Nimbus,0
cmp_04035,safety,Orion,1
cmp_04035,safety,Zenith,0
cmp_02619,reasoning,Orion,1
cmp_02619,reasoning,Nova,0
cmp_04881,safety,Pulse,1
cmp_04881,safety,Nimbus,0
cmp_01078,coding,Pulse,0
cmp_01078,coding,Zenith,1
cmp_02922,reasoning,Orion,1
cmp_02922,reasoning,Nimbus,0
cmp_04470,safety,Astra,1
cmp_04470,safety,Nimbus,0
cmp_01526,math,Orion,0
cmp_01526,math,Zenith,1
cmp_03020,reasoning,Astra,0
cmp_03020,reasoning,Nova,1
cmp_03333,reasoning,Nova,1
cmp_03333,reasoning,Pulse,0
cmp_04781,safety,Nova,1
cmp_04781,safety,Nimbus,0
cmp_01547,math,Orion,1
cmp_01547,math,Zenith,0
cmp_04998,safety,Zenith,0
cmp_04998,safety,Nimbus,1
cmp_04373,safety,Astra,0
cmp_04373,safety,Zenith,1
cmp_03547,reasoning,Pulse,1
cmp_03547,reasoning,Zenith,0
cmp_01423,math,Orion,0
cmp_01423,math,Nova,1
cmp_04771,safety,Nova,1
cmp_04771,safety,Nimbus,0
cmp_04114,safety,Orion,1
cmp_04114,safety,Zenith,0
cmp_02274,math,Pulse,0
cmp_02274,math,Zenith,1
cmp_02931,reasoning,Orion,1
cmp_02931,reasoning,Nimbus,0
cmp_01892,math,Astra,1
cmp_01892,math,Zenith,0
cmp_00373,coding,Orion,1
cmp_00373,coding,Nimbus,0
cmp_02911,reasoning,Orion,1
cmp_02911,reasoning,Nimbus,0
cmp_04310,safety,Astra,1
cmp_04310,safety,Pulse,0
cmp_04218,safety,Astra,0
cmp_04218,safety,Nova,1
cmp_03647,reasoning,Pulse,0
cmp_03647,reasoning,Nimbus,1
cmp_00774,coding,Nova,1
cmp_00774,coding,Pulse,0
cmp_04725,safety,Nova,1
cmp_04725,safety,Nimbus,0
cmp_00935,coding,Nova,0
cmp_00935,coding,Nimbus,1
cmp_03682,reasoning,Pulse,1
cmp_03682,reasoning,Nimbus,0
cmp_01873,math,Astra,1
cmp_01873,math,Zenith,0
cmp_04745,safety,Nova,1
cmp_04745,safety,Nimbus,0
cmp_04587,safety,Nova,0
cmp_04587,safety,Pulse,1
cmp_01000,coding,Nova,1
cmp_01000,coding,Nimbus,0
cmp_01875,math,Astra,0
cmp_01875,math,Zenith,1
cmp_04176,safety,Orion,1
cmp_04176,safety,Nimbus,0
cmp_01090,coding,Pulse,0
cmp_01090,coding,Zenith,1
cmp_03211,reasoning,Astra,1
cmp_03211,reasoning,Nimbus,0
cmp_01019,coding,Pulse,0
cmp_01019,coding,Zenith,1
cmp_00822,coding,Nova,1
cmp_00822,coding,Pulse,0
cmp_01367,math,Orion,0
cmp_01367,math,Nova,1
cmp_02664,reasoning,Orion,0
cmp_02664,reasoning,Nova,1
cmp_04404,safety,Astra,1
cmp_04404,safety,Zenith,0
cmp_05007,safety,Zenith,0
cmp_05007,safety,Nimbus,1
cmp_00235,coding,Orion,0
cmp_00235,coding,Pulse,1
cmp_02490,math,Zenith,0
cmp_02490,math,Nimbus,1
cmp_03673,reasoning,Pulse,1
cmp_03673,reasoning,Nimbus,0
cmp_04949,safety,Pulse,1
cmp_04949,safety,Nimbus,0
cmp_05006,safety,Zenith,1
cmp_05006,safety,Nimbus,0
cmp_00653,coding,Astra,1
cmp_00653,coding,Zenith,0
cmp_04503,safety,Astra,0
cmp_04503,safety,Nimbus,1
cmp_04705,safety,Nova,1
cmp_04705,safety,Nimbus,0
cmp_04214,safety,Astra,1
cmp_04214,safety,Nova,0
cmp_01097,coding,Pulse,1
cmp_01097,coding,Nimbus,0
cmp_00684,coding,Astra,1
cmp_00684,coding,Nimbus,0
cmp_02341,math,Pulse,0
cmp_02341,math,Zenith,1
cmp_00307,coding,Orion,1
cmp_00307,coding,Zenith,0
cmp_01698,math,Astra,1
cmp_01698,math,Nova,0
cmp_04518,safety,Astra,1
cmp_04518,safety,Nimbus,0
cmp_00354,coding,Orion,1
cmp_00354,coding,Nimbus,0
cmp_00311,coding,Orion,1
cmp_00311,coding,Zenith,0
cmp_04236,safety,Astra,0
cmp_04236,safety,Nova,1
cmp_00138,coding,Orion,0
cmp_00138,coding,Nova,1
cmp_00873,coding,Nova,0
cmp_00873,coding,Zenith,1
cmp_03386,reasoning,Nova,1
cmp_03386,reasoning,Zenith,0
cmp_03001,reasoning,Astra,1
cmp_03001,reasoning,Nova,0
cmp_02998,reasoning,Astra,0
cmp_02998,reasoning,Nova,1
cmp_00602,coding,Astra,0
cmp_00602,coding,Zenith,1
cmp_02538,reasoning,Orion,0
cmp_02538,reasoning,Astra,1
cmp_04313,safety,Astra,1
cmp_04313,safety,Pulse,0
cmp_01057,coding,Pulse,0
cmp_01057,coding,Zenith,1
cmp_02499,math,Zenith,0
cmp_02499,math,Nimbus,1
cmp_04188,safety,Orion,1
cmp_04188,safety,Nimbus,0
cmp_02275,math,Pulse,0
cmp_02275,math,Zenith,1
cmp_03664,reasoning,Pulse,1
cmp_03664,reasoning,Nimbus,0
cmp_04547,safety,Nova,0
cmp_04547,safety,Pulse,1
cmp_03947,safety,Orion,1
cmp_03947,safety,Nova,0
cmp_00445,coding,Astra,0
cmp_00445,coding,Nova,1
cmp_03531,reasoning,Pulse,1
cmp_03531,reasoning,Zenith,0
cmp_01336,math,Orion,1
cmp_01336,math,Astra,0
cmp_01846,math,Astra,0
cmp_01846,math,Pulse,1
cmp_01820,math,Astra,1
cmp_01820,math,Pulse,0
cmp_02817,reasoning,Orion,1
cmp_02817,reasoning,Zenith,0
cmp_00287,coding,Orion,1
cmp_00287,coding,Zenith,0
cmp_03582,reasoning,Pulse,0
cmp_03582,reasoning,Zenith,1
cmp_01235,coding,Zenith,1
cmp_01235,coding,Nimbus,0
cmp_04980,safety,Zenith,1
cmp_04980,safety,Nimbus,0
cmp_03224,reasoning,Astra,1
cmp_03224,reasoning,Nimbus,0
cmp_01337,math,Orion,1
cmp_01337,math,Astra,0
cmp_00038,coding,Orion,1
cmp_00038,coding,Astra,0
cmp_02200,math,Nova,1
cmp_02200,math,Nimbus,0
cmp_01482,math,Orion,1
cmp_01482,math,Pulse,0
cmp_04064,safety,Orion,0
cmp_04064,safety,Zenith,1
cmp_00525,coding,Astra,1
cmp_00525,coding,Pulse,0
cmp_03794,safety,Orion,1
cmp_03794,safety,Astra,0
cmp_01702,math,Astra,1
cmp_01702,math,Nova,0
cmp_04180,safety,Orion,0
cmp_04180,safety,Nimbus,1
cmp_01288,math,Orion,1
cmp_01288,math,Astra,0
cmp_00504,coding,Astra,1
cmp_00504,coding,Nova,0
cmp_00204,coding,Orion,1
cmp_00204,coding,Pulse,0
cmp_02568,reasoning,Orion,1
cmp_02568,reasoning,Astra,0
cmp_01619,math,Orion,1
cmp_01619,math,Nimbus,0
cmp_01441,math,Orion,1
cmp_01441,math,Pulse,0
cmp_01064,coding,Pulse,1
cmp_01064,coding,Zenith,0
cmp_03850,safety,Orion,0
cmp_03850,safety,Astra,1
cmp_01289,math,Orion,1
cmp_01289,math,Astra,0
cmp_00633,coding,Astra,1
cmp_00633,coding,Zenith,0
cmp_02382,math,Pulse,1
cmp_02382,math,Nimbus,0
cmp_03309,reasoning,Nova,1
cmp_03309,reasoning,Pulse,0
cmp_03114,reasoning,Astra,0
cmp_03114,reasoning,Zenith,1
cmp_02766,reasoning,Orion,1
cmp_02766,reasoning,Pulse,0
cmp_03863,safety,Orion,1
cmp_03863,safety,Astra,0
cmp_03514,reasoning,Nova,1
cmp_03514,reasoning,Nimbus,0
cmp_00980,coding,Nova,1
cmp_00980,coding,Nimbus,0
cmp_04343,safety,Astra,1
cmp_04343,safety,Pulse,0
cmp_05010,safety,Zenith,0
cmp_05010,safety,Nimbus,1
cmp_01121,coding,Pulse,0
cmp_01121,coding,Nimbus,1
cmp_00226,coding,Orion,1
cmp_00226,coding,Pulse,0
cmp_02799,reasoning,Orion,1
cmp_02799,reasoning,Zenith,0
cmp_01159,coding,Pulse,0
cmp_01159,coding,Nimbus,1
cmp_01177,coding,Zenith,1
cmp_01177,coding,Nimbus,0
cmp_02347,math,Pulse,1
cmp_02347,math,Zenith,0
cmp_04559,safety,Nova,0
cmp_04559,safety,Pulse,1
cmp_03927,safety,Orion,0
cmp_03927,safety,Nova,1
cmp_01761,math,Astra,0
cmp_01761,math,Nova,1
cmp_01620,math,Orion,0
cmp_01620,math,Nimbus,1
cmp_00518,coding,Astra,1
cmp_00518,coding,Pulse,0
cmp_01708,math,Astra,1
cmp_01708,math,Nova,0
cmp_05035,safety,Zenith,1
cmp_05035,safety,Nimbus,0
cmp_01775,math,Astra,1
cmp_01775,math,Pulse,0
cmp_01135,coding,Pulse,0
cmp_01135,coding,Nimbus,1
cmp_01920,math,Astra,1
cmp_01920,math,Zenith,0
cmp_03181,reasoning,Astra,1
cmp_03181,reasoning,Zenith,0
cmp_02138,math,Nova,0
cmp_02138,math,Zenith,1
cmp_01575,math,Orion,1
cmp_01575,math,Zenith,0
cmp_01992,math,Astra,1
cmp_01992,math,Nimbus,0
cmp_00942,coding,Nova,0
cmp_00942,coding,Nimbus,1
cmp_03186,reasoning,Astra,1
cmp_03186,reasoning,Zenith,0
cmp_03691,reasoning,Pulse,1
cmp_03691,reasoning,Nimbus,0
cmp_00960,coding,Nova,1
cmp_00960,coding,Nimbus,0
cmp_00332,coding,Orion,1
cmp_00332,coding,Zenith,0
cmp_04650,safety,Nova,0
cmp_04650,safety,Zenith,1
cmp_04517,safety,Astra,1
cmp_04517,safety,Nimbus,0
cmp_02907,reasoning,Orion,1
cmp_02907,reasoning,Nimbus,0
cmp_00964,coding,Nova,1
cmp_00964,coding,Nimbus,0
cmp_03369,reasoning,Nova,1
cmp_03369,reasoning,Zenith,0
cmp_02543,reasoning,Orion,1
cmp_02543,reasoning,Astra,0
cmp_01589,math,Orion,1
cmp_01589,math,Zenith,0
cmp_01855,math,Astra,1
cmp_01855,math,Zenith,0
cmp_03154,reasoning,Astra,1
cmp_03154,reasoning,Zenith,0
cmp_04685,safety,Nova,1
cmp_04685,safety,Zenith,0
cmp_04341,safety,Astra,1
cmp_04341,safety,Pulse,0
cmp_03286,reasoning,Nova,0
cmp_03286,reasoning,Pulse,1
cmp_00046,coding,Orion,0
cmp_00046,coding,Astra,1
cmp_00274,coding,Orion,1
cmp_00274,coding,Zenith,0
cmp_03005,reasoning,Astra,0
cmp_03005,reasoning,Nova,1
cmp_03970,safety,Orion,0
cmp_03970,safety,Pulse,1
cmp_04856,safety,Pulse,0
cmp_04856,safety,Zenith,1
cmp_00989,coding,Nova,0
cmp_00989,coding,Nimbus,1
cmp_05014,safety,Zenith,1
cmp_05014,safety,Nimbus,0
cmp_03564,reasoning,Pulse,0
cmp_03564,reasoning,Zenith,1
cmp_04468,safety,Astra,1
cmp_04468,safety,Nimbus,0
cmp_00808,coding,Nova,1
cmp_00808,coding,Pulse,0
cmp_00969,coding,Nova,1
cmp_00969,coding,Nimbus,0
cmp_00376,coding,Orion,1
cmp_00376,coding,Nimbus,0
cmp_01043,coding,Pulse,1
cmp_01043,coding,Zenith,0
cmp_04154,safety,Orion,1
cmp_04154,safety,Nimbus,0
cmp_03981,safety,Orion,1
cmp_03981,safety,Pulse,0
cmp_04278,safety,Astra,1
cmp_04278,safety,Nova,0
cmp_00827,coding,Nova,1
cmp_00827,coding,Pulse,0
cmp_02129,math,Nova,1
cmp_02129,math,Zenith,0
cmp_04125,safety,Orion,0
cmp_04125,safety,Nimbus,1
cmp_00561,coding,Astra,1
cmp_00561,coding,Pulse,0
cmp_03612,reasoning,Pulse,0
cmp_03612,reasoning,Zenith,1
cmp_03223,reasoning,Astra,1
cmp_03223,reasoning,Nimbus,0
cmp_01639,math,Orion,1
cmp_01639,math,Nimbus,0
cmp_02981,reasoning,Astra,1
cmp_02981,reasoning,Nova,0
cmp_02745,reasoning,Orion,1
cmp_02745,reasoning,Pulse,0
cmp_03857,safety,Orion,0
cmp_03857,safety,Astra,1
cmp_01188,coding,Zenith,1
cmp_01188,coding,Nimbus,0
cmp_01275,math,Orion,1
cmp_01275,math,Astra,0
cmp_04088,safety,Orion,1
cmp_04088,safety,Zenith,0
cmp_01134,coding,Pulse,1
cmp_01134,coding,Nimbus,0
cmp_04085,safety,Orion,1
cmp_04085,safety,Zenith,0
cmp_00548,coding,Astra,0
cmp_00548,coding,Pulse,1
cmp_00060,coding,Orion,0
cmp_00060,coding,Astra,1
cmp_03955,safety,Orion,1
cmp_03955,safety,Pulse,0
cmp_02225,math,Nova,0
cmp_02225,math,Nimbus,1
cmp_02087,math,Nova,1
cmp_02087,math,Pulse,0
cmp_02288,math,Pulse,1
cmp_02288,math,Zenith,0
cmp_01787,math,Astra,1
cmp_01787,math,Pulse,0
cmp_04872,safety,Pulse,1
cmp_04872,safety,Zenith,0
cmp_01075,coding,Pulse,1
cmp_01075,coding,Zenith,0
cmp_00044,coding,Orion,1
cmp_00044,coding,Astra,0
cmp_01957,math,Astra,1
cmp_01957,math,Nimbus,0
cmp_00700,coding,Astra,1
cmp_00700,coding,Nimbus,0
cmp_04599,safety,Nova,1
cmp_04599,safety,Pulse,0
cmp_05003,safety,Zenith,1
cmp_05003,safety,Nimbus,0
cmp_02564,reasoning,Orion,0
cmp_02564,reasoning,Astra,1
cmp_02832,reasoning,Orion,1
cmp_02832,reasoning,Zenith,0
cmp_03806,safety,Orion,1
cmp_03806,safety,Astra,0
cmp_04677,safety,Nova,1
cmp_04677,safety,Zenith,0
cmp_02464,math,Zenith,1
cmp_02464,math,Nimbus,0
cmp_03157,reasoning,Astra,0
cmp_03157,reasoning,Zenith,1
cmp_04099,safety,Orion,0
cmp_04099,safety,Zenith,1
cmp_01509,math,Orion,0
cmp_01509,math,Pulse,1
cmp_04147,safety,Orion,0
cmp_04147,safety,Nimbus,1
cmp_02980,reasoning,Astra,1
cmp_02980,reasoning,Nova,0
cmp_04613,safety,Nova,0
cmp_04613,safety,Pulse,1
cmp_03548,reasoning,Pulse,1
cmp_03548,reasoning,Zenith,0
cmp_04625,safety,Nova,1
cmp_04625,safety,Zenith,0
cmp_00694,coding,Astra,0
cmp_00694,coding,Nimbus,1
cmp_01869,math,Astra,0
cmp_01869,math,Zenith,1
cmp_00433,coding,Astra,0
cmp_00433,coding,Nova,1
cmp_01796,math,Astra,1
cmp_01796,math,Pulse,0
cmp_02101,math,Nova,1
cmp_02101,math,Zenith,0
cmp_03891,safety,Orion,0
cmp_03891,safety,Nova,1
cmp_00401,coding,Orion,1
cmp_00401,coding,Nimbus,0
cmp_03076,reasoning,Astra,1
cmp_03076,reasoning,Pulse,0
cmp_02798,reasoning,Orion,0
cmp_02798,reasoning,Zenith,1
cmp_02195,math,Nova,0
cmp_02195,math,Nimbus,1
cmp_01242,coding,Zenith,1
cmp_01242,coding,Nimbus,0
cmp_04845,safety,Pulse,1
cmp_04845,safety,Zenith,0
cmp_04021,safety,Orion,1
cmp_04021,safety,Pulse,0
cmp_02634,reasoning,Orion,0
cmp_02634,reasoning,Nova,1
cmp_00951,coding,Nova,1
cmp_00951,coding,Nimbus,0
cmp_00241,coding,Orion,0
cmp_00241,coding,Pulse,1
cmp_04744,safety,Nova,1
cmp_04744,safety,Nimbus,0
cmp_00983,coding,Nova,1
cmp_00983,coding,Nimbus,0
cmp_01642,math,Orion,1
cmp_01642,math,Nimbus,0
cmp_01219,coding,Zenith,1
cmp_01219,coding,Nimbus,0
cmp_02779,reasoning,Orion,1
cmp_02779,reasoning,Zenith,0
cmp_00765,coding,Nova,1
cmp_00765,coding,Pulse,0
cmp_01411,math,Orion,1
cmp_01411,math,Nova,0
cmp_02768,reasoning,Orion,1
cmp_02768,reasoning,Pulse,0
cmp_04500,safety,Astra,0
cmp_04500,safety,Nimbus,1
cmp_03103,reasoning,Astra,1
cmp_03103,reasoning,Pulse,0
cmp_01451,math,Orion,1
cmp_01451,math,Pulse,0
cmp_03638,reasoning,Pulse,1
cmp_03638,reasoning,Nimbus,0
cmp_00856,coding,Nova,1
cmp_00856,coding,Zenith,0
cmp_04145,safety,Orion,1
cmp_04145,safety,Nimbus,0
cmp_01205,coding,Zenith,0
cmp_01205,coding,Nimbus,1
cmp_03773,reasoning,Zenith,0
cmp_03773,reasoning,Nimbus,1
cmp_00833,coding,Nova,1
cmp_00833,coding,Pulse,0
cmp_03077,reasoning,Astra,1
cmp_03077,reasoning,Pulse,0
cmp_03858,safety,Orion,0
cmp_03858,safety,Astra,1
cmp_00143,coding,Orion,1
cmp_00143,coding,Nova,0
cmp_02409,math,Pulse,0
cmp_02409,math,Nimbus,1
cmp_01521,math,Orion,0
cmp_01521,math,Zenith,1
cmp_00351,coding,Orion,1
cmp_00351,coding,Nimbus,0
cmp_04065,safety,Orion,1
cmp_04065,safety,Zenith,0
cmp_01438,math,Orion,0
cmp_01438,math,Pulse,1
cmp_01645,math,Orion,1
cmp_01645,math,Nimbus,0
cmp_03936,safety,Orion,1
cmp_03936,safety,Nova,0
cmp_03541,reasoning,Pulse,0
cmp_03541,reasoning,Zenith,1
cmp_03615,reasoning,Pulse,1
cmp_03615,reasoning,Nimbus,0
cmp_00891,coding,Nova,0
cmp_00891,coding,Zenith,1
cmp_00490,coding,Astra,0
cmp_00490,coding,Nova,1
cmp_03613,reasoning,Pulse,1
cmp_03613,reasoning,Nimbus,0
cmp_01719,math,Astra,1
cmp_01719,math,Nova,0
cmp_01457,math,Orion,1
cmp_01457,math,Pulse,0
cmp_02278,math,Pulse,0
cmp_02278,math,Zenith,1
cmp_03602,reasoning,Pulse,0
cmp_03602,reasoning,Zenith,1
cmp_01027,coding,Pulse,1
cmp_01027,coding,Zenith,0
cmp_01069,coding,Pulse,0
cmp_01069,coding,Zenith,1
cmp_00475,coding,Astra,1
cmp_00475,coding,Nova,0
cmp_01139,coding,Pulse,0
cmp_01139,coding,Nimbus,1
cmp_01714,math,Astra,1
cmp_01714,math,Nova,0
cmp_03113,reasoning,Astra,0
cmp_03113,reasoning,Zenith,1
cmp_02785,reasoning,Orion,0
cmp_02785,reasoning,Zenith,1
cmp_02815,reasoning,Orion,1
cmp_02815,reasoning,Zenith,0
cmp_04281,safety,Astra,0
cmp_04281,safety,Nova,1
cmp_02775,reasoning,Orion,0
cmp_02775,reasoning,Zenith,1
cmp_02934,reasoning,Orion,1
cmp_02934,reasoning,Nimbus,0
cmp_01709,math,Astra,1
cmp_01709,math,Nova,0
cmp_00613,coding,Astra,1
cmp_00613,coding,Zenith,0
cmp_04719,safety,Nova,1
cmp_04719,safety,Nimbus,0
cmp_00844,coding,Nova,1
cmp_00844,coding,Zenith,0
cmp_00536,coding,Astra,1
cmp_00536,coding,Pulse,0
cmp_00707,coding,Astra,1
cmp_00707,coding,Nimbus,0
cmp_03920,safety,Orion,1
cmp_03920,safety,Nova,0
cmp_00629,coding,Astra,0
cmp_00629,coding,Zenith,1
cmp_04521,safety,Astra,1
cmp_04521,safety,Nimbus,0
cmp_02524,reasoning,Orion,1
cmp_02524,reasoning,Astra,0
cmp_04124,safety,Orion,0
cmp_04124,safety,Nimbus,1
cmp_00278,coding,Orion,1
cmp_00278,coding,Zenith,0
cmp_02261,math,Nova,1
cmp_02261,math,Nimbus,0
cmp_00069,coding,Orion,1
cmp_00069,coding,Astra,0
cmp_03763,reasoning,Zenith,1
cmp_03763,reasoning,Nimbus,0
cmp_01266,math,Orion,1
cmp_01266,math,Astra,0
cmp_04794,safety,Pulse,1
cmp_04794,safety,Zenith,0
cmp_04376,safety,Astra,0
cmp_04376,safety,Zenith,1
cmp_01877,math,Astra,1
cmp_01877,math,Zenith,0
cmp_01151,coding,Pulse,1
cmp_01151,coding,Nimbus,0
cmp_01047,coding,Pulse,1
cmp_01047,coding,Zenith,0
cmp_04003,safety,Orion,1
cmp_04003,safety,Pulse,0
cmp_00313,coding,Orion,0
cmp_00313,coding,Zenith,1
cmp_00043,coding,Orion,0
cmp_00043,coding,Astra,1
cmp_03939,safety,Orion,0
cmp_03939,safety,Nova,1
cmp_04973,safety,Zenith,0
cmp_04973,safety,Nimbus,1
cmp_04155,safety,Orion,1
cmp_04155,safety,Nimbus,0
cmp_01033,coding,Pulse,1
cmp_01033,coding,Zenith,0
cmp_04624,safety,Nova,0
cmp_04624,safety,Zenith,1
cmp_00131,coding,Orion,1
cmp_00131,coding,Nova,0
cmp_03148,reasoning,Astra,1
cmp_03148,reasoning,Zenith,0
cmp_02679,reasoning,Orion,1
cmp_02679,reasoning,Nova,0
cmp_04798,safety,Pulse,0
cmp_04798,safety,Zenith,1
cmp_01025,coding,Pulse,0
cmp_01025,coding,Zenith,1
cmp_04668,safety,Nova,1
cmp_04668,safety,Zenith,0
cmp_03926,safety,Orion,1
cmp_03926,safety,Nova,0
cmp_05022,safety,Zenith,0
cmp_05022,safety,Nimbus,1
cmp_03608,reasoning,Pulse,1
cmp_03608,reasoning,Zenith,0
cmp_04682,safety,Nova,1
cmp_04682,safety,Zenith,0
cmp_00965,coding,Nova,0
cmp_00965,coding,Nimbus,1
cmp_03053,reasoning,Astra,0
cmp_03053,reasoning,Pulse,1
cmp_02090,math,Nova,1
cmp_02090,math,Pulse,0
cmp_00938,coding,Nova,0
cmp_00938,coding,Nimbus,1
cmp_04369,safety,Astra,1
cmp_04369,safety,Zenith,0
cmp_02163,math,Nova,1
cmp_02163,math,Zenith,0
cmp_00139,coding,Orion,0
cmp_00139,coding,Nova,1
cmp_00897,coding,Nova,0
cmp_00897,coding,Zenith,1
cmp_01037,coding,Pulse,1
cmp_01037,coding,Zenith,0
cmp_04336,safety,Astra,1
cmp_04336,safety,Pulse,0
cmp_01298,math,Orion,0
cmp_01298,math,Astra,1
cmp_04441,safety,Astra,0
cmp_04441,safety,Zenith,1
cmp_00352,coding,Orion,1
cmp_00352,coding,Nimbus,0
cmp_00309,coding,Orion,1
cmp_00309,coding,Zenith,0
cmp_04138,safety,Orion,1
cmp_04138,safety,Nimbus,0
cmp_01515,math,Orion,1
cmp_01515,math,Zenith,0
cmp_02452,math,Zenith,0
cmp_02452,math,Nimbus,1
cmp_04854,safety,Pulse,0
cmp_04854,safety,Zenith,1
cmp_04282,safety,Astra,1
cmp_04282,safety,Nova,0
cmp_00797,coding,Nova,0
cmp_00797,coding,Pulse,1
cmp_00603,coding,Astra,1
cmp_00603,coding,Zenith,0
cmp_03635,reasoning,Pulse,1
cmp_03635,reasoning,Nimbus,0
cmp_03481,reasoning,Nova,0
cmp_03481,reasoning,Nimbus,1
cmp_03960,safety,Orion,1
cmp_03960,safety,Pulse,0
cmp_04964,safety,Zenith,0
cmp_04964,safety,Nimbus,1
cmp_00324,coding,Orion,1
cmp_00324,coding,Zenith,0
cmp_00740,coding,Astra,1
cmp_00740,coding,Nimbus,0
cmp_04185,safety,Orion,1
cmp_04185,safety,Nimbus,0
cmp_05025,safety,Zenith,1
cmp_05025,safety,Nimbus,0
cmp_02333,math,Pulse,0
cmp_02333,math,Zenith,1
cmp_00591,coding,Astra,1
cmp_00591,coding,Zenith,0
cmp_02933,reasoning,Orion,0
cmp_02933,reasoning,Nimbus,1
cmp_02782,reasoning,Orion,1
cmp_02782,reasoning,Zenith,0
cmp_02929,reasoning,Orion,1
cmp_02929,reasoning,Nimbus,0
cmp_01035,coding,Pulse,1
cmp_01035,coding,Zenith,0
cmp_04413,safety,Astra,1
cmp_04413,safety,Zenith,0
cmp_01560,math,Orion,1
cmp_01560,math,Zenith,0
cmp_01523,math,Orion,1
cmp_01523,math,Zenith,0
cmp_02147,math,Nova,1
cmp_02147,math,Zenith,0
cmp_03088,reasoning,Astra,0
cmp_03088,reasoning,Pulse,1
cmp_01372,math,Orion,1
cmp_01372,math,Nova,0
cmp_00306,coding,Orion,1
cmp_00306,coding,Zenith,0
cmp_03391,reasoning,Nova,1
cmp_03391,reasoning,Zenith,0
cmp_02631,reasoning,Orion,1
cmp_02631,reasoning,Nova,0
cmp_04904,safety,Pulse,0
cmp_04904,safety,Nimbus,1
cmp_03913,safety,Orion,1
cmp_03913,safety,Nova,0
cmp_00470,coding,Astra,1
cmp_00470,coding,Nova,0
cmp_04169,safety,Orion,1
cmp_04169,safety,Nimbus,0
cmp_03073,reasoning,Astra,0
cmp_03073,reasoning,Pulse,1
cmp_03259,reasoning,Astra,1
cmp_03259,reasoning,Nimbus,0
cmp_00478,coding,Astra,1
cmp_00478,coding,Nova,0
cmp_04371,safety,Astra,1
cmp_04371,safety,Zenith,0
cmp_01972,math,Astra,1
cmp_01972,math,Nimbus,0
cmp_02482,math,Zenith,0
cmp_02482,math,Nimbus,1
cmp_01110,coding,Pulse,0
cmp_01110,coding,Nimbus,1
cmp_00047,coding,Orion,1
cmp_00047,coding,Astra,0
cmp_00228,coding,Orion,0
cmp_00228,coding,Pulse,1
cmp_01297,math,Orion,1
cmp_01297,math,Astra,0
cmp_02838,reasoning,Orion,1
cmp_02838,reasoning,Zenith,0
cmp_02868,reasoning,Orion,1
cmp_02868,reasoning,Nimbus,0
cmp_04887,safety,Pulse,1
cmp_04887,safety,Nimbus,0
cmp_00516,coding,Astra,1
cmp_00516,coding,Pulse,0
cmp_00586,coding,Astra,1
cmp_00586,coding,Pulse,0
cmp_00625,coding,Astra,1
cmp_00625,coding,Zenith,0
cmp_01475,math,Orion,1
cmp_01475,math,Pulse,0
cmp_00894,coding,Nova,1
cmp_00894,coding,Zenith,0
cmp_00802,coding,Nova,1
cmp_00802,coding,Pulse,0
cmp_04422,safety,Astra,0
cmp_04422,safety,Zenith,1
cmp_02903,reasoning,Orion,0
cmp_02903,reasoning,Nimbus,1
cmp_01834,math,Astra,0
cmp_01834,math,Pulse,1
cmp_02313,math,Pulse,1
cmp_02313,math,Zenith,0
cmp_04189,safety,Orion,1
cmp_04189,safety,Nimbus,0
cmp_00670,coding,Astra,1
cmp_00670,coding,Zenith,0
cmp_00432,coding,Astra,1
cmp_00432,coding,Nova,0
cmp_04938,safety,Pulse,0
cmp_04938,safety,Nimbus,1
cmp_04857,safety,Pulse,0
cmp_04857,safety,Zenith,1
cmp_00581,coding,Astra,0
cmp_00581,coding,Pulse,1
cmp_03804,safety,Orion,0
cmp_03804,safety,Astra,1
cmp_00391,coding,Orion,1
cmp_00391,coding,Nimbus,0
cmp_00803,coding,Nova,1
cmp_00803,coding,Pulse,0
cmp_01654,math,Orion,1
cmp_01654,math,Nimbus,0
cmp_03736,reasoning,Zenith,1
cmp_03736,reasoning,Nimbus,0
cmp_04457,safety,Astra,1
cmp_04457,safety,Nimbus,0
cmp_02229,math,Nova,0
cmp_02229,math,Nimbus,1
cmp_05033,safety,Zenith,0
cmp_05033,safety,Nimbus,1
cmp_00793,coding,Nova,1
cmp_00793,coding,Pulse,0
cmp_04103,safety,Orion,1
cmp_04103,safety,Zenith,0
cmp_02653,reasoning,Orion,1
cmp_02653,reasoning,Nova,0
cmp_02132,math,Nova,1
cmp_02132,math,Zenith,0
cmp_01287,math,Orion,1
cmp_01287,math,Astra,0
cmp_04314,safety,Astra,1
cmp_04314,safety,Pulse,0
cmp_04741,safety,Nova,1
cmp_04741,safety,Nimbus,0
cmp_00498,coding,Astra,0
cmp_00498,coding,Nova,1
cmp_01960,math,Astra,1
cmp_01960,math,Nimbus,0
cmp_03398,reasoning,Nova,1
cmp_03398,reasoning,Zenith,0
cmp_03350,reasoning,Nova,1
cmp_03350,reasoning,Pulse,0
cmp_00334,coding,Orion,1
cmp_00334,coding,Zenith,0
cmp_01194,coding,Zenith,0
cmp_01194,coding,Nimbus,1
cmp_01692,math,Astra,0
cmp_01692,math,Nova,1
cmp_02906,reasoning,Orion,1
cmp_02906,reasoning,Nimbus,0
cmp_03037,reasoning,Astra,0
cmp_03037,reasoning,Pulse,1
cmp_01442,math,Orion,1
cmp_01442,math,Pulse,0
cmp_04958,safety,Zenith,1
cmp_04958,safety,Nimbus,0
cmp_02273,math,Pulse,0
cmp_02273,math,Zenith,1
cmp_01195,coding,Zenith,1
cmp_01195,coding,Nimbus,0
cmp_02513,math,Zenith,1
cmp_02513,math,Nimbus,0
cmp_01772,math,Astra,1
cmp_01772,math,Pulse,0
cmp_00299,coding,Orion,1
cmp_00299,coding,Zenith,0
cmp_03537,reasoning,Pulse,1
cmp_03537,reasoning,Zenith,0
cmp_02448,math,Zenith,0
cmp_02448,math,Nimbus,1
cmp_01378,math,Orion,1
cmp_01378,math,Nova,0
cmp_03171,reasoning,Astra,0
cmp_03171,reasoning,Zenith,1
cmp_04735,safety,Nova,1
cmp_04735,safety,Nimbus,0
cmp_01915,math,Astra,1
cmp_01915,math,Zenith,0
cmp_01361,math,Orion,1
cmp_01361,math,Nova,0
cmp_00459,coding,Astra,1
cmp_00459,coding,Nova,0
cmp_04372,safety,Astra,0
cmp_04372,safety,Zenith,1
cmp_00458,coding,Astra,1
cmp_00458,coding,Nova,0
cmp_00330,coding,Orion,1
cmp_00330,coding,Zenith,0
cmp_04960,safety,Zenith,1
cmp_04960,safety,Nimbus,0
cmp_02974,reasoning,Astra,1
cmp_02974,reasoning,Nova,0
cmp_03627,reasoning,Pulse,0
cmp_03627,reasoning,Nimbus,1
cmp_02190,math,Nova,0
cmp_02190,math,Nimbus,1
cmp_03436,reasoning,Nova,1
cmp_03436,reasoning,Zenith,0
cmp_01573,math,Orion,1
cmp_01573,math,Zenith,0
cmp_03900,safety,Orion,0
cmp_03900,safety,Nova,1
cmp_04323,safety,Astra,1
cmp_04323,safety,Pulse,0
cmp_03344,reasoning,Nova,1
cmp_03344,reasoning,Pulse,0
cmp_00689,coding,Astra,1
cmp_00689,coding,Nimbus,0
cmp_02617,reasoning,Orion,0
cmp_02617,reasoning,Nova,1
cmp_03654,reasoning,Pulse,1
cmp_03654,reasoning,Nimbus,0
cmp_02816,reasoning,Orion,1
cmp_02816,reasoning,Zenith,0
cmp_04068,safety,Orion,1
cmp_04068,safety,Zenith,0
cmp_04723,safety,Nova,0
cmp_04723,safety,Nimbus,1
cmp_01668,math,Orion,1
cmp_01668,math,Nimbus,0
cmp_01959,math,Astra,1
cmp_01959,math,Nimbus,0
cmp_02787,reasoning,Orion,1
cmp_02787,reasoning,Zenith,0
cmp_03435,reasoning,Nova,0
cmp_03435,reasoning,Zenith,1
cmp_02551,reasoning,Orion,0
cmp_02551,reasoning,Astra,1
cmp_00008,coding,Orion,1
cmp_00008,coding,Astra,0
cmp_00253,coding,Orion,1
cmp_00253,coding,Zenith,0
cmp_01618,math,Orion,1
cmp_01618,math,Nimbus,0
cmp_00117,coding,Orion,0
cmp_00117,coding,Nova,1
cmp_03896,safety,Orion,1
cmp_03896,safety,Nova,0
cmp_00297,coding,Orion,1
cmp_00297,coding,Zenith,0
cmp_00153,coding,Orion,0
cmp_00153,coding,Nova,1
cmp_03305,reasoning,Nova,0
cmp_03305,reasoning,Pulse,1
cmp_03488,reasoning,Nova,1
cmp_03488,reasoning,Nimbus,0
cmp_04572,safety,Nova,0
cmp_04572,safety,Pulse,1
cmp_00146,coding,Orion,0
cmp_00146,coding,Nova,1
cmp_00720,coding,Astra,0
cmp_00720,coding,Nimbus,1
cmp_02168,math,Nova,1
cmp_02168,math,Zenith,0
cmp_01071,coding,Pulse,0
cmp_01071,coding,Zenith,1
cmp_02390,math,Pulse,0
cmp_02390,math,Nimbus,1
cmp_03196,reasoning,Astra,1
cmp_03196,reasoning,Nimbus,0
cmp_03569,reasoning,Pulse,0
cmp_03569,reasoning,Zenith,1
cmp_03595,reasoning,Pulse,0
cmp_03595,reasoning,Zenith,1
cmp_01063,coding,Pulse,0
cmp_01063,coding,Zenith,1
cmp_02769,reasoning,Orion,1
cmp_02769,reasoning,Pulse,0
cmp_02941,reasoning,Astra,0
cmp_02941,reasoning,Nova,1
cmp_05030,safety,Zenith,1
cmp_05030,safety,Nimbus,0
cmp_01472,math,Orion,0
cmp_01472,math,Pulse,1
cmp_02040,math,Nova,0
cmp_02040,math,Pulse,1
cmp_02965,reasoning,Astra,0
cmp_02965,reasoning,Nova,1
cmp_00506,coding,Astra,1
cmp_00506,coding,Pulse,0
cmp_02067,math,Nova,0
cmp_02067,math,Pulse,1
cmp_03332,reasoning,Nova,1
cmp_03332,reasoning,Pulse,0
cmp_02949,reasoning,Astra,1
cmp_02949,reasoning,Nova,0
cmp_03447,reasoning,Nova,0
cmp_03447,reasoning,Nimbus,1
cmp_04375,safety,Astra,1
cmp_04375,safety,Zenith,0
cmp_00303,coding,Orion,1
cmp_00303,coding,Zenith,0
cmp_00918,coding,Nova,1
cmp_00918,coding,Zenith,0
cmp_04595,safety,Nova,0
cmp_04595,safety,Pulse,1
cmp_01115,coding,Pulse,0
cmp_01115,coding,Nimbus,1
cmp_03779,reasoning,Zenith,1
cmp_03779,reasoning,Nimbus,0
cmp_00905,coding,Nova,1
cmp_00905,coding,Zenith,0
cmp_04350,safety,Astra,1
cmp_04350,safety,Pulse,0
cmp_03587,reasoning,Pulse,1
cmp_03587,reasoning,Zenith,0
cmp_02794,reasoning,Orion,0
cmp_02794,reasoning,Zenith,1
cmp_04917,safety,Pulse,1
cmp_04917,safety,Nimbus,0
cmp_01710,math,Astra,0
cmp_01710,math,Nova,1
cmp_01616,math,Orion,1
cmp_01616,math,Nimbus,0
cmp_02947,reasoning,Astra,1
cmp_02947,reasoning,Nova,0
cmp_01596,math,Orion,0
cmp_01596,math,Zenith,1
cmp_01236,coding,Zenith,0
cmp_01236,coding,Nimbus,1
cmp_04844,safety,Pulse,1
cmp_04844,safety,Zenith,0
cmp_00697,coding,Astra,1
cmp_00697,coding,Nimbus,0
cmp_04604,safety,Nova,1
cmp_04604,safety,Pulse,0
cmp_00450,coding,Astra,1
cmp_00450,coding,Nova,0
cmp_02642,reasoning,Orion,1
cmp_02642,reasoning,Nova,0
cmp_03258,reasoning,Astra,1
cmp_03258,reasoning,Nimbus,0
cmp_04237,safety,Astra,1
cmp_04237,safety,Nova,0
cmp_03619,reasoning,Pulse,1
cmp_03619,reasoning,Nimbus,0
cmp_01437,math,Orion,1
cmp_01437,math,Pulse,0
cmp_03976,safety,Orion,0
cmp_03976,safety,Pulse,1
cmp_04768,safety,Nova,1
cmp_04768,safety,Nimbus,0
cmp_02098,math,Nova,1
cmp_02098,math,Pulse,0
cmp_02539,reasoning,Orion,0
cmp_02539,reasoning,Astra,1
cmp_04902,safety,Pulse,1
cmp_04902,safety,Nimbus,0
cmp_03183,reasoning,Astra,1
cmp_03183,reasoning,Zenith,0
cmp_03867,safety,Orion,1
cmp_03867,safety,Nova,0
cmp_02660,reasoning,Orion,1
cmp_02660,reasoning,Nova,0
cmp_00080,coding,Orion,1
cmp_00080,coding,Astra,0
cmp_04940,safety,Pulse,1
cmp_04940,safety,Nimbus,0
cmp_03998,safety,Orion,1
cmp_03998,safety,Pulse,0
cmp_03578,reasoning,Pulse,1
cmp_03578,reasoning,Zenith,0
cmp_00196,coding,Orion,1
cmp_00196,coding,Pulse,0
cmp_02280,math,Pulse,0
cmp_02280,math,Zenith,1
cmp_04504,safety,Astra,0
cmp_04504,safety,Nimbus,1
cmp_04626,safety,Nova,1
cmp_04626,safety,Zenith,0
cmp_00706,coding,Astra,1
cmp_00706,coding,Nimbus,0
cmp_02252,math,Nova,1
cmp_02252,math,Nimbus,0
cmp_01450,math,Orion,1
cmp_01450,math,Pulse,0
cmp_02431,math,Pulse,1
cmp_02431,math,Nimbus,0
cmp_01649,math,Orion,1
cmp_01649,math,Nimbus,0
cmp_01344,math,Orion,1
cmp_01344,math,Astra,0
cmp_04075,safety,Orion,0
cmp_04075,safety,Zenith,1
cmp_01331,math,Orion,0
cmp_01331,math,Astra,1
cmp_01853,math,Astra,0
cmp_01853,math,Zenith,1
cmp_03475,reasoning,Nova,0
cmp_03475,reasoning,Nimbus,1
cmp_04008,safety,Orion,1
cmp_04008,safety,Pulse,0
cmp_01192,coding,Zenith,1
cmp_01192,coding,Nimbus,0
cmp_01125,coding,Pulse,1
cmp_01125,coding,Nimbus,0
cmp_02556,reasoning,Orion,1
cmp_02556,reasoning,Astra,0
cmp_03055,reasoning,Astra,1
cmp_03055,reasoning,Pulse,0
cmp_01424,math,Orion,1
cmp_01424,math,Nova,0
cmp_03443,reasoning,Nova,1
cmp_03443,reasoning,Zenith,0
cmp_00934,coding,Nova,1
cmp_00934,coding,Nimbus,0
cmp_02978,reasoning,Astra,0
cmp_02978,reasoning,Nova,1
cmp_02946,reasoning,Astra,1
cmp_02946,reasoning,Nova,0
cmp_00493,coding,Astra,1
cmp_00493,coding,Nova,0
cmp_00523,coding,Astra,1
cmp_00523,coding,Pulse,0
cmp_03941,safety,Orion,1
cmp_03941,safety,Nova,0
cmp_04476,safety,Astra,0
cmp_04476,safety,Nimbus,1
cmp_02089,math,Nova,0
cmp_02089,math,Pulse,1
cmp_04722,safety,Nova,1
cmp_04722,safety,Nimbus,0
cmp_00026,coding,Orion,0
cmp_00026,coding,Astra,1
cmp_01246,coding,Zenith,0
cmp_01246,coding,Nimbus,1
cmp_01971,math,Astra,1
cmp_01971,math,Nimbus,0
cmp_01274,math,Orion,1
cmp_01274,math,Astra,0
cmp_00032,coding,Orion,1
cmp_00032,coding,Astra,0
cmp_03576,reasoning,Pulse,0
cmp_03576,reasoning,Zenith,1
cmp_02024,math,Nova,1
cmp_02024,math,Pulse,0
cmp_04000,safety,Orion,1
cmp_04000,safety,Pulse,0
cmp_04651,safety,Nova,1
cmp_04651,safety,Zenith,0
cmp_01856,math,Astra,1
cmp_01856,math,Zenith,0
cmp_01599,math,Orion,0
cmp_01599,math,Nimbus,1
cmp_04772,safety,Nova,1
cmp_04772,safety,Nimbus,0
cmp_03570,reasoning,Pulse,1
cmp_03570,reasoning,Zenith,0
cmp_02076,math,Nova,0
cmp_02076,math,Pulse,1
cmp_00634,coding,Astra,1
cmp_00634,coding,Zenith,0
cmp_03133,reasoning,Astra,1
cmp_03133,reasoning,Zenith,0
cmp_04628,safety,Nova,1
cmp_04628,safety,Zenith,0
cmp_01158,coding,Pulse,0
cmp_01158,coding,Nimbus,1
cmp_01861,math,Astra,1
cmp_01861,math,Zenith,0
cmp_01655,math,Orion,1
cmp_01655,math,Nimbus,0
cmp_04665,safety,Nova,1
cmp_04665,safety,Zenith,0
cmp_03356,reasoning,Nova,1
cmp_03356,reasoning,Pulse,0
cmp_02967,reasoning,Astra,0
cmp_02967,reasoning,Nova,1
cmp_01087,coding,Pulse,0
cmp_01087,coding,Zenith,1
cmp_00665,coding,Astra,1
cmp_00665,coding,Zenith,0
cmp_01319,math,Orion,1
cmp_01319,math,Astra,0
cmp_04549,safety,Nova,1
cmp_04549,safety,Pulse,0
cmp_03844,safety,Orion,1
cmp_03844,safety,Astra,0
cmp_00593,coding,Astra,0
cmp_00593,coding,Zenith,1
cmp_00538,coding,Astra,0
cmp_00538,coding,Pulse,1
cmp_02723,reasoning,Orion,0
cmp_02723,reasoning,Pulse,1
cmp_00764,coding,Nova,1
cmp_00764,coding,Pulse,0
cmp_01507,math,Orion,1
cmp_01507,math,Pulse,0
cmp_02177,math,Nova,1
cmp_02177,math,Zenith,0
cmp_04640,safety,Nova,1
cmp_04640,safety,Zenith,0
cmp_03500,reasoning,Nova,1
cmp_03500,reasoning,Nimbus,0
cmp_04508,safety,Astra,0
cmp_04508,safety,Nimbus,1
cmp_02535,reasoning,Orion,1
cmp_02535,reasoning,Astra,0
cmp_03232,reasoning,Astra,0
cmp_03232,reasoning,Nimbus,1
cmp_01778,math,Astra,1
cmp_01778,math,Pulse,0
cmp_00155,coding,Orion,0
cmp_00155,coding,Nova,1
cmp_02119,math,Nova,1
cmp_02119,math,Zenith,0
cmp_00283,coding,Orion,1
cmp_00283,coding,Zenith,0
cmp_02901,reasoning,Orion,1
cmp_02901,reasoning,Nimbus,0
cmp_02197,math,Nova,0
cmp_02197,math,Nimbus,1
cmp_03574,reasoning,Pulse,0
cmp_03574,reasoning,Zenith,1
cmp_02741,reasoning,Orion,1
cmp_02741,reasoning,Pulse,0
cmp_03172,reasoning,Astra,1
cmp_03172,reasoning,Zenith,0
cmp_03764,reasoning,Zenith,1
cmp_03764,reasoning,Nimbus,0
cmp_01300,math,Orion,1
cmp_01300,math,Astra,0
cmp_04172,safety,Orion,1
cmp_04172,safety,Nimbus,0
cmp_01353,math,Orion,1
cmp_01353,math,Nova,0
cmp_04211,safety,Astra,1
cmp_04211,safety,Nova,0
cmp_01386,math,Orion,1
cmp_01386,math,Nova,0
cmp_00420,coding,Orion,1
cmp_00420,coding,Nimbus,0
cmp_01202,coding,Zenith,1
cmp_01202,coding,Nimbus,0
cmp_04541,safety,Nova,0
cmp_04541,safety,Pulse,1
cmp_03837,safety,Orion,1
cmp_03837,safety,Astra,0
cmp_04817,safety,Pulse,0
cmp_04817,safety,Zenith,1
cmp_04040,safety,Orion,1
cmp_04040,safety,Zenith,0
cmp_03299,reasoning,Nova,1
cmp_03299,reasoning,Pulse,0
cmp_01580,math,Orion,1
cmp_01580,math,Zenith,0
cmp_02584,reasoning,Orion,0
cmp_02584,reasoning,Astra,1
cmp_04576,safety,Nova,0
cmp_04576,safety,Pulse,1
cmp_02062,math,Nova,1
cmp_02062,math,Pulse,0
cmp_02068,math,Nova,1
cmp_02068,math,Pulse,0
cmp_00076,coding,Orion,1
cmp_00076,coding,Astra,0
cmp_04509,safety,Astra,1
cmp_04509,safety,Nimbus,0
cmp_04252,safety,Astra,1
cmp_04252,safety,Nova,0
cmp_00912,coding,Nova,1
cmp_00912,coding,Zenith,0
cmp_03418,reasoning,Nova,1
cmp_03418,reasoning,Zenith,0
cmp_04985,safety,Zenith,1
cmp_04985,safety,Nimbus,0
cmp_03917,safety,Orion,0
cmp_03917,safety,Nova,1
cmp_03882,safety,Orion,1
cmp_03882,safety,Nova,0
cmp_01161,coding,Pulse,0
cmp_01161,coding,Nimbus,1
cmp_04374,safety,Astra,1
cmp_04374,safety,Zenith,0
cmp_00496,coding,Astra,1
cmp_00496,coding,Nova,0
cmp_03013,reasoning,Astra,1
cmp_03013,reasoning,Nova,0
cmp_02849,reasoning,Orion,1
cmp_02849,reasoning,Zenith,0
cmp_03484,reasoning,Nova,1
cmp_03484,reasoning,Nimbus,0
cmp_00572,coding,Astra,1
cmp_00572,coding,Pulse,0
cmp_03888,safety,Orion,0
cmp_03888,safety,Nova,1
cmp_04896,safety,Pulse,0
cmp_04896,safety,Nimbus,1
cmp_02277,math,Pulse,0
cmp_02277,math,Zenith,1
cmp_03246,reasoning,Astra,1
cmp_03246,reasoning,Nimbus,0
cmp_04922,safety,Pulse,0
cmp_04922,safety,Nimbus,1
cmp_01610,math,Orion,1
cmp_01610,math,Nimbus,0
cmp_01247,coding,Zenith,0
cmp_01247,coding,Nimbus,1
cmp_03840,safety,Orion,0
cmp_03840,safety,Astra,1
cmp_04076,safety,Orion,1
cmp_04076,safety,Zenith,0
cmp_04086,safety,Orion,1
cmp_04086,safety,Zenith,0
cmp_03139,reasoning,Astra,1
cmp_03139,reasoning,Zenith,0
cmp_04578,safety,Nova,0
cmp_04578,safety,Pulse,1
cmp_02494,math,Zenith,0
cmp_02494,math,Nimbus,1
cmp_02707,reasoning,Orion,0
cmp_02707,reasoning,Pulse,1
cmp_03843,safety,Orion,1
cmp_03843,safety,Astra,0
cmp_01703,math,Astra,1
cmp_01703,math,Nova,0
cmp_03714,reasoning,Zenith,0
cmp_03714,reasoning,Nimbus,1
cmp_00201,coding,Orion,1
cmp_00201,coding,Pulse,0
cmp_00092,coding,Orion,1
cmp_00092,coding,Nova,0
cmp_03954,safety,Orion,0
cmp_03954,safety,Pulse,1
cmp_03969,safety,Orion,0
cmp_03969,safety,Pulse,1
cmp_04355,safety,Astra,1
cmp_04355,safety,Pulse,0
cmp_01428,math,Orion,1
cmp_01428,math,Nova,0
cmp_01408,math,Orion,1
cmp_01408,math,Nova,0
cmp_02475,math,Zenith,0
cmp_02475,math,Nimbus,1
cmp_01634,math,Orion,0
cmp_01634,math,Nimbus,1
cmp_03845,safety,Orion,1
cmp_03845,safety,Astra,0
cmp_03568,reasoning,Pulse,1
cmp_03568,reasoning,Zenith,0
cmp_01976,math,Astra,1
cmp_01976,math,Nimbus,0
cmp_00182,coding,Orion,0
cmp_00182,coding,Pulse,1
cmp_01602,math,Orion,0
cmp_01602,math,Nimbus,1
cmp_03197,reasoning,Astra,1
cmp_03197,reasoning,Nimbus,0
cmp_00243,coding,Orion,1
cmp_00243,coding,Pulse,0
cmp_01988,math,Astra,1
cmp_01988,math,Nimbus,0
cmp_00489,coding,Astra,1
cmp_00489,coding,Nova,0
cmp_00118,coding,Orion,1
cmp_00118,coding,Nova,0
cmp_01545,math,Orion,0
cmp_01545,math,Zenith,1
cmp_00970,coding,Nova,0
cmp_00970,coding,Nimbus,1
cmp_00739,coding,Astra,1
cmp_00739,coding,Nimbus,0
cmp_01726,math,Astra,0
cmp_01726,math,Nova,1
cmp_02352,math,Pulse,0
cmp_02352,math,Zenith,1
cmp_04433,safety,Astra,0
cmp_04433,safety,Zenith,1
cmp_03098,reasoning,Astra,1
cmp_03098,reasoning,Pulse,0
cmp_01346,math,Orion,1
cmp_01346,math,Nova,0
cmp_03243,reasoning,Astra,0
cmp_03243,reasoning,Nimbus,1
cmp_02329,math,Pulse,1
cmp_02329,math,Zenith,0
cmp_00908,coding,Nova,0
cmp_00908,coding,Zenith,1
cmp_03229,reasoning,Astra,1
cmp_03229,reasoning,Nimbus,0
cmp_04984,safety,Zenith,0
cmp_04984,safety,Nimbus,1
cmp_00936,coding,Nova,1
cmp_00936,coding,Nimbus,0
cmp_01927,math,Astra,0
cmp_01927,math,Zenith,1
cmp_02376,math,Pulse,0
cmp_02376,math,Nimbus,1
cmp_03751,reasoning,Zenith,0
cmp_03751,reasoning,Nimbus,1
cmp_02372,math,Pulse,1
cmp_02372,math,Nimbus,0
cmp_01794,math,Astra,1
cmp_01794,math,Pulse,0
cmp_01385,math,Orion,1
cmp_01385,math,Nova,0
cmp_03558,reasoning,Pulse,0
cmp_03558,reasoning,Zenith,1
cmp_03150,reasoning,Astra,1
cmp_03150,reasoning,Zenith,0
cmp_02467,math,Zenith,0
cmp_02467,math,Nimbus,1
cmp_02215,math,Nova,0
cmp_02215,math,Nimbus,1
cmp_01262,math,Orion,1
cmp_01262,math,Astra,0
cmp_01544,math,Orion,1
cmp_01544,math,Zenith,0
cmp_03321,reasoning,Nova,0
cmp_03321,reasoning,Pulse,1
cmp_02605,reasoning,Orion,1
cmp_02605,reasoning,Nova,0
cmp_02591,reasoning,Orion,0
cmp_02591,reasoning,Astra,1
cmp_03948,safety,Orion,0
cmp_03948,safety,Nova,1
cmp_03483,reasoning,Nova,1
cmp_03483,reasoning,Nimbus,0
cmp_04607,safety,Nova,0
cmp_04607,safety,Pulse,1
cmp_04577,safety,Nova,1
cmp_04577,safety,Pulse,0
cmp_00063,coding,Orion,1
cmp_00063,coding,Astra,0
cmp_03656,reasoning,Pulse,1
cmp_03656,reasoning,Nimbus,0
cmp_02624,reasoning,Orion,0
cmp_02624,reasoning,Nova,1
cmp_03357,reasoning,Nova,1
cmp_03357,reasoning,Pulse,0
cmp_00121,coding,Orion,1
cmp_00121,coding,Nova,0
cmp_02585,reasoning,Orion,0
cmp_02585,reasoning,Astra,1
cmp_03173,reasoning,Astra,1
cmp_03173,reasoning,Zenith,0
cmp_02368,math,Pulse,1
cmp_02368,math,Nimbus,0
cmp_03940,safety,Orion,0
cmp_03940,safety,Nova,1
cmp_01197,coding,Zenith,0
cmp_01197,coding,Nimbus,1
cmp_03803,safety,Orion,1
cmp_03803,safety,Astra,0
cmp_01004,coding,Nova,1
cmp_01004,coding,Nimbus,0
cmp_04039,safety,Orion,1
cmp_04039,safety,Zenith,0
cmp_03527,reasoning,Nova,0
cmp_03527,reasoning,Nimbus,1
cmp_04592,safety,Nova,0
cmp_04592,safety,Pulse,1
cmp_04756,safety,Nova,1
cmp_04756,safety,Nimbus,0
cmp_01310,math,Orion,0
cmp_01310,math,Astra,1
cmp_00405,coding,Orion,1
cmp_00405,coding,Nimbus,0
cmp_01255,coding,Zenith,1
cmp_01255,coding,Nimbus,0
cmp_02497,math,Zenith,0
cmp_02497,math,Nimbus,1
cmp_00156,coding,Orion,0
cmp_00156,coding,Nova,1
cmp_03632,reasoning,Pulse,1
cmp_03632,reasoning,Nimbus,0
cmp_01269,math,Orion,1
cmp_01269,math,Astra,0
cmp_01059,coding,Pulse,1
cmp_01059,coding,Zenith,0
cmp_03563,reasoning,Pulse,0
cmp_03563,reasoning,Zenith,1
cmp_04379,safety,Astra,0
cmp_04379,safety,Zenith,1
cmp_02361,math,Pulse,1
cmp_02361,math,Nimbus,0
cmp_00071,coding,Orion,0
cmp_00071,coding,Astra,1
cmp_04265,safety,Astra,0
cmp_04265,safety,Nova,1
cmp_00140,coding,Orion,0
cmp_00140,coding,Nova,1
cmp_03705,reasoning,Zenith,1
cmp_03705,reasoning,Nimbus,0
cmp_05038,safety,Zenith,0
cmp_05038,safety,Nimbus,1
cmp_03546,reasoning,Pulse,0
cmp_03546,reasoning,Zenith,1
cmp_00816,coding,Nova,1
cmp_00816,coding,Pulse,0
cmp_04740,safety,Nova,1
cmp_04740,safety,Nimbus,0
cmp_00823,coding,Nova,1
cmp_00823,coding,Pulse,0
cmp_02506,math,Zenith,1
cmp_02506,math,Nimbus,0
cmp_00149,coding,Orion,1
cmp_00149,coding,Nova,0
cmp_01859,math,Astra,1
cmp_01859,math,Zenith,0
cmp_04333,safety,Astra,1
cmp_04333,safety,Pulse,0
cmp_02056,math,Nova,0
cmp_02056,math,Pulse,1
cmp_02809,reasoning,Orion,0
cmp_02809,reasoning,Zenith,1
cmp_03269,reasoning,Astra,1
cmp_03269,reasoning,Nimbus,0
cmp_01487,math,Orion,1
cmp_01487,math,Pulse,0
cmp_02136,math,Nova,1
cmp_02136,math,Zenith,0
cmp_02355,math,Pulse,0
cmp_02355,math,Nimbus,1
cmp_00806,coding,Nova,1
cmp_00806,coding,Pulse,0
cmp_01264,math,Orion,0
cmp_01264,math,Astra,1
cmp_04436,safety,Astra,1
cmp_04436,safety,Zenith,0
cmp_04234,safety,Astra,1
cmp_04234,safety,Nova,0
cmp_01686,math,Astra,1
cmp_01686,math,Nova,0
cmp_00659,coding,Astra,1
cmp_00659,coding,Zenith,0
cmp_02364,math,Pulse,0
cmp_02364,math,Nimbus,1
cmp_04762,safety,Nova,0
cmp_04762,safety,Nimbus,1
cmp_01080,coding,Pulse,0
cmp_01080,coding,Zenith,1
cmp_04497,safety,Astra,0
cmp_04497,safety,Nimbus,1
cmp_02724,reasoning,Orion,1
cmp_02724,reasoning,Pulse,0
cmp_01511,math,Orion,0
cmp_01511,math,Pulse,1
cmp_00007,coding,Orion,1
cmp_00007,coding,Astra,0
cmp_00342,coding,Orion,1
cmp_00342,coding,Nimbus,0
cmp_03733,reasoning,Zenith,1
cmp_03733,reasoning,Nimbus,0
cmp_04377,safety,Astra,1
cmp_04377,safety,Zenith,0
cmp_01833,math,Astra,1
cmp_01833,math,Pulse,0
cmp_04104,safety,Orion,1
cmp_04104,safety,Zenith,0
cmp_01278,math,Orion,0
cmp_01278,math,Astra,1
cmp_00107,coding,Orion,1
cmp_00107,coding,Nova,0
cmp_02669,reasoning,Orion,0
cmp_02669,reasoning,Nova,1
cmp_03492,reasoning,Nova,1
cmp_03492,reasoning,Nimbus,0
cmp_04530,safety,Astra,1
cmp_04530,safety,Nimbus,0
cmp_04354,safety,Astra,1
cmp_04354,safety,Pulse,0
cmp_02360,math,Pulse,0
cmp_02360,math,Nimbus,1
cmp_02396,math,Pulse,1
cmp_02396,math,Nimbus,0
cmp_01889,math,Astra,1
cmp_01889,math,Zenith,0
cmp_00276,coding,Orion,0
cmp_00276,coding,Zenith,1
cmp_04284,safety,Astra,0
cmp_04284,safety,Nova,1
cmp_02210,math,Nova,1
cmp_02210,math,Nimbus,0
cmp_03543,reasoning,Pulse,1
cmp_03543,reasoning,Zenith,0
cmp_02183,math,Nova,0
cmp_02183,math,Zenith,1
cmp_00533,coding,Astra,1
cmp_00533,coding,Pulse,0
cmp_04589,safety,Nova,1
cmp_04589,safety,Pulse,0
cmp_02887,reasoning,Orion,1
cmp_02887,reasoning,Nimbus,0
cmp_04699,safety,Nova,1
cmp_04699,safety,Zenith,0
cmp_03397,reasoning,Nova,1
cmp_03397,reasoning,Zenith,0
cmp_03893,safety,Orion,1
cmp_03893,safety,Nova,0
cmp_04702,safety,Nova,1
cmp_04702,safety,Zenith,0
cmp_01258,coding,Zenith,1
cmp_01258,coding,Nimbus,0
cmp_04666,safety,Nova,0
cmp_04666,safety,Zenith,1
cmp_04257,safety,Astra,0
cmp_04257,safety,Nova,1
cmp_00948,coding,Nova,1
cmp_00948,coding,Nimbus,0
cmp_02826,reasoning,Orion,0
cmp_02826,reasoning,Zenith,1
cmp_03455,reasoning,Nova,1
cmp_03455,reasoning,Nimbus,0
cmp_00162,coding,Orion,0
cmp_00162,coding,Nova,1
cmp_04967,safety,Zenith,1
cmp_04967,safety,Nimbus,0
cmp_03871,safety,Orion,1
cmp_03871,safety,Nova,0
cmp_00216,coding,Orion,1
cmp_00216,coding,Pulse,0
cmp_03617,reasoning,Pulse,0
cmp_03617,reasoning,Nimbus,1
cmp_03345,reasoning,Nova,0
cmp_03345,reasoning,Pulse,1
cmp_03952,safety,Orion,1
cmp_03952,safety,Pulse,0
cmp_02926,reasoning,Orion,0
cmp_02926,reasoning,Nimbus,1
cmp_00387,coding,Orion,1
cmp_00387,coding,Nimbus,0
cmp_03962,safety,Orion,0
cmp_03962,safety,Pulse,1
cmp_00238,coding,Orion,1
cmp_00238,coding,Pulse,0
cmp_00198,coding,Orion,0
cmp_00198,coding,Pulse,1
cmp_04267,safety,Astra,1
cmp_04267,safety,Nova,0
cmp_03641,reasoning,Pulse,1
cmp_03641,reasoning,Nimbus,0
cmp_01102,coding,Pulse,1
cmp_01102,coding,Nimbus,0
cmp_04556,safety,Nova,0
cmp_04556,safety,Pulse,1
cmp_04271,safety,Astra,0
cmp_04271,safety,Nova,1
cmp_02988,reasoning,Astra,1
cmp_02988,reasoning,Nova,0
cmp_03688,reasoning,Pulse,1
cmp_03688,reasoning,Nimbus,0
cmp_04016,safety,Orion,1
cmp_04016,safety,Pulse,0
cmp_02945,reasoning,Astra,0
cmp_02945,reasoning,Nova,1
cmp_01801,math,Astra,1
cmp_01801,math,Pulse,0
cmp_01816,math,Astra,1
cmp_01816,math,Pulse,0
cmp_02989,reasoning,Astra,0
cmp_02989,reasoning,Nova,1
cmp_01730,math,Astra,1
cmp_01730,math,Nova,0
cmp_01722,math,Astra,1
cmp_01722,math,Nova,0
cmp_02747,reasoning,Orion,1
cmp_02747,reasoning,Pulse,0
cmp_03408,reasoning,Nova,1
cmp_03408,reasoning,Zenith,0
cmp_01049,coding,Pulse,0
cmp_01049,coding,Zenith,1
cmp_01588,math,Orion,1
cmp_01588,math,Zenith,0
cmp_03340,reasoning,Nova,1
cmp_03340,reasoning,Pulse,0
cmp_03744,reasoning,Zenith,0
cmp_03744,reasoning,Nimbus,1
cmp_05032,safety,Zenith,0
cmp_05032,safety,Nimbus,1
cmp_02970,reasoning,Astra,0
cmp_02970,reasoning,Nova,1
cmp_02771,reasoning,Orion,1
cmp_02771,reasoning,Pulse,0
cmp_03248,reasoning,Astra,0
cmp_03248,reasoning,Nimbus,1
cmp_00552,coding,Astra,1
cmp_00552,coding,Pulse,0
cmp_01462,math,Orion,1
cmp_01462,math,Pulse,0
cmp_02894,reasoning,Orion,0
cmp_02894,reasoning,Nimbus,1
cmp_03312,reasoning,Nova,0
cmp_03312,reasoning,Pulse,1
cmp_02610,reasoning,Orion,0
cmp_02610,reasoning,Nova,1
cmp_03855,safety,Orion,0
cmp_03855,safety,Astra,1
cmp_04602,safety,Nova,0
cmp_04602,safety,Pulse,1
cmp_04963,safety,Zenith,0
cmp_04963,safety,Nimbus,1
cmp_02880,reasoning,Orion,0
cmp_02880,reasoning,Nimbus,1
cmp_04706,safety,Nova,0
cmp_04706,safety,Nimbus,1
cmp_00402,coding,Orion,1
cmp_00402,coding,Nimbus,0
cmp_04533,safety,Astra,1
cmp_04533,safety,Nimbus,0
cmp_03119,reasoning,Astra,0
cmp_03119,reasoning,Zenith,1
cmp_01396,math,Orion,1
cmp_01396,math,Nova,0
cmp_02061,math,Nova,1
cmp_02061,math,Pulse,0
cmp_00129,coding,Orion,1
cmp_00129,coding,Nova,0
cmp_01979,math,Astra,1
cmp_01979,math,Nimbus,0
cmp_01894,math,Astra,1
cmp_01894,math,Zenith,0
cmp_02806,reasoning,Orion,0
cmp_02806,reasoning,Zenith,1
cmp_04066,safety,Orion,1
cmp_04066,safety,Zenith,0
cmp_01551,math,Orion,1
cmp_01551,math,Zenith,0
cmp_01557,math,Orion,0
cmp_01557,math,Zenith,1
cmp_03044,reasoning,Astra,1
cmp_03044,reasoning,Pulse,0
cmp_04262,safety,Astra,0
cmp_04262,safety,Nova,1
cmp_03270,reasoning,Astra,1
cmp_03270,reasoning,Nimbus,0
cmp_03953,safety,Orion,1
cmp_03953,safety,Pulse,0
cmp_02171,math,Nova,1
cmp_02171,math,Zenith,0
cmp_00269,coding,Orion,0
cmp_00269,coding,Zenith,1
cmp_04974,safety,Zenith,1
cmp_04974,safety,Nimbus,0
cmp_00355,coding,Orion,1
cmp_00355,coding,Nimbus,0
cmp_04514,safety,Astra,0
cmp_04514,safety,Nimbus,1
cmp_03445,reasoning,Nova,1
cmp_03445,reasoning,Nimbus,0
cmp_01406,math,Orion,1
cmp_01406,math,Nova,0
cmp_01810,math,Astra,1
cmp_01810,math,Pulse,0
cmp_02655,reasoning,Orion,1
cmp_02655,reasoning,Nova,0
cmp_04198,safety,Orion,1
cmp_04198,safety,Nimbus,0
cmp_03820,safety,Orion,0
cmp_03820,safety,Astra,1
cmp_01647,math,Orion,1
cmp_01647,math,Nimbus,0
cmp_05004,safety,Zenith,0
cmp_05004,safety,Nimbus,1
cmp_03322,reasoning,Nova,1
cmp_03322,reasoning,Pulse,0
cmp_00750,coding,Astra,1
cmp_00750,coding,Nimbus,0
cmp_03195,reasoning,Astra,1
cmp_03195,reasoning,Nimbus,0
cmp_00251,coding,Orion,1
cmp_00251,coding,Pulse,0
cmp_01970,math,Astra,1
cmp_01970,math,Nimbus,0
cmp_00471,coding,Astra,1
cmp_00471,coding,Nova,0
cmp_03668,reasoning,Pulse,0
cmp_03668,reasoning,Nimbus,1
cmp_04286,safety,Astra,1
cmp_04286,safety,Pulse,0
cmp_01222,coding,Zenith,0
cmp_01222,coding,Nimbus,1
cmp_04631,safety,Nova,1
cmp_04631,safety,Zenith,0
cmp_00097,coding,Orion,0
cmp_00097,coding,Nova,1
cmp_02326,math,Pulse,1
cmp_02326,math,Zenith,0
cmp_02500,math,Zenith,0
cmp_02500,math,Nimbus,1
cmp_00202,coding,Orion,1
cmp_00202,coding,Pulse,0
cmp_03739,reasoning,Zenith,0
cmp_03739,reasoning,Nimbus,1
cmp_00746,coding,Astra,0
cmp_00746,coding,Nimbus,1
cmp_03202,reasoning,Astra,1
cmp_03202,reasoning,Nimbus,0
cmp_00928,coding,Nova,1
cmp_00928,coding,Nimbus,0
cmp_01101,coding,Pulse,1
cmp_01101,coding,Nimbus,0
cmp_04173,safety,Orion,1
cmp_04173,safety,Nimbus,0
cmp_00950,coding,Nova,1
cmp_00950,coding,Nimbus,0
cmp_01089,coding,Pulse,1
cmp_01089,coding,Zenith,0
cmp_02851,reasoning,Orion,0
cmp_02851,reasoning,Zenith,1
cmp_00360,coding,Orion,0
cmp_00360,coding,Nimbus,1
cmp_03302,reasoning,Nova,1
cmp_03302,reasoning,Pulse,0
cmp_01496,math,Orion,1
cmp_01496,math,Pulse,0
cmp_03662,reasoning,Pulse,0
cmp_03662,reasoning,Nimbus,1
cmp_00340,coding,Orion,0
cmp_00340,coding,Nimbus,1
cmp_04951,safety,Pulse,1
cmp_04951,safety,Nimbus,0
cmp_02512,math,Zenith,0
cmp_02512,math,Nimbus,1
cmp_00666,coding,Astra,1
cmp_00666,coding,Zenith,0
cmp_00070,coding,Orion,0
cmp_00070,coding,Astra,1
cmp_00878,coding,Nova,0
cmp_00878,coding,Zenith,1
cmp_04418,safety,Astra,0
cmp_04418,safety,Zenith,1
cmp_04082,safety,Orion,1
cmp_04082,safety,Zenith,0
cmp_01348,math,Orion,1
cmp_01348,math,Nova,0
cmp_01395,math,Orion,0
cmp_01395,math,Nova,1
cmp_00171,coding,Orion,0
cmp_00171,coding,Pulse,1
cmp_03922,safety,Orion,0
cmp_03922,safety,Nova,1
cmp_00057,coding,Orion,1
cmp_00057,coding,Astra,0
cmp_02788,reasoning,Orion,1
cmp_02788,reasoning,Zenith,0
cmp_01183,coding,Zenith,0
cmp_01183,coding,Nimbus,1
cmp_03538,reasoning,Pulse,1
cmp_03538,reasoning,Zenith,0
cmp_02736,reasoning,Orion,0
cmp_02736,reasoning,Pulse,1
cmp_02753,reasoning,Orion,1
cmp_02753,reasoning,Pulse,0
cmp_02148,math,Nova,1
cmp_02148,math,Zenith,0
cmp_02994,reasoning,Astra,1
cmp_02994,reasoning,Nova,0
cmp_04981,safety,Zenith,0
cmp_04981,safety,Nimbus,1
cmp_03553,reasoning,Pulse,1
cmp_03553,reasoning,Zenith,0
cmp_04916,safety,Pulse,0
cmp_04916,safety,Nimbus,1
cmp_01684,math,Astra,1
cmp_01684,math,Nova,0
cmp_00890,coding,Nova,0
cmp_00890,coding,Zenith,1
cmp_03949,safety,Orion,1
cmp_03949,safety,Pulse,0
cmp_04900,safety,Pulse,1
cmp_04900,safety,Nimbus,0
cmp_02314,math,Pulse,1
cmp_02314,math,Zenith,0
cmp_00062,coding,Orion,0
cmp_00062,coding,Astra,1
cmp_03388,reasoning,Nova,0
cmp_03388,reasoning,Zenith,1
cmp_00291,coding,Orion,1
cmp_00291,coding,Zenith,0
cmp_03249,reasoning,Astra,1
cmp_03249,reasoning,Nimbus,0
cmp_04540,safety,Nova,1
cmp_04540,safety,Pulse,0
cmp_00473,coding,Astra,0
cmp_00473,coding,Nova,1
cmp_00628,coding,Astra,0
cmp_00628,coding,Zenith,1
cmp_04823,safety,Pulse,0
cmp_04823,safety,Zenith,1
cmp_00236,coding,Orion,1
cmp_00236,coding,Pulse,0
cmp_04560,safety,Nova,1
cmp_04560,safety,Pulse,0
cmp_04990,safety,Zenith,0
cmp_04990,safety,Nimbus,1
cmp_02294,math,Pulse,1
cmp_02294,math,Zenith,0
cmp_01065,coding,Pulse,1
cmp_01065,coding,Zenith,0
cmp_00990,coding,Nova,1
cmp_00990,coding,Nimbus,0
cmp_00108,coding,Orion,0
cmp_00108,coding,Nova,1
cmp_00738,coding,Astra,1
cmp_00738,coding,Nimbus,0
cmp_02833,reasoning,Orion,1
cmp_02833,reasoning,Zenith,0
cmp_00663,coding,Astra,0
cmp_00663,coding,Zenith,1
cmp_04022,safety,Orion,1
cmp_04022,safety,Pulse,0
cmp_01760,math,Astra,1
cmp_01760,math,Nova,0
cmp_03257,reasoning,Astra,0
cmp_03257,reasoning,Nimbus,1
cmp_03152,reasoning,Astra,0
cmp_03152,reasoning,Zenith,1
cmp_04108,safety,Orion,1
cmp_04108,safety,Zenith,0
cmp_02243,math,Nova,1
cmp_02243,math,Nimbus,0
cmp_04720,safety,Nova,1
cmp_04720,safety,Nimbus,0
cmp_01913,math,Astra,1
cmp_01913,math,Zenith,0
cmp_04181,safety,Orion,1
cmp_04181,safety,Nimbus,0
cmp_00855,coding,Nova,0
cmp_00855,coding,Zenith,1
cmp_04307,safety,Astra,1
cmp_04307,safety,Pulse,0
cmp_02323,math,Pulse,1
cmp_02323,math,Zenith,0
cmp_04799,safety,Pulse,0
cmp_04799,safety,Zenith,1
cmp_01156,coding,Pulse,0
cmp_01156,coding,Nimbus,1
cmp_03866,safety,Orion,1
cmp_03866,safety,Nova,0
cmp_04467,safety,Astra,1
cmp_04467,safety,Nimbus,0
cmp_01405,math,Orion,0
cmp_01405,math,Nova,1
cmp_05034,safety,Zenith,0
cmp_05034,safety,Nimbus,1
cmp_04452,safety,Astra,0
cmp_04452,safety,Zenith,1
cmp_03346,reasoning,Nova,0
cmp_03346,reasoning,Pulse,1
cmp_04782,safety,Nova,1
cmp_04782,safety,Nimbus,0
cmp_01181,coding,Zenith,1
cmp_01181,coding,Nimbus,0
cmp_03725,reasoning,Zenith,0
cmp_03725,reasoning,Nimbus,1
cmp_04978,safety,Zenith,1
cmp_04978,safety,Nimbus,0
cmp_03423,reasoning,Nova,1
cmp_03423,reasoning,Zenith,0
cmp_02131,math,Nova,0
cmp_02131,math,Zenith,1
cmp_01301,math,Orion,0
cmp_01301,math,Astra,1
cmp_02402,math,Pulse,1
cmp_02402,math,Nimbus,0
cmp_03265,reasoning,Astra,0
cmp_03265,reasoning,Nimbus,1
cmp_01362,math,Orion,1
cmp_01362,math,Nova,0
cmp_03007,reasoning,Astra,0
cmp_03007,reasoning,Nova,1
cmp_00229,coding,Orion,1
cmp_00229,coding,Pulse,0
cmp_00796,coding,Nova,1
cmp_00796,coding,Pulse,0
cmp_02582,reasoning,Orion,0
cmp_02582,reasoning,Astra,1
cmp_04010,safety,Orion,1
cmp_04010,safety,Pulse,0
cmp_02075,math,Nova,1
cmp_02075,math,Pulse,0
cmp_04127,safety,Orion,1
cmp_04127,safety,Nimbus,0
cmp_02429,math,Pulse,1
cmp_02429,math,Nimbus,0
cmp_00737,coding,Astra,0
cmp_00737,coding,Nimbus,1
cmp_01532,math,Orion,0
cmp_01532,math,Zenith,1
cmp_01837,math,Astra,1
cmp_01837,math,Pulse,0
cmp_01073,coding,Pulse,1
cmp_01073,coding,Zenith,0
cmp_03394,reasoning,Nova,1
cmp_03394,reasoning,Zenith,0
cmp_02292,math,Pulse,0
cmp_02292,math,Zenith,1
cmp_02104,math,Nova,1
cmp_02104,math,Zenith,0
cmp_00556,coding,Astra,1
cmp_00556,coding,Pulse,0
cmp_02571,reasoning,Orion,1
cmp_02571,reasoning,Astra,0
cmp_03200,reasoning,Astra,1
cmp_03200,reasoning,Nimbus,0
cmp_02878,reasoning,Orion,1
cmp_02878,reasoning,Nimbus,0
cmp_00321,coding,Orion,1
cmp_00321,coding,Zenith,0
cmp_03374,reasoning,Nova,1
cmp_03374,reasoning,Zenith,0
cmp_03023,reasoning,Astra,1
cmp_03023,reasoning,Nova,0
cmp_02609,reasoning,Orion,1
cmp_02609,reasoning,Nova,0
cmp_02681,reasoning,Orion,1
cmp_02681,reasoning,Nova,0
cmp_00839,coding,Nova,1
cmp_00839,coding,Pulse,0
cmp_01113,coding,Pulse,0
cmp_01113,coding,Nimbus,1
cmp_03812,safety,Orion,1
cmp_03812,safety,Astra,0
cmp_00339,coding,Orion,1
cmp_00339,coding,Nimbus,0
cmp_02542,reasoning,Orion,1
cmp_02542,reasoning,Astra,0
cmp_04993,safety,Zenith,1
cmp_04993,safety,Nimbus,0
cmp_01220,coding,Zenith,0
cmp_01220,coding,Nimbus,1
cmp_02053,math,Nova,1
cmp_02053,math,Pulse,0
cmp_02823,reasoning,Orion,1
cmp_02823,reasoning,Zenith,0
cmp_02286,math,Pulse,0
cmp_02286,math,Zenith,1
cmp_01764,math,Astra,0
cmp_01764,math,Nova,1
cmp_00323,coding,Orion,1
cmp_00323,coding,Zenith,0
cmp_00686,coding,Astra,0
cmp_00686,coding,Nimbus,1
cmp_03158,reasoning,Astra,1
cmp_03158,reasoning,Zenith,0
cmp_01399,math,Orion,1
cmp_01399,math,Nova,0
cmp_02752,reasoning,Orion,1
cmp_02752,reasoning,Pulse,0
cmp_03323,reasoning,Nova,1
cmp_03323,reasoning,Pulse,0
cmp_04287,safety,Astra,1
cmp_04287,safety,Pulse,0
cmp_00852,coding,Nova,1
cmp_00852,coding,Zenith,0
cmp_03790,safety,Orion,0
cmp_03790,safety,Astra,1
cmp_03051,reasoning,Astra,1
cmp_03051,reasoning,Pulse,0
cmp_04871,safety,Pulse,1
cmp_04871,safety,Zenith,0
cmp_00211,coding,Orion,1
cmp_00211,coding,Pulse,0
cmp_02240,math,Nova,0
cmp_02240,math,Nimbus,1
cmp_02712,reasoning,Orion,0
cmp_02712,reasoning,Pulse,1
cmp_03643,reasoning,Pulse,0
cmp_03643,reasoning,Nimbus,1
cmp_04512,safety,Astra,1
cmp_04512,safety,Nimbus,0
cmp_03011,reasoning,Astra,1
cmp_03011,reasoning,Nova,0
cmp_02408,math,Pulse,1
cmp_02408,math,Nimbus,0
cmp_03217,reasoning,Astra,1
cmp_03217,reasoning,Nimbus,0
cmp_00860,coding,Nova,1
cmp_00860,coding,Zenith,0
cmp_04825,safety,Pulse,0
cmp_04825,safety,Zenith,1
cmp_01770,math,Astra,1
cmp_01770,math,Pulse,0
cmp_01874,math,Astra,1
cmp_01874,math,Zenith,0
cmp_01308,math,Orion,1
cmp_01308,math,Astra,0
cmp_00099,coding,Orion,1
cmp_00099,coding,Nova,0
cmp_03805,safety,Orion,1
cmp_03805,safety,Astra,0
cmp_03905,safety,Orion,0
cmp_03905,safety,Nova,1
cmp_01469,math,Orion,0
cmp_01469,math,Pulse,1
cmp_00577,coding,Astra,0
cmp_00577,coding,Pulse,1
cmp_02284,math,Pulse,1
cmp_02284,math,Zenith,0
cmp_02397,math,Pulse,1
cmp_02397,math,Nimbus,0
cmp_00779,coding,Nova,1
cmp_00779,coding,Pulse,0
cmp_01928,math,Astra,0
cmp_01928,math,Zenith,1
cmp_04208,safety,Astra,0
cmp_04208,safety,Nova,1
cmp_02175,math,Nova,1
cmp_02175,math,Zenith,0
cmp_02407,math,Pulse,0
cmp_02407,math,Nimbus,1
cmp_01358,math,Orion,1
cmp_01358,math,Nova,0
cmp_00430,coding,Astra,0
cmp_00430,coding,Nova,1
cmp_01415,math,Orion,1
cmp_01415,math,Nova,0
cmp_04216,safety,Astra,1
cmp_04216,safety,Nova,0
cmp_03800,safety,Orion,0
cmp_03800,safety,Astra,1
cmp_03132,reasoning,Astra,1
cmp_03132,reasoning,Zenith,0
cmp_01813,math,Astra,1
cmp_01813,math,Pulse,0
cmp_00924,coding,Nova,1
cmp_00924,coding,Zenith,0
cmp_02260,math,Nova,0
cmp_02260,math,Nimbus,1
cmp_02030,math,Nova,1
cmp_02030,math,Pulse,0
cmp_02447,math,Zenith,1
cmp_02447,math,Nimbus,0
cmp_04839,safety,Pulse,0
cmp_04839,safety,Zenith,1
cmp_02303,math,Pulse,0
cmp_02303,math,Zenith,1
cmp_00887,coding,Nova,1
cmp_00887,coding,Zenith,0
cmp_02525,reasoning,Orion,1
cmp_02525,reasoning,Astra,0
cmp_00730,coding,Astra,0
cmp_00730,coding,Nimbus,1
cmp_02201,math,Nova,1
cmp_02201,math,Nimbus,0
cmp_01150,coding,Pulse,1
cmp_01150,coding,Nimbus,0
cmp_03785,safety,Orion,1
cmp_03785,safety,Astra,0
cmp_01427,math,Orion,0
cmp_01427,math,Nova,1
cmp_02031,math,Nova,0
cmp_02031,math,Pulse,1
cmp_01176,coding,Pulse,1
cmp_01176,coding,Nimbus,0
cmp_00452,coding,Astra,0
cmp_00452,coding,Nova,1
cmp_01747,math,Astra,0
cmp_01747,math,Nova,1
cmp_02764,reasoning,Orion,1
cmp_02764,reasoning,Pulse,0
cmp_02700,reasoning,Orion,1
cmp_02700,reasoning,Pulse,0
cmp_04387,safety,Astra,1
cmp_04387,safety,Zenith,0
cmp_04425,safety,Astra,1
cmp_04425,safety,Zenith,0
cmp_01968,math,Astra,0
cmp_01968,math,Nimbus,1
cmp_00799,coding,Nova,1
cmp_00799,coding,Pulse,0
cmp_00957,coding,Nova,0
cmp_00957,coding,Nimbus,1
cmp_03378,reasoning,Nova,1
cmp_03378,reasoning,Zenith,0
cmp_00223,coding,Orion,0
cmp_00223,coding,Pulse,1
cmp_01172,coding,Pulse,1
cmp_01172,coding,Nimbus,0
cmp_03188,reasoning,Astra,1
cmp_03188,reasoning,Zenith,0
cmp_01055,coding,Pulse,1
cmp_01055,coding,Zenith,0
cmp_04487,safety,Astra,1
cmp_04487,safety,Nimbus,0
cmp_02881,reasoning,Orion,0
cmp_02881,reasoning,Nimbus,1
cmp_02259,math,Nova,1
cmp_02259,math,Nimbus,0
cmp_03798,safety,Orion,1
cmp_03798,safety,Astra,0
cmp_00909,coding,Nova,1
cmp_00909,coding,Zenith,0
cmp_02622,reasoning,Orion,1
cmp_02622,reasoning,Nova,0
cmp_00988,coding,Nova,1
cmp_00988,coding,Nimbus,0
cmp_01904,math,Astra,1
cmp_01904,math,Zenith,0
cmp_01270,math,Orion,1
cmp_01270,math,Astra,0
cmp_02684,reasoning,Orion,1
cmp_02684,reasoning,Nova,0
cmp_03000,reasoning,Astra,1
cmp_03000,reasoning,Nova,0
cmp_00142,coding,Orion,1
cmp_00142,coding,Nova,0
cmp_03524,reasoning,Nova,1
cmp_03524,reasoning,Nimbus,0
cmp_03159,reasoning,Astra,1
cmp_03159,reasoning,Zenith,0
cmp_03672,reasoning,Pulse,1
cmp_03672,reasoning,Nimbus,0
cmp_01887,math,Astra,1
cmp_01887,math,Zenith,0
cmp_00396,coding,Orion,1
cmp_00396,coding,Nimbus,0
cmp_03722,reasoning,Zenith,1
cmp_03722,reasoning,Nimbus,0
cmp_02416,math,Pulse,1
cmp_02416,math,Nimbus,0
cmp_04864,safety,Pulse,1
cmp_04864,safety,Zenith,0
cmp_04483,safety,Astra,1
cmp_04483,safety,Nimbus,0
cmp_03178,reasoning,Astra,1
cmp_03178,reasoning,Zenith,0
cmp_01653,math,Orion,0
cmp_01653,math,Nimbus,1
cmp_04352,safety,Astra,1
cmp_04352,safety,Pulse,0
cmp_02110,math,Nova,1
cmp_02110,math,Zenith,0
cmp_01613,math,Orion,1
cmp_01613,math,Nimbus,0
cmp_02746,reasoning,Orion,1
cmp_02746,reasoning,Pulse,0
cmp_03318,reasoning,Nova,1
cmp_03318,reasoning,Pulse,0
cmp_04913,safety,Pulse,0
cmp_04913,safety,Nimbus,1
cmp_01237,coding,Zenith,1
cmp_01237,coding,Nimbus,0
cmp_00962,coding,Nova,1
cmp_00962,coding,Nimbus,0
cmp_00485,coding,Astra,1
cmp_00485,coding,Nova,0
cmp_01141,coding,Pulse,0
cmp_01141,coding,Nimbus,1
cmp_00785,coding,Nova,1
cmp_00785,coding,Pulse,0
cmp_01483,math,Orion,1
cmp_01483,math,Pulse,0
cmp_00190,coding,Orion,1
cmp_00190,coding,Pulse,0
cmp_00123,coding,Orion,0
cmp_00123,coding,Nova,1
cmp_00849,coding,Nova,1
cmp_00849,coding,Zenith,0
cmp_01021,coding,Pulse,0
cmp_01021,coding,Zenith,1
cmp_00418,coding,Orion,1
cmp_00418,coding,Nimbus,0
cmp_00423,coding,Astra,1
cmp_00423,coding,Nova,0
cmp_04261,safety,Astra,1
cmp_04261,safety,Nova,0
cmp_04025,safety,Orion,1
cmp_04025,safety,Pulse,0
cmp_04179,safety,Orion,1
cmp_04179,safety,Nimbus,0
cmp_01066,coding,Pulse,0
cmp_01066,coding,Zenith,1
cmp_02149,math,Nova,1
cmp_02149,math,Zenith,0
cmp_00160,coding,Orion,0
cmp_00160,coding,Nova,1
cmp_03137,reasoning,Astra,1
cmp_03137,reasoning,Zenith,0
cmp_00895,coding,Nova,1
cmp_00895,coding,Zenith,0
cmp_03117,reasoning,Astra,1
cmp_03117,reasoning,Zenith,0
cmp_03006,reasoning,Astra,0
cmp_03006,reasoning,Nova,1
cmp_04187,safety,Orion,1
cmp_04187,safety,Nimbus,0
cmp_04308,safety,Astra,1
cmp_04308,safety,Pulse,0
cmp_02968,reasoning,Astra,1
cmp_02968,reasoning,Nova,0
cmp_01376,math,Orion,0
cmp_01376,math,Nova,1
cmp_01876,math,Astra,1
cmp_01876,math,Zenith,0
cmp_03559,reasoning,Pulse,0
cmp_03559,reasoning,Zenith,1
cmp_03485,reasoning,Nova,1
cmp_03485,reasoning,Nimbus,0
cmp_02778,reasoning,Orion,1
cmp_02778,reasoning,Zenith,0
cmp_00189,coding,Orion,1
cmp_00189,coding,Pulse,0
cmp_01598,math,Orion,1
cmp_01598,math,Nimbus,0
cmp_04439,safety,Astra,1
cmp_04439,safety,Zenith,0
cmp_03985,safety,Orion,1
cmp_03985,safety,Pulse,0
cmp_02627,reasoning,Orion,1
cmp_02627,reasoning,Nova,0
cmp_03277,reasoning,Nova,0
cmp_03277,reasoning,Pulse,1
cmp_02140,math,Nova,1
cmp_02140,math,Zenith,0
cmp_00973,coding,Nova,0
cmp_00973,coding,Nimbus,1
cmp_04105,safety,Orion,0
cmp_04105,safety,Zenith,1
cmp_01981,math,Astra,0
cmp_01981,math,Nimbus,1
cmp_02848,reasoning,Orion,1
cmp_02848,reasoning,Zenith,0
cmp_00167,coding,Orion,0
cmp_00167,coding,Nova,1
cmp_02614,reasoning,Orion,0
cmp_02614,reasoning,Nova,1
cmp_04777,safety,Nova,1
cmp_04777,safety,Nimbus,0
cmp_01018,coding,Pulse,1
cmp_01018,coding,Zenith,0
cmp_03713,reasoning,Zenith,1
cmp_03713,reasoning,Nimbus,0
cmp_03434,reasoning,Nova,1
cmp_03434,reasoning,Zenith,0
cmp_01380,math,Orion,1
cmp_01380,math,Nova,0
cmp_02874,reasoning,Orion,1
cmp_02874,reasoning,Nimbus,0
cmp_03456,reasoning,Nova,1
cmp_03456,reasoning,Nimbus,0
cmp_00444,coding,Astra,0
cmp_00444,coding,Nova,1
cmp_01795,math,Astra,1
cmp_01795,math,Pulse,0
cmp_01517,math,Orion,1
cmp_01517,math,Zenith,0
cmp_01229,coding,Zenith,1
cmp_01229,coding,Nimbus,0
cmp_01946,math,Astra,1
cmp_01946,math,Nimbus,0
cmp_03494,reasoning,Nova,1
cmp_03494,reasoning,Nimbus,0
cmp_04058,safety,Orion,1
cmp_04058,safety,Zenith,0
cmp_02310,math,Pulse,1
cmp_02310,math,Zenith,0
cmp_04961,safety,Zenith,1
cmp_04961,safety,Nimbus,0
cmp_02126,math,Nova,0
cmp_02126,math,Zenith,1
cmp_03107,reasoning,Astra,1
cmp_03107,reasoning,Pulse,0
cmp_00150,coding,Orion,0
cmp_00150,coding,Nova,1
cmp_00693,coding,Astra,1
cmp_00693,coding,Nimbus,0
cmp_04608,safety,Nova,1
cmp_04608,safety,Pulse,0
cmp_00061,coding,Orion,0
cmp_00061,coding,Astra,1
cmp_04653,safety,Nova,1
cmp_04653,safety,Zenith,0
cmp_00220,coding,Orion,0
cmp_00220,coding,Pulse,1
cmp_02374,math,Pulse,0
cmp_02374,math,Nimbus,1
cmp_01789,math,Astra,1
cmp_01789,math,Pulse,0
cmp_01845,math,Astra,1
cmp_01845,math,Pulse,0
cmp_04688,safety,Nova,1
cmp_04688,safety,Zenith,0
cmp_02207,math,Nova,0
cmp_02207,math,Nimbus,1
cmp_01318,math,Orion,1
cmp_01318,math,Astra,0
cmp_03835,safety,Orion,1
cmp_03835,safety,Astra,0
cmp_02678,reasoning,Orion,1
cmp_02678,reasoning,Nova,0
cmp_01452,math,Orion,0
cmp_01452,math,Pulse,1
cmp_01537,math,Orion,1
cmp_01537,math,Zenith,0
cmp_01750,math,Astra,1
cmp_01750,math,Nova,0
cmp_02317,math,Pulse,0
cmp_02317,math,Zenith,1
cmp_03425,reasoning,Nova,1
cmp_03425,reasoning,Zenith,0
cmp_01806,math,Astra,0
cmp_01806,math,Pulse,1
cmp_02828,reasoning,Orion,1
cmp_02828,reasoning,Zenith,0
cmp_03992,safety,Orion,0
cmp_03992,safety,Pulse,1
cmp_02079,math,Nova,1
cmp_02079,math,Pulse,0
cmp_00025,coding,Orion,0
cmp_00025,coding,Astra,1
cmp_01803,math,Astra,1
cmp_01803,math,Pulse,0
cmp_03122,reasoning,Astra,0
cmp_03122,reasoning,Zenith,1
cmp_01918,math,Astra,0
cmp_01918,math,Zenith,1
cmp_03966,safety,Orion,1
cmp_03966,safety,Pulse,0
cmp_04466,safety,Astra,1
cmp_04466,safety,Nimbus,0
cmp_00606,coding,Astra,1
cmp_00606,coding,Zenith,0
cmp_00704,coding,Astra,1
cmp_00704,coding,Nimbus,0
cmp_03700,reasoning,Zenith,1
cmp_03700,reasoning,Nimbus,0
cmp_01567,math,Orion,1
cmp_01567,math,Zenith,0
cmp_00529,coding,Astra,1
cmp_00529,coding,Pulse,0
cmp_02077,math,Nova,0
cmp_02077,math,Pulse,1
cmp_02279,math,Pulse,1
cmp_02279,math,Zenith,0
cmp_01762,math,Astra,1
cmp_01762,math,Nova,0
cmp_01737,math,Astra,1
cmp_01737,math,Nova,0
cmp_03758,reasoning,Zenith,1
cmp_03758,reasoning,Nimbus,0
cmp_00356,coding,Orion,1
cmp_00356,coding,Nimbus,0
cmp_01808,math,Astra,1
cmp_01808,math,Pulse,0
cmp_00262,coding,Orion,1
cmp_00262,coding,Zenith,0
cmp_04596,safety,Nova,1
cmp_04596,safety,Pulse,0
cmp_01137,coding,Pulse,0
cmp_01137,coding,Nimbus,1
cmp_03748,reasoning,Zenith,1
cmp_03748,reasoning,Nimbus,0
cmp_01870,math,Astra,1
cmp_01870,math,Zenith,0
cmp_01564,math,Orion,1
cmp_01564,math,Zenith,0
cmp_01844,math,Astra,1
cmp_01844,math,Pulse,0
cmp_03661,reasoning,Pulse,1
cmp_03661,reasoning,Nimbus,0
cmp_01948,math,Astra,1
cmp_01948,math,Nimbus,0
cmp_03802,safety,Orion,0
cmp_03802,safety,Astra,1
cmp_01315,math,Orion,1
cmp_01315,math,Astra,0
cmp_01504,math,Orion,0
cmp_01504,math,Pulse,1
cmp_00778,coding,Nova,1
cmp_00778,coding,Pulse,0
cmp_00842,coding,Nova,1
cmp_00842,coding,Zenith,0
cmp_02863,reasoning,Orion,0
cmp_02863,reasoning,Nimbus,1
cmp_03769,reasoning,Zenith,1
cmp_03769,reasoning,Nimbus,0
cmp_00425,coding,Astra,1
cmp_00425,coding,Nova,0
cmp_02145,math,Nova,0
cmp_02145,math,Zenith,1
cmp_04168,safety,Orion,1
cmp_04168,safety,Nimbus,0
cmp_02049,math,Nova,0
cmp_02049,math,Pulse,1
cmp_02589,reasoning,Orion,1
cmp_02589,reasoning,Astra,0
cmp_00209,coding,Orion,1
cmp_00209,coding,Pulse,0
cmp_03429,reasoning,Nova,0
cmp_03429,reasoning,Zenith,1
cmp_05013,safety,Zenith,0
cmp_05013,safety,Nimbus,1
cmp_02562,reasoning,Orion,1
cmp_02562,reasoning,Astra,0
cmp_03050,reasoning,Astra,1
cmp_03050,reasoning,Pulse,0
cmp_04049,safety,Orion,0
cmp_04049,safety,Zenith,1
cmp_00486,coding,Astra,1
cmp_00486,coding,Nova,0
cmp_02246,math,Nova,1
cmp_02246,math,Nimbus,0
cmp_00966,coding,Nova,1
cmp_00966,coding,Nimbus,0
cmp_01779,math,Astra,1
cmp_01779,math,Pulse,0
cmp_03135,reasoning,Astra,0
cmp_03135,reasoning,Zenith,1
cmp_00699,coding,Astra,1
cmp_00699,coding,Nimbus,0
cmp_01363,math,Orion,1
cmp_01363,math,Nova,0
cmp_02895,reasoning,Orion,0
cmp_02895,reasoning,Nimbus,1
cmp_02123,math,Nova,1
cmp_02123,math,Zenith,0
cmp_02392,math,Pulse,1
cmp_02392,math,Nimbus,0
cmp_01734,math,Astra,1
cmp_01734,math,Nova,0
cmp_04840,safety,Pulse,1
cmp_04840,safety,Zenith,0
cmp_02549,reasoning,Orion,1
cmp_02549,reasoning,Astra,0
cmp_04919,safety,Pulse,0
cmp_04919,safety,Nimbus,1
cmp_03192,reasoning,Astra,1
cmp_03192,reasoning,Zenith,0
cmp_02180,math,Nova,1
cmp_02180,math,Zenith,0
cmp_02588,reasoning,Orion,1
cmp_02588,reasoning,Astra,0
cmp_01132,coding,Pulse,1
cmp_01132,coding,Nimbus,0
cmp_01987,math,Astra,0
cmp_01987,math,Nimbus,1
cmp_02457,math,Zenith,1
cmp_02457,math,Nimbus,0
cmp_04865,safety,Pulse,1
cmp_04865,safety,Zenith,0
cmp_00836,coding,Nova,1
cmp_00836,coding,Pulse,0
cmp_02411,math,Pulse,0
cmp_02411,math,Nimbus,1
cmp_03825,safety,Orion,0
cmp_03825,safety,Astra,1
cmp_02526,reasoning,Orion,1
cmp_02526,reasoning,Astra,0
cmp_02962,reasoning,Astra,1
cmp_02962,reasoning,Nova,0
cmp_02856,reasoning,Orion,0
cmp_02856,reasoning,Zenith,1
cmp_03279,reasoning,Nova,1
cmp_03279,reasoning,Pulse,0
cmp_03592,reasoning,Pulse,1
cmp_03592,reasoning,Zenith,0
cmp_04686,safety,Nova,1
cmp_04686,safety,Zenith,0
cmp_00277,coding,Orion,1
cmp_00277,coding,Zenith,0
cmp_04833,safety,Pulse,0
cmp_04833,safety,Zenith,1
cmp_04484,safety,Astra,1
cmp_04484,safety,Nimbus,0
cmp_01218,coding,Zenith,1
cmp_01218,coding,Nimbus,0
cmp_03717,reasoning,Zenith,1
cmp_03717,reasoning,Nimbus,0
cmp_03136,reasoning,Astra,1
cmp_03136,reasoning,Zenith,0
cmp_01330,math,Orion,1
cmp_01330,math,Astra,0
cmp_04161,safety,Orion,1
cmp_04161,safety,Nimbus,0
cmp_01224,coding,Zenith,1
cmp_01224,coding,Nimbus,0
cmp_00635,coding,Astra,0
cmp_00635,coding,Zenith,1
cmp_03931,safety,Orion,1
cmp_03931,safety,Nova,0
cmp_03723,reasoning,Zenith,1
cmp_03723,reasoning,Nimbus,0
cmp_03082,reasoning,Astra,1
cmp_03082,reasoning,Pulse,0
cmp_02690,reasoning,Orion,1
cmp_02690,reasoning,Pulse,0
cmp_01724,math,Astra,1
cmp_01724,math,Nova,0
cmp_01893,math,Astra,1
cmp_01893,math,Zenith,0
cmp_03834,safety,Orion,1
cmp_03834,safety,Astra,0
cmp_03283,reasoning,Nova,1
cmp_03283,reasoning,Pulse,0
cmp_02253,math,Nova,1
cmp_02253,math,Nimbus,0
cmp_04535,safety,Astra,0
cmp_04535,safety,Nimbus,1
cmp_00006,coding,Orion,1
cmp_00006,coding,Astra,0
cmp_02156,math,Nova,0
cmp_02156,math,Zenith,1
cmp_02853,reasoning,Orion,0
cmp_02853,reasoning,Zenith,1
cmp_01637,math,Orion,1
cmp_01637,math,Nimbus,0
cmp_04488,safety,Astra,0
cmp_04488,safety,Nimbus,1
cmp_02299,math,Pulse,1
cmp_02299,math,Zenith,0
cmp_00003,coding,Orion,0
cmp_00003,coding,Astra,1
cmp_03146,reasoning,Astra,0
cmp_03146,reasoning,Zenith,1
cmp_02841,reasoning,Orion,1
cmp_02841,reasoning,Zenith,0
cmp_03958,safety,Orion,1
cmp_03958,safety,Pulse,0
cmp_04711,safety,Nova,0
cmp_04711,safety,Nimbus,1
cmp_02545,reasoning,Orion,1
cmp_02545,reasoning,Astra,0
cmp_00847,coding,Nova,1
cmp_00847,coding,Zenith,0
cmp_05037,safety,Zenith,1
cmp_05037,safety,Nimbus,0
cmp_01691,math,Astra,0
cmp_01691,math,Nova,1
cmp_00222,coding,Orion,1
cmp_00222,coding,Pulse,0
cmp_03499,reasoning,Nova,1
cmp_03499,reasoning,Nimbus,0
cmp_01039,coding,Pulse,0
cmp_01039,coding,Zenith,1
cmp_03118,reasoning,Astra,1
cmp_03118,reasoning,Zenith,0
cmp_04101,safety,Orion,1
cmp_04101,safety,Zenith,0
cmp_02686,reasoning,Orion,0
cmp_02686,reasoning,Nova,1
cmp_04499,safety,Astra,0
cmp_04499,safety,Nimbus,1
cmp_00267,coding,Orion,0
cmp_00267,coding,Zenith,1
cmp_01739,math,Astra,1
cmp_01739,math,Nova,0
cmp_00072,coding,Orion,0
cmp_00072,coding,Astra,1
cmp_04867,safety,Pulse,1
cmp_04867,safety,Zenith,0
cmp_00597,coding,Astra,1
cmp_00597,coding,Zenith,0
cmp_04031,safety,Orion,0
cmp_04031,safety,Pulse,1
cmp_03368,reasoning,Nova,0
cmp_03368,reasoning,Zenith,1
cmp_04079,safety,Orion,1
cmp_04079,safety,Zenith,0
cmp_03929,safety,Orion,1
cmp_03929,safety,Nova,0
cmp_00195,coding,Orion,1
cmp_00195,coding,Pulse,0
cmp_01745,math,Astra,0
cmp_01745,math,Nova,1
cmp_01825,math,Astra,1
cmp_01825,math,Pulse,0
cmp_04367,safety,Astra,1
cmp_04367,safety,Pulse,0
cmp_02002,math,Astra,1
cmp_02002,math,Nimbus,0
cmp_03194,reasoning,Astra,0
cmp_03194,reasoning,Nimbus,1
cmp_00534,coding,Astra,1
cmp_00534,coding,Pulse,0
cmp_01248,coding,Zenith,0
cmp_01248,coding,Nimbus,1
cmp_04283,safety,Astra,0
cmp_04283,safety,Nova,1
cmp_02675,reasoning,Orion,1
cmp_02675,reasoning,Nova,0
cmp_01347,math,Orion,1
cmp_01347,math,Nova,0
cmp_00451,coding,Astra,1
cmp_00451,coding,Nova,0
cmp_04353,safety,Astra,0
cmp_04353,safety,Pulse,1
cmp_03895,safety,Orion,1
cmp_03895,safety,Nova,0
cmp_04260,safety,Astra,1
cmp_04260,safety,Nova,0
cmp_00889,coding,Nova,1
cmp_00889,coding,Zenith,0
cmp_00292,coding,Orion,1
cmp_00292,coding,Zenith,0
cmp_03255,reasoning,Astra,1
cmp_03255,reasoning,Nimbus,0
cmp_02455,math,Zenith,0
cmp_02455,math,Nimbus,1
cmp_04769,safety,Nova,1
cmp_04769,safety,Nimbus,0
cmp_00386,coding,Orion,0
cmp_00386,coding,Nimbus,1
cmp_04195,safety,Orion,1
cmp_04195,safety,Nimbus,0
cmp_04785,safety,Nova,1
cmp_04785,safety,Nimbus,0
cmp_00254,coding,Orion,0
cmp_00254,coding,Zenith,1
cmp_00865,coding,Nova,1
cmp_00865,coding,Zenith,0
cmp_03476,reasoning,Nova,1
cmp_03476,reasoning,Nimbus,0
cmp_01767,math,Astra,0
cmp_01767,math,Pulse,1
cmp_03856,safety,Orion,1
cmp_03856,safety,Astra,0
cmp_01444,math,Orion,0
cmp_01444,math,Pulse,1
cmp_00767,coding,Nova,0
cmp_00767,coding,Pulse,1
cmp_02802,reasoning,Orion,1
cmp_02802,reasoning,Zenith,0
cmp_01683,math,Astra,1
cmp_01683,math,Nova,0
cmp_02262,math,Nova,1
cmp_02262,math,Nimbus,0
cmp_01453,math,Orion,1
cmp_01453,math,Pulse,0
cmp_01076,coding,Pulse,1
cmp_01076,coding,Zenith,0
cmp_03756,reasoning,Zenith,0
cmp_03756,reasoning,Nimbus,1
cmp_01460,math,Orion,1
cmp_01460,math,Pulse,0
cmp_00655,coding,Astra,0
cmp_00655,coding,Zenith,1
cmp_04348,safety,Astra,1
cmp_04348,safety,Pulse,0
cmp_03822,safety,Orion,0
cmp_03822,safety,Astra,1
cmp_01391,math,Orion,0
cmp_01391,math,Nova,1
cmp_01302,math,Orion,0
cmp_01302,math,Astra,1
cmp_04020,safety,Orion,0
cmp_04020,safety,Pulse,1
cmp_00166,coding,Orion,1
cmp_00166,coding,Nova,0
cmp_02205,math,Nova,1
cmp_02205,math,Nimbus,0
cmp_03227,reasoning,Astra,1
cmp_03227,reasoning,Nimbus,0
cmp_03881,safety,Orion,0
cmp_03881,safety,Nova,1
cmp_02503,math,Zenith,0
cmp_02503,math,Nimbus,1
cmp_01314,math,Orion,1
cmp_01314,math,Astra,0
cmp_03024,reasoning,Astra,1
cmp_03024,reasoning,Nova,0
cmp_01109,coding,Pulse,0
cmp_01109,coding,Nimbus,1
cmp_02486,math,Zenith,1
cmp_02486,math,Nimbus,0
cmp_01434,math,Orion,1
cmp_01434,math,Pulse,0
cmp_00794,coding,Nova,0
cmp_00794,coding,Pulse,1
cmp_04830,safety,Pulse,1
cmp_04830,safety,Zenith,0
cmp_02166,math,Nova,1
cmp_02166,math,Zenith,0
cmp_00186,coding,Orion,1
cmp_00186,coding,Pulse,0
cmp_03522,reasoning,Nova,1
cmp_03522,reasoning,Nimbus,0
cmp_02422,math,Pulse,1
cmp_02422,math,Nimbus,0
cmp_01404,math,Orion,1
cmp_01404,math,Nova,0
cmp_01791,math,Astra,1
cmp_01791,math,Pulse,0
cmp_00095,coding,Orion,1
cmp_00095,coding,Nova,0
cmp_03937,safety,Orion,1
cmp_03937,safety,Nova,0
cmp_03660,reasoning,Pulse,1
cmp_03660,reasoning,Nimbus,0
cmp_00611,coding,Astra,0
cmp_00611,coding,Zenith,1
cmp_03686,reasoning,Pulse,1
cmp_03686,reasoning,Nimbus,0
cmp_03473,reasoning,Nova,1
cmp_03473,reasoning,Nimbus,0
cmp_00589,coding,Astra,1
cmp_00589,coding,Zenith,0
cmp_03732,reasoning,Zenith,0
cmp_03732,reasoning,Nimbus,1
cmp_02646,reasoning,Orion,1
cmp_02646,reasoning,Nova,0
cmp_00113,coding,Orion,1
cmp_00113,coding,Nova,0
cmp_01591,math,Orion,1
cmp_01591,math,Zenith,0
cmp_03179,reasoning,Astra,1
cmp_03179,reasoning,Zenith,0
cmp_01204,coding,Zenith,1
cmp_01204,coding,Nimbus,0
cmp_02834,reasoning,Orion,0
cmp_02834,reasoning,Zenith,1
cmp_00501,coding,Astra,0
cmp_00501,coding,Nova,1
cmp_00066,coding,Orion,1
cmp_00066,coding,Astra,0
cmp_04370,safety,Astra,0
cmp_04370,safety,Zenith,1
cmp_04420,safety,Astra,1
cmp_04420,safety,Zenith,0
cmp_00535,coding,Astra,0
cmp_00535,coding,Pulse,1
cmp_00546,coding,Astra,0
cmp_00546,coding,Pulse,1
cmp_02125,math,Nova,1
cmp_02125,math,Zenith,0
cmp_04023,safety,Orion,1
cmp_04023,safety,Pulse,0
cmp_03225,reasoning,Astra,1
cmp_03225,reasoning,Nimbus,0
cmp_02767,reasoning,Orion,1
cmp_02767,reasoning,Pulse,0
cmp_00378,coding,Orion,1
cmp_00378,coding,Nimbus,0
cmp_00034,coding,Orion,1
cmp_00034,coding,Astra,0
cmp_01238,coding,Zenith,1
cmp_01238,coding,Nimbus,0
cmp_00821,coding,Nova,1
cmp_00821,coding,Pulse,0
cmp_01815,math,Astra,1
cmp_01815,math,Pulse,0
cmp_03762,reasoning,Zenith,0
cmp_03762,reasoning,Nimbus,1
cmp_04073,safety,Orion,1
cmp_04073,safety,Zenith,0
cmp_02990,reasoning,Astra,0
cmp_02990,reasoning,Nova,1
cmp_04797,safety,Pulse,1
cmp_04797,safety,Zenith,0
cmp_04329,safety,Astra,1
cmp_04329,safety,Pulse,0
cmp_03915,safety,Orion,0
cmp_03915,safety,Nova,1
cmp_04539,safety,Nova,1
cmp_04539,safety,Pulse,0
cmp_04558,safety,Nova,1
cmp_04558,safety,Pulse,0
cmp_03721,reasoning,Zenith,1
cmp_03721,reasoning,Nimbus,0
cmp_01175,coding,Pulse,1
cmp_01175,coding,Nimbus,0
cmp_04986,safety,Zenith,0
cmp_04986,safety,Nimbus,1
cmp_00675,coding,Astra,1
cmp_00675,coding,Nimbus,0
cmp_02793,reasoning,Orion,1
cmp_02793,reasoning,Zenith,0
cmp_01280,math,Orion,0
cmp_01280,math,Astra,1
cmp_01328,math,Orion,0
cmp_01328,math,Astra,1
cmp_03402,reasoning,Nova,1
cmp_03402,reasoning,Zenith,0
cmp_00974,coding,Nova,1
cmp_00974,coding,Nimbus,0
cmp_02819,reasoning,Orion,1
cmp_02819,reasoning,Zenith,0
cmp_00645,coding,Astra,0
cmp_00645,coding,Zenith,1
cmp_03780,reasoning,Zenith,1
cmp_03780,reasoning,Nimbus,0
cmp_01562,math,Orion,0
cmp_01562,math,Zenith,1
cmp_02960,reasoning,Astra,1
cmp_02960,reasoning,Nova,0
cmp_05029,safety,Zenith,0
cmp_05029,safety,Nimbus,1
cmp_03012,reasoning,Astra,1
cmp_03012,reasoning,Nova,0
cmp_03083,reasoning,Astra,0
cmp_03083,reasoning,Pulse,1
cmp_01142,coding,Pulse,1
cmp_01142,coding,Nimbus,0
cmp_02846,reasoning,Orion,0
cmp_02846,reasoning,Zenith,1
cmp_04134,safety,Orion,1
cmp_04134,safety,Nimbus,0
cmp_04667,safety,Nova,0
cmp_04667,safety,Zenith,1
cmp_00580,coding,Astra,1
cmp_00580,coding,Pulse,0
cmp_04726,safety,Nova,1
cmp_04726,safety,Nimbus,0
cmp_02555,reasoning,Orion,0
cmp_02555,reasoning,Astra,1
cmp_00335,coding,Orion,1
cmp_00335,coding,Zenith,0
cmp_01732,math,Astra,1
cmp_01732,math,Nova,0
cmp_00820,coding,Nova,0
cmp_00820,coding,Pulse,1
cmp_04674,safety,Nova,0
cmp_04674,safety,Zenith,1
cmp_02644,reasoning,Orion,0
cmp_02644,reasoning,Nova,1
cmp_02460,math,Zenith,1
cmp_02460,math,Nimbus,0
cmp_01667,math,Orion,1
cmp_01667,math,Nimbus,0
cmp_03814,safety,Orion,1
cmp_03814,safety,Astra,0
cmp_02047,math,Nova,1
cmp_02047,math,Pulse,0
cmp_02689,reasoning,Orion,0
cmp_02689,reasoning,Pulse,1
cmp_04059,safety,Orion,1
cmp_04059,safety,Zenith,0
cmp_00075,coding,Orion,0
cmp_00075,coding,Astra,1
cmp_01690,math,Astra,1
cmp_01690,math,Nova,0
cmp_01397,math,Orion,1
cmp_01397,math,Nova,0
cmp_00124,coding,Orion,1
cmp_00124,coding,Nova,0
cmp_04150,safety,Orion,1
cmp_04150,safety,Nimbus,0
cmp_00326,coding,Orion,1
cmp_00326,coding,Zenith,0
cmp_00491,coding,Astra,0
cmp_00491,coding,Nova,1
cmp_04555,safety,Nova,1
cmp_04555,safety,Pulse,0
cmp_02063,math,Nova,0
cmp_02063,math,Pulse,1
cmp_03607,reasoning,Pulse,1
cmp_03607,reasoning,Zenith,0
cmp_04494,safety,Astra,1
cmp_04494,safety,Nimbus,0
cmp_01299,math,Orion,0
cmp_01299,math,Astra,1
cmp_04240,safety,Astra,0
cmp_04240,safety,Nova,1
cmp_01148,coding,Pulse,0
cmp_01148,coding,Nimbus,1
cmp_02763,reasoning,Orion,0
cmp_02763,reasoning,Pulse,1
cmp_03657,reasoning,Pulse,0
cmp_03657,reasoning,Nimbus,1
cmp_04548,safety,Nova,1
cmp_04548,safety,Pulse,0
cmp_05011,safety,Zenith,1
cmp_05011,safety,Nimbus,0
cmp_04443,safety,Astra,1
cmp_04443,safety,Zenith,0
cmp_03832,safety,Orion,0
cmp_03832,safety,Astra,1
cmp_00726,coding,Astra,1
cmp_00726,coding,Nimbus,0
cmp_02534,reasoning,Orion,1
cmp_02534,reasoning,Astra,0
cmp_04663,safety,Nova,1
cmp_04663,safety,Zenith,0
cmp_04160,safety,Orion,1
cmp_04160,safety,Nimbus,0
cmp_02399,math,Pulse,0
cmp_02399,math,Nimbus,1
cmp_01882,math,Astra,1
cmp_01882,math,Zenith,0
cmp_02318,math,Pulse,0
cmp_02318,math,Zenith,1
cmp_00073,coding,Orion,0
cmp_00073,coding,Astra,1
cmp_01914,math,Astra,1
cmp_01914,math,Zenith,0
cmp_00900,coding,Nova,1
cmp_00900,coding,Zenith,0
cmp_02805,reasoning,Orion,1
cmp_02805,reasoning,Zenith,0
cmp_04175,safety,Orion,1
cmp_04175,safety,Nimbus,0
cmp_02590,reasoning,Orion,1
cmp_02590,reasoning,Astra,0
cmp_04094,safety,Orion,0
cmp_04094,safety,Zenith,1
cmp_03963,safety,Orion,0
cmp_03963,safety,Pulse,1
cmp_02734,reasoning,Orion,1
cmp_02734,reasoning,Pulse,0
cmp_00203,coding,Orion,0
cmp_00203,coding,Pulse,1
cmp_01122,coding,Pulse,1
cmp_01122,coding,Nimbus,0
cmp_00148,coding,Orion,1
cmp_00148,coding,Nova,0
cmp_00369,coding,Orion,1
cmp_00369,coding,Nimbus,0
cmp_04937,safety,Pulse,1
cmp_04937,safety,Nimbus,0
cmp_01617,math,Orion,1
cmp_01617,math,Nimbus,0
cmp_01746,math,Astra,1
cmp_01746,math,Nova,0
cmp_02245,math,Nova,1
cmp_02245,math,Nimbus,0
cmp_04832,safety,Pulse,0
cmp_04832,safety,Zenith,1
cmp_03908,safety,Orion,1
cmp_03908,safety,Nova,0
cmp_04163,safety,Orion,0
cmp_04163,safety,Nimbus,1
cmp_03708,reasoning,Zenith,0
cmp_03708,reasoning,Nimbus,1
cmp_02188,math,Nova,0
cmp_02188,math,Nimbus,1
cmp_00522,coding,Astra,1
cmp_00522,coding,Pulse,0
cmp_00550,coding,Astra,1
cmp_00550,coding,Pulse,0
cmp_02173,math,Nova,1
cmp_02173,math,Zenith,0
cmp_01240,coding,Zenith,1
cmp_01240,coding,Nimbus,0
cmp_03293,reasoning,Nova,0
cmp_03293,reasoning,Pulse,1
cmp_04328,safety,Astra,1
cmp_04328,safety,Pulse,0
cmp_03513,reasoning,Nova,1
cmp_03513,reasoning,Nimbus,0
cmp_01771,math,Astra,0
cmp_01771,math,Pulse,1
cmp_01666,math,Orion,1
cmp_01666,math,Nimbus,0
cmp_02523,reasoning,Orion,1
cmp_02523,reasoning,Astra,0
cmp_04317,safety,Astra,0
cmp_04317,safety,Pulse,1
cmp_00085,coding,Orion,0
cmp_00085,coding,Nova,1
cmp_01811,math,Astra,1
cmp_01811,math,Pulse,0
cmp_01980,math,Astra,0
cmp_01980,math,Nimbus,1
cmp_00681,coding,Astra,1
cmp_00681,coding,Nimbus,0
cmp_04135,safety,Orion,0
cmp_04135,safety,Nimbus,1
cmp_02956,reasoning,Astra,1
cmp_02956,reasoning,Nova,0
cmp_01704,math,Astra,1
cmp_01704,math,Nova,0
cmp_02100,math,Nova,1
cmp_02100,math,Pulse,0
cmp_00596,coding,Astra,1
cmp_00596,coding,Zenith,0
cmp_00915,coding,Nova,1
cmp_00915,coding,Zenith,0
cmp_02036,math,Nova,0
cmp_02036,math,Pulse,1
cmp_00582,coding,Astra,0
cmp_00582,coding,Pulse,1
cmp_02691,reasoning,Orion,1
cmp_02691,reasoning,Pulse,0
cmp_03972,safety,Orion,1
cmp_03972,safety,Pulse,0
cmp_04409,safety,Astra,0
cmp_04409,safety,Zenith,1
cmp_01871,math,Astra,0
cmp_01871,math,Zenith,1
cmp_04319,safety,Astra,0
cmp_04319,safety,Pulse,1
cmp_03839,safety,Orion,1
cmp_03839,safety,Astra,0
cmp_00914,coding,Nova,0
cmp_00914,coding,Zenith,1
cmp_00088,coding,Orion,0
cmp_00088,coding,Nova,1
cmp_00537,coding,Astra,1
cmp_00537,coding,Pulse,0
cmp_02620,reasoning,Orion,0
cmp_02620,reasoning,Nova,1
cmp_03467,reasoning,Nova,1
cmp_03467,reasoning,Nimbus,0
cmp_00127,coding,Orion,1
cmp_00127,coding,Nova,0
cmp_00424,coding,Astra,1
cmp_00424,coding,Nova,0
cmp_04490,safety,Astra,1
cmp_04490,safety,Nimbus,0
cmp_01624,math,Orion,1
cmp_01624,math,Nimbus,0
cmp_02358,math,Pulse,1
cmp_02358,math,Nimbus,0
cmp_02004,math,Astra,1
cmp_02004,math,Nimbus,0
cmp_03827,safety,Orion,0
cmp_03827,safety,Astra,1
cmp_02134,math,Nova,1
cmp_02134,math,Zenith,0
cmp_03060,reasoning,Astra,0
cmp_03060,reasoning,Pulse,1
cmp_02971,reasoning,Astra,0
cmp_02971,reasoning,Nova,1
cmp_03251,reasoning,Astra,0
cmp_03251,reasoning,Nimbus,1
cmp_00394,coding,Orion,0
cmp_00394,coding,Nimbus,1
cmp_00320,coding,Orion,0
cmp_00320,coding,Zenith,1
cmp_02975,reasoning,Astra,1
cmp_02975,reasoning,Nova,0
cmp_02003,math,Astra,0
cmp_02003,math,Nimbus,1
cmp_04445,safety,Astra,1
cmp_04445,safety,Zenith,0
cmp_01899,math,Astra,0
cmp_01899,math,Zenith,1
cmp_04397,safety,Astra,0
cmp_04397,safety,Zenith,1
cmp_01045,coding,Pulse,0
cmp_01045,coding,Zenith,1
cmp_00621,coding,Astra,1
cmp_00621,coding,Zenith,0
cmp_02761,reasoning,Orion,0
cmp_02761,reasoning,Pulse,1
cmp_02985,reasoning,Astra,1
cmp_02985,reasoning,Nova,0
cmp_02740,reasoning,Orion,1
cmp_02740,reasoning,Pulse,0
cmp_00115,coding,Orion,1
cmp_00115,coding,Nova,0
cmp_02668,reasoning,Orion,1
cmp_02668,reasoning,Nova,0
cmp_00422,coding,Astra,1
cmp_00422,coding,Nova,0
cmp_04567,safety,Nova,0
cmp_04567,safety,Pulse,1
cmp_03487,reasoning,Nova,1
cmp_03487,reasoning,Nimbus,0
cmp_02973,reasoning,Astra,0
cmp_02973,reasoning,Nova,1
cmp_04880,safety,Pulse,1
cmp_04880,safety,Nimbus,0
cmp_02719,reasoning,Orion,1
cmp_02719,reasoning,Pulse,0
cmp_02735,reasoning,Orion,0
cmp_02735,reasoning,Pulse,1
cmp_00237,coding,Orion,1
cmp_00237,coding,Pulse,0
cmp_00409,coding,Orion,1
cmp_00409,coding,Nimbus,0
cmp_04703,safety,Nova,1
cmp_04703,safety,Zenith,0
cmp_03337,reasoning,Nova,1
cmp_03337,reasoning,Pulse,0
cmp_04543,safety,Nova,1
cmp_04543,safety,Pulse,0
cmp_01681,math,Astra,1
cmp_01681,math,Nova,0
cmp_04875,safety,Pulse,1
cmp_04875,safety,Nimbus,0
cmp_01200,coding,Zenith,0
cmp_01200,coding,Nimbus,1
cmp_02338,math,Pulse,0
cmp_02338,math,Zenith,1
cmp_01563,math,Orion,1
cmp_01563,math,Zenith,0
cmp_03813,safety,Orion,0
cmp_03813,safety,Astra,1
cmp_03851,safety,Orion,0
cmp_03851,safety,Astra,1
cmp_02977,reasoning,Astra,1
cmp_02977,reasoning,Nova,0
cmp_00748,coding,Astra,0
cmp_00748,coding,Nimbus,1
cmp_01715,math,Astra,0
cmp_01715,math,Nova,1
cmp_03182,reasoning,Astra,1
cmp_03182,reasoning,Zenith,0
cmp_03343,reasoning,Nova,0
cmp_03343,reasoning,Pulse,1
cmp_02142,math,Nova,0
cmp_02142,math,Zenith,1
cmp_01880,math,Astra,1
cmp_01880,math,Zenith,0
cmp_04860,safety,Pulse,1
cmp_04860,safety,Zenith,0
cmp_01735,math,Astra,0
cmp_01735,math,Nova,1
cmp_02751,reasoning,Orion,1
cmp_02751,reasoning,Pulse,0
cmp_00818,coding,Nova,0
cmp_00818,coding,Pulse,1
cmp_01782,math,Astra,1
cmp_01782,math,Pulse,0
cmp_03874,safety,Orion,0
cmp_03874,safety,Nova,1
cmp_02923,reasoning,Orion,1
cmp_02923,reasoning,Nimbus,0
cmp_00300,coding,Orion,0
cmp_00300,coding,Zenith,1
cmp_03712,reasoning,Zenith,1
cmp_03712,reasoning,Nimbus,0
cmp_00929,coding,Nova,1
cmp_00929,coding,Nimbus,0
cmp_03191,reasoning,Astra,1
cmp_03191,reasoning,Zenith,0
cmp_03919,safety,Orion,1
cmp_03919,safety,Nova,0
cmp_00566,coding,Astra,0
cmp_00566,coding,Pulse,1
cmp_01214,coding,Zenith,0
cmp_01214,coding,Nimbus,1
cmp_03562,reasoning,Pulse,1
cmp_03562,reasoning,Zenith,0
cmp_04750,safety,Nova,1
cmp_04750,safety,Nimbus,0
cmp_01884,math,Astra,0
cmp_01884,math,Zenith,1
cmp_03589,reasoning,Pulse,0
cmp_03589,reasoning,Zenith,1
cmp_00755,coding,Astra,1
cmp_00755,coding,Nimbus,0
cmp_03996,safety,Orion,1
cmp_03996,safety,Pulse,0
cmp_00601,coding,Astra,1
cmp_00601,coding,Zenith,0
cmp_03185,reasoning,Astra,1
cmp_03185,reasoning,Zenith,0
cmp_04193,safety,Orion,1
cmp_04193,safety,Nimbus,0
cmp_03899,safety,Orion,1
cmp_03899,safety,Nova,0
cmp_03950,safety,Orion,1
cmp_03950,safety,Pulse,0
cmp_01296,math,Orion,0
cmp_01296,math,Astra,1
cmp_01843,math,Astra,0
cmp_01843,math,Pulse,1
cmp_03586,reasoning,Pulse,1
cmp_03586,reasoning,Zenith,0
cmp_02550,reasoning,Orion,1
cmp_02550,reasoning,Astra,0
cmp_03726,reasoning,Zenith,0
cmp_03726,reasoning,Nimbus,1
cmp_01454,math,Orion,1
cmp_01454,math,Pulse,0
cmp_04829,safety,Pulse,1
cmp_04829,safety,Zenith,0
cmp_00646,coding,Astra,1
cmp_00646,coding,Zenith,0
cmp_02601,reasoning,Orion,1
cmp_02601,reasoning,Astra,0
cmp_04390,safety,Astra,1
cmp_04390,safety,Zenith,0
cmp_02963,reasoning,Astra,1
cmp_02963,reasoning,Nova,0
cmp_04646,safety,Nova,1
cmp_04646,safety,Zenith,0
cmp_01907,math,Astra,1
cmp_01907,math,Zenith,0
cmp_02454,math,Zenith,1
cmp_02454,math,Nimbus,0
cmp_03129,reasoning,Astra,0
cmp_03129,reasoning,Zenith,1
cmp_04847,safety,Pulse,0
cmp_04847,safety,Zenith,1
cmp_01529,math,Orion,1
cmp_01529,math,Zenith,0
cmp_01786,math,Astra,0
cmp_01786,math,Pulse,1
cmp_03749,reasoning,Zenith,0
cmp_03749,reasoning,Nimbus,1
cmp_00266,coding,Orion,1
cmp_00266,coding,Zenith,0
cmp_04515,safety,Astra,1
cmp_04515,safety,Nimbus,0
cmp_01243,coding,Zenith,1
cmp_01243,coding,Nimbus,0
cmp_03609,reasoning,Pulse,1
cmp_03609,reasoning,Zenith,0
cmp_02652,reasoning,Orion,1
cmp_02652,reasoning,Nova,0
cmp_02597,reasoning,Orion,1
cmp_02597,reasoning,Astra,0
cmp_02683,reasoning,Orion,0
cmp_02683,reasoning,Nova,1
cmp_01062,coding,Pulse,0
cmp_01062,coding,Zenith,1
cmp_00268,coding,Orion,1
cmp_00268,coding,Zenith,0
cmp_00987,coding,Nova,1
cmp_00987,coding,Nimbus,0
cmp_01327,math,Orion,1
cmp_01327,math,Astra,0
cmp_00640,coding,Astra,0
cmp_00640,coding,Zenith,1
cmp_02380,math,Pulse,0
cmp_02380,math,Nimbus,1
cmp_00388,coding,Orion,1
cmp_00388,coding,Nimbus,0
cmp_01478,math,Orion,1
cmp_01478,math,Pulse,0
cmp_04166,safety,Orion,1
cmp_04166,safety,Nimbus,0
cmp_02783,reasoning,Orion,1
cmp_02783,reasoning,Zenith,0
cmp_02951,reasoning,Astra,0
cmp_02951,reasoning,Nova,1
cmp_03017,reasoning,Astra,0
cmp_03017,reasoning,Nova,1
cmp_04551,safety,Nova,1
cmp_04551,safety,Pulse,0
cmp_04786,safety,Nova,0
cmp_04786,safety,Nimbus,1
cmp_01476,math,Orion,1
cmp_01476,math,Pulse,0
cmp_02442,math,Zenith,1
cmp_02442,math,Nimbus,0
cmp_03108,reasoning,Astra,1
cmp_03108,reasoning,Pulse,0
cmp_04110,safety,Orion,1
cmp_04110,safety,Zenith,0
cmp_02567,reasoning,Orion,0
cmp_02567,reasoning,Astra,1
cmp_02193,math,Nova,1
cmp_02193,math,Nimbus,0
cmp_02446,math,Zenith,1
cmp_02446,math,Nimbus,0
cmp_03707,reasoning,Zenith,0
cmp_03707,reasoning,Nimbus,1
cmp_04910,safety,Pulse,1
cmp_04910,safety,Nimbus,0
cmp_00009,coding,Orion,1
cmp_00009,coding,Astra,0
cmp_02122,math,Nova,1
cmp_02122,math,Zenith,0
cmp_03065,reasoning,Astra,1
cmp_03065,reasoning,Pulse,0
cmp_01016,coding,Pulse,1
cmp_01016,coding,Zenith,0
cmp_01232,coding,Zenith,1
cmp_01232,coding,Nimbus,0
cmp_00926,coding,Nova,1
cmp_00926,coding,Nimbus,0
cmp_03387,reasoning,Nova,1
cmp_03387,reasoning,Zenith,0
cmp_02438,math,Zenith,0
cmp_02438,math,Nimbus,1
cmp_00521,coding,Astra,1
cmp_00521,coding,Pulse,0
cmp_01311,math,Orion,1
cmp_01311,math,Astra,0
cmp_01187,coding,Zenith,0
cmp_01187,coding,Nimbus,1
cmp_04465,safety,Astra,0
cmp_04465,safety,Nimbus,1
cmp_01749,math,Astra,0
cmp_01749,math,Nova,1
cmp_00137,coding,Orion,0
cmp_00137,coding,Nova,1
cmp_01744,math,Astra,0
cmp_01744,math,Nova,1
cmp_01211,coding,Zenith,1
cmp_01211,coding,Nimbus,0
cmp_04026,safety,Orion,0
cmp_04026,safety,Pulse,1
cmp_04787,safety,Nova,1
cmp_04787,safety,Nimbus,0
cmp_04055,safety,Orion,1
cmp_04055,safety,Zenith,0
cmp_01350,math,Orion,1
cmp_01350,math,Nova,0
cmp_00509,coding,Astra,0
cmp_00509,coding,Pulse,1
cmp_01953,math,Astra,1
cmp_01953,math,Nimbus,0
cmp_01728,math,Astra,0
cmp_01728,math,Nova,1
cmp_01003,coding,Nova,0
cmp_01003,coding,Nimbus,1
cmp_00454,coding,Astra,1
cmp_00454,coding,Nova,0
cmp_02192,math,Nova,0
cmp_02192,math,Nimbus,1
cmp_04933,safety,Pulse,1
cmp_04933,safety,Nimbus,0
cmp_03339,reasoning,Nova,1
cmp_03339,reasoning,Pulse,0
cmp_01740,math,Astra,0
cmp_01740,math,Nova,1
cmp_00770,coding,Nova,0
cmp_00770,coding,Pulse,1
cmp_00660,coding,Astra,1
cmp_00660,coding,Zenith,0
cmp_04945,safety,Pulse,1
cmp_04945,safety,Nimbus,0
cmp_02546,reasoning,Orion,1
cmp_02546,reasoning,Astra,0
cmp_03997,safety,Orion,0
cmp_03997,safety,Pulse,1
cmp_04015,safety,Orion,1
cmp_04015,safety,Pulse,0
cmp_01494,math,Orion,1
cmp_01494,math,Pulse,0
cmp_01985,math,Astra,1
cmp_01985,math,Nimbus,0
cmp_04491,safety,Astra,0
cmp_04491,safety,Nimbus,1
cmp_03116,reasoning,Astra,0
cmp_03116,reasoning,Zenith,1
cmp_04724,safety,Nova,0
cmp_04724,safety,Nimbus,1
cmp_03365,reasoning,Nova,1
cmp_03365,reasoning,Zenith,0
cmp_02011,math,Astra,1
cmp_02011,math,Nimbus,0
cmp_00467,coding,Astra,0
cmp_00467,coding,Nova,1
cmp_02837,reasoning,Orion,1
cmp_02837,reasoning,Zenith,0
cmp_00212,coding,Orion,0
cmp_00212,coding,Pulse,1
cmp_02984,reasoning,Astra,1
cmp_02984,reasoning,Nova,0
cmp_01804,math,Astra,1
cmp_01804,math,Pulse,0
cmp_04642,safety,Nova,1
cmp_04642,safety,Zenith,0
cmp_00712,coding,Astra,1
cmp_00712,coding,Nimbus,0
cmp_03413,reasoning,Nova,1
cmp_03413,reasoning,Zenith,0
cmp_01447,math,Orion,0
cmp_01447,math,Pulse,1
cmp_02600,reasoning,Orion,0
cmp_02600,reasoning,Astra,1
cmp_04605,safety,Nova,0
cmp_04605,safety,Pulse,1
cmp_02713,reasoning,Orion,1
cmp_02713,reasoning,Pulse,0
cmp_04401,safety,Astra,0
cmp_04401,safety,Zenith,1
cmp_01030,coding,Pulse,1
cmp_01030,coding,Zenith,0
cmp_02305,math,Pulse,0
cmp_02305,math,Zenith,1
cmp_02813,reasoning,Orion,0
cmp_02813,reasoning,Zenith,1
cmp_00859,coding,Nova,0
cmp_00859,coding,Zenith,1
cmp_02942,reasoning,Astra,0
cmp_02942,reasoning,Nova,1
cmp_00252,coding,Orion,1
cmp_00252,coding,Pulse,0
cmp_02017,math,Nova,1
cmp_02017,math,Pulse,0
cmp_00658,coding,Astra,1
cmp_00658,coding,Zenith,0
cmp_04100,safety,Orion,0
cmp_04100,safety,Zenith,1
cmp_00219,coding,Orion,0
cmp_00219,coding,Pulse,1
cmp_01652,math,Orion,1
cmp_01652,math,Nimbus,0
cmp_01752,math,Astra,0
cmp_01752,math,Nova,1
cmp_00587,coding,Astra,1
cmp_00587,coding,Pulse,0
cmp_01929,math,Astra,1
cmp_01929,math,Zenith,0
cmp_02938,reasoning,Orion,0
cmp_02938,reasoning,Nimbus,1
cmp_04394,safety,Astra,1
cmp_04394,safety,Zenith,0
cmp_03904,safety,Orion,1
cmp_03904,safety,Nova,0
cmp_04689,safety,Nova,0
cmp_04689,safety,Zenith,1
cmp_01392,math,Orion,1
cmp_01392,math,Nova,0
cmp_03583,reasoning,Pulse,1
cmp_03583,reasoning,Zenith,0
cmp_02247,math,Nova,1
cmp_02247,math,Nimbus,0
cmp_04158,safety,Orion,1
cmp_04158,safety,Nimbus,0
cmp_04406,safety,Astra,1
cmp_04406,safety,Zenith,0
cmp_01542,math,Orion,0
cmp_01542,math,Zenith,1
cmp_02191,math,Nova,0
cmp_02191,math,Nimbus,1
cmp_00792,coding,Nova,1
cmp_00792,coding,Pulse,0
cmp_04312,safety,Astra,0
cmp_04312,safety,Pulse,1
cmp_03382,reasoning,Nova,1
cmp_03382,reasoning,Zenith,0
cmp_01788,math,Astra,1
cmp_01788,math,Pulse,0
cmp_00284,coding,Orion,0
cmp_00284,coding,Zenith,1
cmp_00742,coding,Astra,1
cmp_00742,coding,Nimbus,0
cmp_00604,coding,Astra,0
cmp_00604,coding,Zenith,1
cmp_03842,safety,Orion,1
cmp_03842,safety,Astra,0
cmp_02676,reasoning,Orion,1
cmp_02676,reasoning,Nova,0
cmp_04523,safety,Astra,1
cmp_04523,safety,Nimbus,0
cmp_02137,math,Nova,1
cmp_02137,math,Zenith,0
cmp_00161,coding,Orion,0
cmp_00161,coding,Nova,1
cmp_05009,safety,Zenith,1
cmp_05009,safety,Nimbus,0
cmp_04761,safety,Nova,1
cmp_04761,safety,Nimbus,0
cmp_02693,reasoning,Orion,1
cmp_02693,reasoning,Pulse,0
cmp_04475,safety,Astra,1
cmp_04475,safety,Nimbus,0
cmp_04095,safety,Orion,0
cmp_04095,safety,Zenith,1
cmp_00503,coding,Astra,1
cmp_00503,coding,Nova,0
cmp_00612,coding,Astra,1
cmp_00612,coding,Zenith,0
cmp_02972,reasoning,Astra,1
cmp_02972,reasoning,Nova,0
cmp_02528,reasoning,Orion,1
cmp_02528,reasoning,Astra,0
cmp_03464,reasoning,Nova,0
cmp_03464,reasoning,Nimbus,1
cmp_04440,safety,Astra,1
cmp_04440,safety,Zenith,0
cmp_04637,safety,Nova,1
cmp_04637,safety,Zenith,0
cmp_04498,safety,Astra,1
cmp_04498,safety,Nimbus,0
cmp_04438,safety,Astra,1
cmp_04438,safety,Zenith,0
cmp_02222,math,Nova,0
cmp_02222,math,Nimbus,1
cmp_03250,reasoning,Astra,1
cmp_03250,reasoning,Nimbus,0
cmp_04759,safety,Nova,1
cmp_04759,safety,Nimbus,0
cmp_04911,safety,Pulse,0
cmp_04911,safety,Nimbus,1
cmp_03567,reasoning,Pulse,1
cmp_03567,reasoning,Zenith,0
cmp_00824,coding,Nova,0
cmp_00824,coding,Pulse,1
cmp_00854,coding,Nova,1
cmp_00854,coding,Zenith,0
cmp_02508,math,Zenith,1
cmp_02508,math,Nimbus,0
cmp_00761,coding,Nova,0
cmp_00761,coding,Pulse,1
cmp_02419,math,Pulse,1
cmp_02419,math,Nimbus,0
cmp_03253,reasoning,Astra,0
cmp_03253,reasoning,Nimbus,1
cmp_03555,reasoning,Pulse,1
cmp_03555,reasoning,Zenith,0
cmp_01943,math,Astra,0
cmp_01943,math,Nimbus,1
cmp_00308,coding,Orion,1
cmp_00308,coding,Zenith,0
cmp_04957,safety,Zenith,0
cmp_04957,safety,Nimbus,1
cmp_01323,math,Orion,1
cmp_01323,math,Astra,0
cmp_04199,safety,Orion,1
cmp_04199,safety,Nimbus,0
cmp_02078,math,Nova,0
cmp_02078,math,Pulse,1
cmp_01727,math,Astra,0
cmp_01727,math,Nova,1
cmp_04405,safety,Astra,1
cmp_04405,safety,Zenith,0
cmp_02424,math,Pulse,1
cmp_02424,math,Nimbus,0
cmp_02727,reasoning,Orion,0
cmp_02727,reasoning,Pulse,1
cmp_04360,safety,Astra,1
cmp_04360,safety,Pulse,0
cmp_03138,reasoning,Astra,1
cmp_03138,reasoning,Zenith,0
cmp_02291,math,Pulse,0
cmp_02291,math,Zenith,1
cmp_01272,math,Orion,1
cmp_01272,math,Astra,0
cmp_04894,safety,Pulse,1
cmp_04894,safety,Nimbus,0
cmp_04620,safety,Nova,1
cmp_04620,safety,Pulse,0
cmp_04048,safety,Orion,1
cmp_04048,safety,Zenith,0
cmp_03405,reasoning,Nova,1
cmp_03405,reasoning,Zenith,0
cmp_00464,coding,Astra,1
cmp_00464,coding,Nova,0
cmp_01120,coding,Pulse,0
cmp_01120,coding,Nimbus,1
cmp_03999,safety,Orion,1
cmp_03999,safety,Pulse,0
cmp_03665,reasoning,Pulse,0
cmp_03665,reasoning,Nimbus,1
cmp_02997,reasoning,Astra,1
cmp_02997,reasoning,Nova,0
cmp_03193,reasoning,Astra,1
cmp_03193,reasoning,Nimbus,0
cmp_02406,math,Pulse,0
cmp_02406,math,Nimbus,1
cmp_02208,math,Nova,1
cmp_02208,math,Nimbus,0
cmp_00016,coding,Orion,1
cmp_00016,coding,Astra,0
cmp_01265,math,Orion,0
cmp_01265,math,Astra,1
cmp_00037,coding,Orion,0
cmp_00037,coding,Astra,1
cmp_03565,reasoning,Pulse,1
cmp_03565,reasoning,Zenith,0
cmp_03496,reasoning,Nova,1
cmp_03496,reasoning,Nimbus,0
cmp_04550,safety,Nova,0
cmp_04550,safety,Pulse,1
cmp_02772,reasoning,Orion,0
cmp_02772,reasoning,Pulse,1
cmp_04250,safety,Astra,1
cmp_04250,safety,Nova,0
cmp_00018,coding,Orion,1
cmp_00018,coding,Astra,0
cmp_00996,coding,Nova,0
cmp_00996,coding,Nimbus,1
cmp_03115,reasoning,Astra,1
cmp_03115,reasoning,Zenith,0
cmp_01157,coding,Pulse,1
cmp_01157,coding,Nimbus,0
cmp_02466,math,Zenith,1
cmp_02466,math,Nimbus,0
cmp_01254,coding,Zenith,1
cmp_01254,coding,Nimbus,0
cmp_04451,safety,Astra,1
cmp_04451,safety,Zenith,0
cmp_02861,reasoning,Orion,1
cmp_02861,reasoning,Nimbus,0
cmp_01558,math,Orion,1
cmp_01558,math,Zenith,0
cmp_00853,coding,Nova,0
cmp_00853,coding,Zenith,1
cmp_01418,math,Orion,1
cmp_01418,math,Nova,0
cmp_00078,coding,Orion,1
cmp_00078,coding,Astra,0
cmp_04421,safety,Astra,1
cmp_04421,safety,Zenith,0
cmp_03715,reasoning,Zenith,1
cmp_03715,reasoning,Nimbus,0
cmp_00517,coding,Astra,1
cmp_00517,coding,Pulse,0
cmp_03016,reasoning,Astra,1
cmp_03016,reasoning,Nova,0
cmp_01917,math,Astra,0
cmp_01917,math,Zenith,1
cmp_04359,safety,Astra,0
cmp_04359,safety,Pulse,1
cmp_01781,math,Astra,1
cmp_01781,math,Pulse,0
cmp_02073,math,Nova,0
cmp_02073,math,Pulse,1
cmp_02572,reasoning,Orion,1
cmp_02572,reasoning,Astra,0
cmp_01208,coding,Zenith,0
cmp_01208,coding,Nimbus,1
cmp_04024,safety,Orion,0
cmp_04024,safety,Pulse,1
cmp_00846,coding,Nova,1
cmp_00846,coding,Zenith,0
cmp_02955,reasoning,Astra,0
cmp_02955,reasoning,Nova,1
cmp_02320,math,Pulse,0
cmp_02320,math,Zenith,1
cmp_00971,coding,Nova,0
cmp_00971,coding,Nimbus,1
cmp_01625,math,Orion,1
cmp_01625,math,Nimbus,0
cmp_04903,safety,Pulse,0
cmp_04903,safety,Nimbus,1
cmp_02157,math,Nova,1
cmp_02157,math,Zenith,0
cmp_03808,safety,Orion,0
cmp_03808,safety,Astra,1
cmp_03463,reasoning,Nova,0
cmp_03463,reasoning,Nimbus,1
cmp_04579,safety,Nova,0
cmp_04579,safety,Pulse,1
cmp_02433,math,Pulse,1
cmp_02433,math,Nimbus,0
cmp_01958,math,Astra,0
cmp_01958,math,Nimbus,1
cmp_02593,reasoning,Orion,1
cmp_02593,reasoning,Astra,0
cmp_04513,safety,Astra,1
cmp_04513,safety,Nimbus,0
cmp_03618,reasoning,Pulse,1
cmp_03618,reasoning,Nimbus,0
cmp_01471,math,Orion,1
cmp_01471,math,Pulse,0
cmp_03262,reasoning,Astra,1
cmp_03262,reasoning,Nimbus,0
cmp_00949,coding,Nova,1
cmp_00949,coding,Nimbus,0
cmp_02518,math,Zenith,1
cmp_02518,math,Nimbus,0
cmp_02265,math,Nova,1
cmp_02265,math,Nimbus,0
cmp_02596,reasoning,Orion,1
cmp_02596,reasoning,Astra,0
cmp_01594,math,Orion,0
cmp_01594,math,Zenith,1
cmp_02673,reasoning,Orion,0
cmp_02673,reasoning,Nova,1
cmp_02630,reasoning,Orion,1
cmp_02630,reasoning,Nova,0
cmp_02979,reasoning,Astra,1
cmp_02979,reasoning,Nova,0
cmp_04244,safety,Astra,0
cmp_04244,safety,Nova,1
cmp_03047,reasoning,Astra,1
cmp_03047,reasoning,Pulse,0
cmp_02510,math,Zenith,1
cmp_02510,math,Nimbus,0
cmp_00389,coding,Orion,1
cmp_00389,coding,Nimbus,0
cmp_04148,safety,Orion,1
cmp_04148,safety,Nimbus,0
cmp_01923,math,Astra,1
cmp_01923,math,Zenith,0
cmp_04644,safety,Nova,0
cmp_04644,safety,Zenith,1
cmp_04511,safety,Astra,1
cmp_04511,safety,Nimbus,0
cmp_04232,safety,Astra,0
cmp_04232,safety,Nova,1
cmp_03201,reasoning,Astra,1
cmp_03201,reasoning,Nimbus,0
cmp_02615,reasoning,Orion,0
cmp_02615,reasoning,Nova,1
cmp_02270,math,Pulse,0
cmp_02270,math,Zenith,1
cmp_01800,math,Astra,1
cmp_01800,math,Pulse,0
cmp_01283,math,Orion,0
cmp_01283,math,Astra,1
cmp_03226,reasoning,Astra,1
cmp_03226,reasoning,Nimbus,0
cmp_02298,math,Pulse,0
cmp_02298,math,Zenith,1
cmp_01083,coding,Pulse,0
cmp_01083,coding,Zenith,1
cmp_03765,reasoning,Zenith,1
cmp_03765,reasoning,Nimbus,0
cmp_00482,coding,Astra,0
cmp_00482,coding,Nova,1
cmp_04616,safety,Nova,1
cmp_04616,safety,Pulse,0
cmp_04141,safety,Orion,1
cmp_04141,safety,Nimbus,0
cmp_04601,safety,Nova,0
cmp_04601,safety,Pulse,1
cmp_00622,coding,Astra,1
cmp_00622,coding,Zenith,0
cmp_04944,safety,Pulse,1
cmp_04944,safety,Nimbus,0
cmp_04848,safety,Pulse,1
cmp_04848,safety,Zenith,0
cmp_02091,math,Nova,0
cmp_02091,math,Pulse,1
cmp_03649,reasoning,Pulse,0
cmp_03649,reasoning,Nimbus,1
cmp_03442,reasoning,Nova,1
cmp_03442,reasoning,Zenith,0
cmp_04966,safety,Zenith,1
cmp_04966,safety,Nimbus,0
cmp_01458,math,Orion,1
cmp_01458,math,Pulse,0
cmp_03853,safety,Orion,1
cmp_03853,safety,Astra,0
cmp_02373,math,Pulse,0
cmp_02373,math,Nimbus,1
cmp_01338,math,Orion,1
cmp_01338,math,Astra,0
cmp_00932,coding,Nova,1
cmp_00932,coding,Nimbus,0
cmp_01901,math,Astra,0
cmp_01901,math,Zenith,1
cmp_00499,coding,Astra,0
cmp_00499,coding,Nova,1
cmp_01277,math,Orion,0
cmp_01277,math,Astra,1
cmp_00176,coding,Orion,1
cmp_00176,coding,Pulse,0
cmp_03604,reasoning,Pulse,1
cmp_03604,reasoning,Zenith,0
cmp_02178,math,Nova,1
cmp_02178,math,Zenith,0
cmp_01092,coding,Pulse,1
cmp_01092,coding,Zenith,0
cmp_00175,coding,Orion,1
cmp_00175,coding,Pulse,0
cmp_02987,reasoning,Astra,0
cmp_02987,reasoning,Nova,1
cmp_04473,safety,Astra,1
cmp_04473,safety,Nimbus,0
cmp_01105,coding,Pulse,0
cmp_01105,coding,Nimbus,1
cmp_03126,reasoning,Astra,0
cmp_03126,reasoning,Zenith,1
cmp_02304,math,Pulse,0
cmp_02304,math,Zenith,1
cmp_01819,math,Astra,1
cmp_01819,math,Pulse,0
cmp_04117,safety,Orion,1
cmp_04117,safety,Nimbus,0
cmp_00877,coding,Nova,0
cmp_00877,coding,Zenith,1
cmp_00133,coding,Orion,1
cmp_00133,coding,Nova,0
cmp_02879,reasoning,Orion,1
cmp_02879,reasoning,Nimbus,0
cmp_03590,reasoning,Pulse,1
cmp_03590,reasoning,Zenith,0
cmp_01439,math,Orion,1
cmp_01439,math,Pulse,0
cmp_01356,math,Orion,1
cmp_01356,math,Nova,0
cmp_01780,math,Astra,0
cmp_01780,math,Pulse,1
cmp_02315,math,Pulse,1
cmp_02315,math,Zenith,0
cmp_04347,safety,Astra,1
cmp_04347,safety,Pulse,0
cmp_00766,coding,Nova,1
cmp_00766,coding,Pulse,0
cmp_01524,math,Orion,0
cmp_01524,math,Zenith,1
cmp_00438,coding,Astra,0
cmp_00438,coding,Nova,1
cmp_00804,coding,Nova,1
cmp_00804,coding,Pulse,0
cmp_03498,reasoning,Nova,1
cmp_03498,reasoning,Nimbus,0
cmp_01766,math,Astra,0
cmp_01766,math,Pulse,1
cmp_04398,safety,Astra,0
cmp_04398,safety,Zenith,1
cmp_02625,reasoning,Orion,0
cmp_02625,reasoning,Nova,1
cmp_01641,math,Orion,1
cmp_01641,math,Nimbus,0
cmp_01051,coding,Pulse,1
cmp_01051,coding,Zenith,0
cmp_04564,safety,Nova,0
cmp_04564,safety,Pulse,1
cmp_02153,math,Nova,0
cmp_02153,math,Zenith,1
cmp_04386,safety,Astra,1
cmp_04386,safety,Zenith,0
cmp_01131,coding,Pulse,0
cmp_01131,coding,Nimbus,1
cmp_02909,reasoning,Orion,1
cmp_02909,reasoning,Nimbus,0
cmp_02223,math,Nova,1
cmp_02223,math,Nimbus,0
cmp_04392,safety,Astra,0
cmp_04392,safety,Zenith,1
cmp_02898,reasoning,Orion,1
cmp_02898,reasoning,Nimbus,0
cmp_03529,reasoning,Pulse,0
cmp_03529,reasoning,Zenith,1
cmp_01162,coding,Pulse,0
cmp_01162,coding,Nimbus,1
cmp_00798,coding,Nova,1
cmp_00798,coding,Pulse,0
cmp_00944,coding,Nova,0
cmp_00944,coding,Nimbus,1
cmp_04884,safety,Pulse,1
cmp_04884,safety,Nimbus,0
cmp_04146,safety,Orion,1
cmp_04146,safety,Nimbus,0
cmp_01658,math,Orion,1
cmp_01658,math,Nimbus,0
cmp_03771,reasoning,Zenith,0
cmp_03771,reasoning,Nimbus,1
cmp_01366,math,Orion,0
cmp_01366,math,Nova,1
cmp_03090,reasoning,Astra,1
cmp_03090,reasoning,Pulse,0
cmp_01784,math,Astra,1
cmp_01784,math,Pulse,0
cmp_03351,reasoning,Nova,0
cmp_03351,reasoning,Pulse,1
cmp_01273,math,Orion,1
cmp_01273,math,Astra,0
cmp_01312,math,Orion,0
cmp_01312,math,Astra,1
cmp_03907,safety,Orion,1
cmp_03907,safety,Nova,0
cmp_01682,math,Astra,1
cmp_01682,math,Nova,0
cmp_03341,reasoning,Nova,1
cmp_03341,reasoning,Pulse,0
cmp_01286,math,Orion,0
cmp_01286,math,Astra,1
cmp_04836,safety,Pulse,1
cmp_04836,safety,Zenith,0
cmp_00923,coding,Nova,0
cmp_00923,coding,Zenith,1
cmp_00260,coding,Orion,1
cmp_00260,coding,Zenith,0
cmp_04657,safety,Nova,1
cmp_04657,safety,Zenith,0
cmp_04715,safety,Nova,1
cmp_04715,safety,Nimbus,0
cmp_03944,safety,Orion,1
cmp_03944,safety,Nova,0
cmp_00048,coding,Orion,1
cmp_00048,coding,Astra,0
cmp_01044,coding,Pulse,0
cmp_01044,coding,Zenith,1
cmp_02870,reasoning,Orion,1
cmp_02870,reasoning,Nimbus,0
cmp_02649,reasoning,Orion,0
cmp_02649,reasoning,Nova,1
cmp_01608,math,Orion,1
cmp_01608,math,Nimbus,0
cmp_03078,reasoning,Astra,0
cmp_03078,reasoning,Pulse,1
cmp_01279,math,Orion,0
cmp_01279,math,Astra,1
cmp_04838,safety,Pulse,1
cmp_04838,safety,Zenith,0
cmp_01840,math,Astra,1
cmp_01840,math,Pulse,0
cmp_04652,safety,Nova,0
cmp_04652,safety,Zenith,1
cmp_04713,safety,Nova,0
cmp_04713,safety,Nimbus,1
cmp_00668,coding,Astra,1
cmp_00668,coding,Zenith,0
cmp_01510,math,Orion,1
cmp_01510,math,Pulse,0
cmp_03786,safety,Orion,0
cmp_03786,safety,Astra,1
cmp_01973,math,Astra,1
cmp_01973,math,Nimbus,0
cmp_02581,reasoning,Orion,0
cmp_02581,reasoning,Astra,1
cmp_02569,reasoning,Orion,1
cmp_02569,reasoning,Astra,0
cmp_04220,safety,Astra,1
cmp_04220,safety,Nova,0
cmp_03486,reasoning,Nova,0
cmp_03486,reasoning,Nimbus,1
cmp_02437,math,Zenith,1
cmp_02437,math,Nimbus,0
cmp_02682,reasoning,Orion,1
cmp_02682,reasoning,Nova,0
cmp_04824,safety,Pulse,1
cmp_04824,safety,Zenith,0
cmp_01676,math,Orion,1
cmp_01676,math,Nimbus,0
cmp_02346,math,Pulse,1
cmp_02346,math,Zenith,0
cmp_00246,coding,Orion,0
cmp_00246,coding,Pulse,1
cmp_01966,math,Astra,1
cmp_01966,math,Nimbus,0
cmp_00154,coding,Orion,1
cmp_00154,coding,Nova,0
cmp_02611,reasoning,Orion,1
cmp_02611,reasoning,Nova,0
cmp_00358,coding,Orion,0
cmp_00358,coding,Nimbus,1
cmp_01464,math,Orion,1
cmp_01464,math,Pulse,0
cmp_03585,reasoning,Pulse,1
cmp_03585,reasoning,Zenith,0
cmp_01349,math,Orion,1
cmp_01349,math,Nova,0
cmp_03709,reasoning,Zenith,0
cmp_03709,reasoning,Nimbus,1
cmp_01468,math,Orion,1
cmp_01468,math,Pulse,0
cmp_03738,reasoning,Zenith,1
cmp_03738,reasoning,Nimbus,0
cmp_01858,math,Astra,1
cmp_01858,math,Zenith,0
cmp_02893,reasoning,Orion,0
cmp_02893,reasoning,Nimbus,1
cmp_00775,coding,Nova,1
cmp_00775,coding,Pulse,0
cmp_03170,reasoning,Astra,1
cmp_03170,reasoning,Zenith,0
cmp_04557,safety,Nova,1
cmp_04557,safety,Pulse,0
cmp_00027,coding,Orion,1
cmp_00027,coding,Astra,0
cmp_03424,reasoning,Nova,1
cmp_03424,reasoning,Zenith,0
cmp_04693,safety,Nova,1
cmp_04693,safety,Zenith,0
cmp_02641,reasoning,Orion,1
cmp_02641,reasoning,Nova,0
cmp_02403,math,Pulse,1
cmp_02403,math,Nimbus,0
cmp_03342,reasoning,Nova,1
cmp_03342,reasoning,Pulse,0
cmp_04391,safety,Astra,1
cmp_04391,safety,Zenith,0
cmp_02242,math,Nova,0
cmp_02242,math,Nimbus,1
cmp_03642,reasoning,Pulse,1
cmp_03642,reasoning,Nimbus,0
cmp_00835,coding,Nova,1
cmp_00835,coding,Pulse,0
cmp_03735,reasoning,Zenith,1
cmp_03735,reasoning,Nimbus,0
cmp_01822,math,Astra,1
cmp_01822,math,Pulse,0
cmp_04054,safety,Orion,1
cmp_04054,safety,Zenith,0
cmp_01257,coding,Zenith,1
cmp_01257,coding,Nimbus,0
cmp_00497,coding,Astra,1
cmp_00497,coding,Nova,0
cmp_04664,safety,Nova,1
cmp_04664,safety,Zenith,0
cmp_00710,coding,Astra,0
cmp_00710,coding,Nimbus,1
cmp_03588,reasoning,Pulse,1
cmp_03588,reasoning,Zenith,0
cmp_01180,coding,Zenith,1
cmp_01180,coding,Nimbus,0
cmp_02206,math,Nova,1
cmp_02206,math,Nimbus,0
cmp_01412,math,Orion,1
cmp_01412,math,Nova,0
cmp_01239,coding,Zenith,0
cmp_01239,coding,Nimbus,1
cmp_02940,reasoning,Orion,0
cmp_02940,reasoning,Nimbus,1
cmp_02760,reasoning,Orion,1
cmp_02760,reasoning,Pulse,0
cmp_01685,math,Astra,0
cmp_01685,math,Nova,1
cmp_04757,safety,Nova,1
cmp_04757,safety,Nimbus,0
cmp_00199,coding,Orion,1
cmp_00199,coding,Pulse,0
cmp_03314,reasoning,Nova,1
cmp_03314,reasoning,Pulse,0
cmp_00440,coding,Astra,0
cmp_00440,coding,Nova,1
cmp_02843,reasoning,Orion,1
cmp_02843,reasoning,Zenith,0
cmp_00872,coding,Nova,0
cmp_00872,coding,Zenith,1
cmp_02141,math,Nova,1
cmp_02141,math,Zenith,0
cmp_03396,reasoning,Nova,0
cmp_03396,reasoning,Zenith,1
cmp_03252,reasoning,Astra,1
cmp_03252,reasoning,Nimbus,0
cmp_01937,math,Astra,1
cmp_01937,math,Nimbus,0
cmp_04874,safety,Pulse,0
cmp_04874,safety,Nimbus,1
cmp_00245,coding,Orion,1
cmp_00245,coding,Pulse,0
cmp_03326,reasoning,Nova,1
cmp_03326,reasoning,Pulse,0
cmp_02182,math,Nova,1
cmp_02182,math,Zenith,0
cmp_03120,reasoning,Astra,1
cmp_03120,reasoning,Zenith,0
cmp_00087,coding,Orion,1
cmp_00087,coding,Nova,0
cmp_03054,reasoning,Astra,1
cmp_03054,reasoning,Pulse,0
cmp_03094,reasoning,Astra,0
cmp_03094,reasoning,Pulse,1
cmp_04731,safety,Nova,1
cmp_04731,safety,Nimbus,0
cmp_04294,safety,Astra,1
cmp_04294,safety,Pulse,0
cmp_01738,math,Astra,1
cmp_01738,math,Nova,0
cmp_00624,coding,Astra,1
cmp_00624,coding,Zenith,0
cmp_00952,coding,Nova,1
cmp_00952,coding,Nimbus,0
cmp_03784,safety,Orion,1
cmp_03784,safety,Astra,0
cmp_04813,safety,Pulse,1
cmp_04813,safety,Zenith,0
cmp_02128,math,Nova,0
cmp_02128,math,Zenith,1
cmp_03754,reasoning,Zenith,1
cmp_03754,reasoning,Nimbus,0
cmp_02393,math,Pulse,1
cmp_02393,math,Nimbus,0
cmp_04303,safety,Astra,0
cmp_04303,safety,Pulse,1
cmp_01851,math,Astra,1
cmp_01851,math,Zenith,0
cmp_04084,safety,Orion,0
cmp_04084,safety,Zenith,1
cmp_04464,safety,Astra,1
cmp_04464,safety,Nimbus,0
cmp_00524,coding,Astra,0
cmp_00524,coding,Pulse,1
cmp_01679,math,Orion,0
cmp_01679,math,Nimbus,1
cmp_01325,math,Orion,0
cmp_01325,math,Astra,1
cmp_03994,safety,Orion,1
cmp_03994,safety,Pulse,0
cmp_04069,safety,Orion,1
cmp_04069,safety,Zenith,0
cmp_04011,safety,Orion,1
cmp_04011,safety,Pulse,0
cmp_02520,math,Zenith,0
cmp_02520,math,Nimbus,1
cmp_02902,reasoning,Orion,0
cmp_02902,reasoning,Nimbus,1
cmp_04561,safety,Nova,0
cmp_04561,safety,Pulse,1
cmp_03071,reasoning,Astra,0
cmp_03071,reasoning,Pulse,1
cmp_02671,reasoning,Orion,1
cmp_02671,reasoning,Nova,0
cmp_02899,reasoning,Orion,1
cmp_02899,reasoning,Nimbus,0
cmp_03544,reasoning,Pulse,0
cmp_03544,reasoning,Zenith,1
cmp_03162,reasoning,Astra,1
cmp_03162,reasoning,Zenith,0
cmp_02414,math,Pulse,1
cmp_02414,math,Nimbus,0
cmp_02705,reasoning,Orion,0
cmp_02705,reasoning,Pulse,1
cmp_02285,math,Pulse,0
cmp_02285,math,Zenith,1
cmp_02774,reasoning,Orion,0
cmp_02774,reasoning,Zenith,1
cmp_03667,reasoning,Pulse,0
cmp_03667,reasoning,Nimbus,1
cmp_02256,math,Nova,0
cmp_02256,math,Nimbus,1
cmp_03542,reasoning,Pulse,1
cmp_03542,reasoning,Zenith,0
cmp_03304,reasoning,Nova,0
cmp_03304,reasoning,Pulse,1
cmp_03490,reasoning,Nova,1
cmp_03490,reasoning,Nimbus,0
cmp_01379,math,Orion,1
cmp_01379,math,Nova,0
cmp_04019,safety,Orion,1
cmp_04019,safety,Pulse,0
cmp_02983,reasoning,Astra,1
cmp_02983,reasoning,Nova,0
cmp_02840,reasoning,Orion,0
cmp_02840,reasoning,Zenith,1
cmp_04606,safety,Nova,1
cmp_04606,safety,Pulse,0
cmp_02992,reasoning,Astra,1
cmp_02992,reasoning,Nova,0
cmp_03091,reasoning,Astra,1
cmp_03091,reasoning,Pulse,0
cmp_02010,math,Astra,1
cmp_02010,math,Nimbus,0
cmp_02710,reasoning,Orion,0
cmp_02710,reasoning,Pulse,1
cmp_03254,reasoning,Astra,0
cmp_03254,reasoning,Nimbus,1
cmp_01054,coding,Pulse,1
cmp_01054,coding,Zenith,0
cmp_01070,coding,Pulse,1
cmp_01070,coding,Zenith,0
cmp_04820,safety,Pulse,0
cmp_04820,safety,Zenith,1
cmp_04477,safety,Astra,1
cmp_04477,safety,Nimbus,0
cmp_03526,reasoning,Nova,1
cmp_03526,reasoning,Nimbus,0
cmp_01857,math,Astra,1
cmp_01857,math,Zenith,0
cmp_01696,math,Astra,0
cmp_01696,math,Nova,1
cmp_00758,coding,Nova,0
cmp_00758,coding,Pulse,1
cmp_03275,reasoning,Astra,0
cmp_03275,reasoning,Nimbus,1
cmp_04089,safety,Orion,1
cmp_04089,safety,Zenith,0
cmp_03580,reasoning,Pulse,1
cmp_03580,reasoning,Zenith,0
cmp_00867,coding,Nova,1
cmp_00867,coding,Zenith,0
cmp_03523,reasoning,Nova,1
cmp_03523,reasoning,Nimbus,0
cmp_04834,safety,Pulse,0
cmp_04834,safety,Zenith,1
cmp_02656,reasoning,Orion,1
cmp_02656,reasoning,Nova,0
cmp_00361,coding,Orion,1
cmp_00361,coding,Nimbus,0
cmp_01952,math,Astra,1
cmp_01952,math,Nimbus,0
cmp_04411,safety,Astra,1
cmp_04411,safety,Zenith,0
cmp_02489,math,Zenith,1
cmp_02489,math,Nimbus,0
cmp_01178,coding,Zenith,1
cmp_01178,coding,Nimbus,0
cmp_01900,math,Astra,1
cmp_01900,math,Zenith,0
cmp_00350,coding,Orion,1
cmp_00350,coding,Nimbus,0
cmp_02239,math,Nova,1
cmp_02239,math,Nimbus,0
cmp_00054,coding,Orion,1
cmp_00054,coding,Astra,0
cmp_04918,safety,Pulse,0
cmp_04918,safety,Nimbus,1
cmp_02461,math,Zenith,0
cmp_02461,math,Nimbus,1
cmp_02233,math,Nova,1
cmp_02233,math,Nimbus,0
cmp_04778,safety,Nova,1
cmp_04778,safety,Nimbus,0
cmp_01354,math,Orion,1
cmp_01354,math,Nova,0
cmp_04590,safety,Nova,1
cmp_04590,safety,Pulse,0
cmp_01694,math,Astra,0
cmp_01694,math,Nova,1
cmp_00871,coding,Nova,0
cmp_00871,coding,Zenith,1
cmp_00993,coding,Nova,0
cmp_00993,coding,Nimbus,1
cmp_04565,safety,Nova,0
cmp_04565,safety,Pulse,1
cmp_02251,math,Nova,0
cmp_02251,math,Nimbus,1
cmp_00843,coding,Nova,1
cmp_00843,coding,Zenith,0
cmp_01249,coding,Zenith,0
cmp_01249,coding,Nimbus,1
cmp_02383,math,Pulse,0
cmp_02383,math,Nimbus,1
cmp_03033,reasoning,Astra,1
cmp_03033,reasoning,Pulse,0
cmp_00583,coding,Astra,1
cmp_00583,coding,Pulse,0
cmp_04107,safety,Orion,0
cmp_04107,safety,Zenith,1
cmp_04987,safety,Zenith,0
cmp_04987,safety,Nimbus,1
cmp_03009,reasoning,Astra,0
cmp_03009,reasoning,Nova,1
cmp_01809,math,Astra,1
cmp_01809,math,Pulse,0
cmp_04907,safety,Pulse,0
cmp_04907,safety,Nimbus,1
cmp_01847,math,Astra,1
cmp_01847,math,Pulse,0
cmp_00690,coding,Astra,1
cmp_00690,coding,Nimbus,0
cmp_01467,math,Orion,1
cmp_01467,math,Pulse,0
cmp_00449,coding,Astra,0
cmp_00449,coding,Nova,1
cmp_01118,coding,Pulse,0
cmp_01118,coding,Nimbus,1
cmp_01999,math,Astra,1
cmp_01999,math,Nimbus,0
cmp_02873,reasoning,Orion,0
cmp_02873,reasoning,Nimbus,1
cmp_03130,reasoning,Astra,1
cmp_03130,reasoning,Zenith,0
cmp_03292,reasoning,Nova,0
cmp_03292,reasoning,Pulse,1
cmp_05001,safety,Zenith,1
cmp_05001,safety,Nimbus,0
cmp_00474,coding,Astra,0
cmp_00474,coding,Nova,1
cmp_04920,safety,Pulse,1
cmp_04920,safety,Nimbus,0
cmp_04749,safety,Nova,1
cmp_04749,safety,Nimbus,0
cmp_01572,math,Orion,1
cmp_01572,math,Zenith,0
cmp_03010,reasoning,Astra,1
cmp_03010,reasoning,Nova,0
cmp_02118,math,Nova,1
cmp_02118,math,Zenith,0
cmp_00415,coding,Orion,0
cmp_00415,coding,Nimbus,1
cmp_02904,reasoning,Orion,1
cmp_02904,reasoning,Nimbus,0
cmp_01117,coding,Pulse,0
cmp_01117,coding,Nimbus,1
cmp_02687,reasoning,Orion,0
cmp_02687,reasoning,Nova,1
cmp_02607,reasoning,Orion,1
cmp_02607,reasoning,Nova,0
cmp_03817,safety,Orion,1
cmp_03817,safety,Astra,0
cmp_01012,coding,Pulse,1
cmp_01012,coding,Zenith,0
cmp_02532,reasoning,Orion,0
cmp_02532,reasoning,Astra,1
cmp_03611,reasoning,Pulse,1
cmp_03611,reasoning,Zenith,0
cmp_02022,math,Nova,0
cmp_02022,math,Pulse,1
cmp_04132,safety,Orion,1
cmp_04132,safety,Nimbus,0
cmp_04536,safety,Astra,0
cmp_04536,safety,Nimbus,1
cmp_02235,math,Nova,1
cmp_02235,math,Nimbus,0
cmp_02986,reasoning,Astra,1
cmp_02986,reasoning,Nova,0
cmp_04116,safety,Orion,0
cmp_04116,safety,Zenith,1
cmp_02026,math,Nova,0
cmp_02026,math,Pulse,1
cmp_04927,safety,Pulse,0
cmp_04927,safety,Nimbus,1
cmp_03469,reasoning,Nova,0
cmp_03469,reasoning,Nimbus,1
cmp_00397,coding,Orion,0
cmp_00397,coding,Nimbus,1
cmp_02443,math,Zenith,0
cmp_02443,math,Nimbus,1
cmp_00282,coding,Orion,1
cmp_00282,coding,Zenith,0
cmp_01577,math,Orion,1
cmp_01577,math,Zenith,0
cmp_04201,safety,Astra,0
cmp_04201,safety,Nova,1
cmp_04061,safety,Orion,1
cmp_04061,safety,Zenith,0
cmp_00152,coding,Orion,1
cmp_00152,coding,Nova,0
cmp_00366,coding,Orion,1
cmp_00366,coding,Nimbus,0
cmp_02639,reasoning,Orion,1
cmp_02639,reasoning,Nova,0
cmp_00281,coding,Orion,1
cmp_00281,coding,Zenith,0
cmp_04186,safety,Orion,1
cmp_04186,safety,Nimbus,0
cmp_00760,coding,Nova,1
cmp_00760,coding,Pulse,0
cmp_01611,math,Orion,1
cmp_01611,math,Nimbus,0
cmp_04254,safety,Astra,0
cmp_04254,safety,Nova,1
cmp_02006,math,Astra,1
cmp_02006,math,Nimbus,0
cmp_04152,safety,Orion,1
cmp_04152,safety,Nimbus,0
cmp_04053,safety,Orion,0
cmp_04053,safety,Zenith,1
cmp_04739,safety,Nova,1
cmp_04739,safety,Nimbus,0
cmp_04997,safety,Zenith,1
cmp_04997,safety,Nimbus,0
cmp_00239,coding,Orion,1
cmp_00239,coding,Pulse,0
cmp_03089,reasoning,Astra,1
cmp_03089,reasoning,Pulse,0
cmp_00515,coding,Astra,1
cmp_00515,coding,Pulse,0
cmp_03928,safety,Orion,1
cmp_03928,safety,Nova,0
cmp_04288,safety,Astra,1
cmp_04288,safety,Pulse,0
cmp_01203,coding,Zenith,1
cmp_01203,coding,Nimbus,0
cmp_02718,reasoning,Orion,1
cmp_02718,reasoning,Pulse,0
cmp_04380,safety,Astra,1
cmp_04380,safety,Zenith,0
cmp_03846,safety,Orion,1
cmp_03846,safety,Astra,0
cmp_00641,coding,Astra,1
cmp_00641,coding,Zenith,0
cmp_01802,math,Astra,1
cmp_01802,math,Pulse,0
cmp_03687,reasoning,Pulse,0
cmp_03687,reasoning,Nimbus,1
cmp_04926,safety,Pulse,1
cmp_04926,safety,Nimbus,0
cmp_04316,safety,Astra,1
cmp_04316,safety,Pulse,0
cmp_01793,math,Astra,1
cmp_01793,math,Pulse,0
cmp_00443,coding,Astra,0
cmp_00443,coding,Nova,1
cmp_00648,coding,Astra,0
cmp_00648,coding,Zenith,1
cmp_04801,safety,Pulse,1
cmp_04801,safety,Zenith,0
cmp_00732,coding,Astra,0
cmp_00732,coding,Nimbus,1
cmp_04886,safety,Pulse,1
cmp_04886,safety,Nimbus,0
cmp_03328,reasoning,Nova,0
cmp_03328,reasoning,Pulse,1
cmp_02720,reasoning,Orion,1
cmp_02720,reasoning,Pulse,0
cmp_02092,math,Nova,0
cmp_02092,math,Pulse,1
cmp_03219,reasoning,Astra,1
cmp_03219,reasoning,Nimbus,0
cmp_05027,safety,Zenith,1
cmp_05027,safety,Nimbus,0
cmp_03198,reasoning,Astra,1
cmp_03198,reasoning,Nimbus,0
cmp_02388,math,Pulse,1
cmp_02388,math,Nimbus,0
cmp_04885,safety,Pulse,1
cmp_04885,safety,Nimbus,0
cmp_04036,safety,Orion,1
cmp_04036,safety,Zenith,0
cmp_05028,safety,Zenith,1
cmp_05028,safety,Nimbus,0
cmp_00431,coding,Astra,0
cmp_00431,coding,Nova,1
cmp_04301,safety,Astra,0
cmp_04301,safety,Pulse,1
cmp_04337,safety,Astra,1
cmp_04337,safety,Pulse,0
cmp_02045,math,Nova,0
cmp_02045,math,Pulse,1
cmp_03571,reasoning,Pulse,1
cmp_03571,reasoning,Zenith,0
cmp_03379,reasoning,Nova,1
cmp_03379,reasoning,Zenith,0
cmp_00776,coding,Nova,0
cmp_00776,coding,Pulse,1
cmp_02426,math,Pulse,1
cmp_02426,math,Nimbus,0
cmp_00637,coding,Astra,0
cmp_00637,coding,Zenith,1
cmp_02444,math,Zenith,0
cmp_02444,math,Nimbus,1
cmp_03030,reasoning,Astra,1
cmp_03030,reasoning,Pulse,0
cmp_01768,math,Astra,0
cmp_01768,math,Pulse,1
cmp_01387,math,Orion,1
cmp_01387,math,Nova,0
cmp_02312,math,Pulse,1
cmp_02312,math,Zenith,0
cmp_00105,coding,Orion,1
cmp_00105,coding,Nova,0
cmp_01503,math,Orion,0
cmp_01503,math,Pulse,1
cmp_04853,safety,Pulse,0
cmp_04853,safety,Zenith,1
cmp_04673,safety,Nova,1
cmp_04673,safety,Zenith,0
cmp_01316,math,Orion,1
cmp_01316,math,Astra,0
cmp_04157,safety,Orion,1
cmp_04157,safety,Nimbus,0
cmp_03921,safety,Orion,1
cmp_03921,safety,Nova,0
cmp_02835,reasoning,Orion,0
cmp_02835,reasoning,Zenith,1
cmp_01435,math,Orion,1
cmp_01435,math,Pulse,0
cmp_01112,coding,Pulse,0
cmp_01112,coding,Nimbus,1
cmp_04816,safety,Pulse,1
cmp_04816,safety,Zenith,0
cmp_00187,coding,Orion,1
cmp_00187,coding,Pulse,0
cmp_02120,math,Nova,0
cmp_02120,math,Zenith,1
cmp_01333,math,Orion,1
cmp_01333,math,Astra,0
cmp_04344,safety,Astra,1
cmp_04344,safety,Pulse,0
cmp_00110,coding,Orion,0
cmp_00110,coding,Nova,1
cmp_02514,math,Zenith,1
cmp_02514,math,Nimbus,0
cmp_04643,safety,Nova,1
cmp_04643,safety,Zenith,0
cmp_04030,safety,Orion,1
cmp_04030,safety,Pulse,0
cmp_02847,reasoning,Orion,1
cmp_02847,reasoning,Zenith,0
cmp_04080,safety,Orion,1
cmp_04080,safety,Zenith,0
cmp_02224,math,Nova,1
cmp_02224,math,Nimbus,0
cmp_02220,math,Nova,1
cmp_02220,math,Nimbus,0
cmp_00098,coding,Orion,1
cmp_00098,coding,Nova,0
cmp_04698,safety,Nova,0
cmp_04698,safety,Zenith,1
cmp_02481,math,Zenith,0
cmp_02481,math,Nimbus,1
cmp_01657,math,Orion,1
cmp_01657,math,Nimbus,0
cmp_03411,reasoning,Nova,1
cmp_03411,reasoning,Zenith,0
cmp_01827,math,Astra,1
cmp_01827,math,Pulse,0
cmp_04077,safety,Orion,1
cmp_04077,safety,Zenith,0
cmp_02621,reasoning,Orion,1
cmp_02621,reasoning,Nova,0
cmp_01429,math,Orion,1
cmp_01429,math,Pulse,0
cmp_04029,safety,Orion,1
cmp_04029,safety,Pulse,0
cmp_01234,coding,Zenith,0
cmp_01234,coding,Nimbus,1
cmp_03584,reasoning,Pulse,0
cmp_03584,reasoning,Zenith,1
cmp_02738,reasoning,Orion,1
cmp_02738,reasoning,Pulse,0
cmp_01595,math,Orion,1
cmp_01595,math,Zenith,0
cmp_04126,safety,Orion,0
cmp_04126,safety,Nimbus,1
cmp_04289,safety,Astra,1
cmp_04289,safety,Pulse,0
cmp_03362,reasoning,Nova,1
cmp_03362,reasoning,Zenith,0
cmp_03404,reasoning,Nova,0
cmp_03404,reasoning,Zenith,1
cmp_03775,reasoning,Zenith,0
cmp_03775,reasoning,Nimbus,1
cmp_01414,math,Orion,1
cmp_01414,math,Nova,0
cmp_01126,coding,Pulse,0
cmp_01126,coding,Nimbus,1
cmp_04417,safety,Astra,0
cmp_04417,safety,Zenith,1
cmp_02351,math,Pulse,1
cmp_02351,math,Zenith,0
cmp_04272,safety,Astra,1
cmp_04272,safety,Nova,0
cmp_03291,reasoning,Nova,0
cmp_03291,reasoning,Pulse,1
cmp_02065,math,Nova,1
cmp_02065,math,Pulse,0
cmp_01403,math,Orion,0
cmp_01403,math,Nova,1
cmp_03925,safety,Orion,1
cmp_03925,safety,Nova,0
cmp_00279,coding,Orion,1
cmp_00279,coding,Zenith,0
cmp_00858,coding,Nova,1
cmp_00858,coding,Zenith,0
cmp_02324,math,Pulse,0
cmp_02324,math,Zenith,1
cmp_01627,math,Orion,1
cmp_01627,math,Nimbus,0
cmp_03624,reasoning,Pulse,0
cmp_03624,reasoning,Nimbus,1
cmp_01321,math,Orion,0
cmp_01321,math,Astra,1
cmp_02789,reasoning,Orion,1
cmp_02789,reasoning,Zenith,0
cmp_01382,math,Orion,0
cmp_01382,math,Nova,1
cmp_04852,safety,Pulse,1
cmp_04852,safety,Zenith,0
cmp_04947,safety,Pulse,1
cmp_04947,safety,Nimbus,0
cmp_00479,coding,Astra,0
cmp_00479,coding,Nova,1
cmp_01477,math,Orion,1
cmp_01477,math,Pulse,0
cmp_04113,safety,Orion,0
cmp_04113,safety,Zenith,1
cmp_01335,math,Orion,0
cmp_01335,math,Astra,1
cmp_01742,math,Astra,1
cmp_01742,math,Nova,0
cmp_00786,coding,Nova,1
cmp_00786,coding,Pulse,0
cmp_02371,math,Pulse,1
cmp_02371,math,Nimbus,0
cmp_01631,math,Orion,1
cmp_01631,math,Nimbus,0
cmp_00968,coding,Nova,1
cmp_00968,coding,Nimbus,0
cmp_00014,coding,Orion,1
cmp_00014,coding,Astra,0
cmp_01365,math,Orion,1
cmp_01365,math,Nova,0
cmp_03778,reasoning,Zenith,0
cmp_03778,reasoning,Nimbus,1
cmp_00869,coding,Nova,0
cmp_00869,coding,Zenith,1
cmp_00600,coding,Astra,1
cmp_00600,coding,Zenith,0
cmp_01989,math,Astra,1
cmp_01989,math,Nimbus,0
cmp_03045,reasoning,Astra,1
cmp_03045,reasoning,Pulse,0
cmp_00626,coding,Astra,1
cmp_00626,coding,Zenith,0
cmp_03877,safety,Orion,0
cmp_03877,safety,Nova,1
cmp_03457,reasoning,Nova,1
cmp_03457,reasoning,Nimbus,0
cmp_00275,coding,Orion,1
cmp_00275,coding,Zenith,0
cmp_04520,safety,Astra,0
cmp_04520,safety,Nimbus,1
cmp_02111,math,Nova,1
cmp_02111,math,Zenith,0
cmp_00083,coding,Orion,1
cmp_00083,coding,Astra,0
cmp_03532,reasoning,Pulse,1
cmp_03532,reasoning,Zenith,0
cmp_00159,coding,Orion,1
cmp_00159,coding,Nova,0
cmp_00261,coding,Orion,0
cmp_00261,coding,Zenith,1
cmp_00221,coding,Orion,1
cmp_00221,coding,Pulse,0
cmp_00560,coding,Astra,0
cmp_00560,coding,Pulse,1
cmp_03347,reasoning,Nova,0
cmp_03347,reasoning,Pulse,1
cmp_00916,coding,Nova,1
cmp_00916,coding,Zenith,0
cmp_00177,coding,Orion,1
cmp_00177,coding,Pulse,0
cmp_03417,reasoning,Nova,1
cmp_03417,reasoning,Zenith,0
cmp_04805,safety,Pulse,1
cmp_04805,safety,Zenith,0
cmp_00558,coding,Astra,1
cmp_00558,coding,Pulse,0
cmp_03104,reasoning,Astra,1
cmp_03104,reasoning,Pulse,0
cmp_03934,safety,Orion,0
cmp_03934,safety,Nova,1
cmp_04083,safety,Orion,1
cmp_04083,safety,Zenith,0
cmp_03551,reasoning,Pulse,0
cmp_03551,reasoning,Zenith,1
cmp_04931,safety,Pulse,1
cmp_04931,safety,Nimbus,0
cmp_01402,math,Orion,1
cmp_01402,math,Nova,0
cmp_03528,reasoning,Nova,0
cmp_03528,reasoning,Nimbus,1
cmp_04982,safety,Zenith,1
cmp_04982,safety,Nimbus,0
cmp_04322,safety,Astra,1
cmp_04322,safety,Pulse,0
cmp_04217,safety,Astra,1
cmp_04217,safety,Nova,0
cmp_02842,reasoning,Orion,1
cmp_02842,reasoning,Zenith,0
cmp_02097,math,Nova,1
cmp_02097,math,Pulse,0
cmp_03767,reasoning,Zenith,1
cmp_03767,reasoning,Nimbus,0
cmp_03872,safety,Orion,1
cmp_03872,safety,Nova,0
cmp_02529,reasoning,Orion,1
cmp_02529,reasoning,Astra,0
cmp_03373,reasoning,Nova,1
cmp_03373,reasoning,Zenith,0
cmp_01636,math,Orion,1
cmp_01636,math,Nimbus,0
cmp_01193,coding,Zenith,1
cmp_01193,coding,Nimbus,0
cmp_03086,reasoning,Astra,1
cmp_03086,reasoning,Pulse,0
cmp_03829,safety,Orion,0
cmp_03829,safety,Astra,1
cmp_00906,coding,Nova,0
cmp_00906,coding,Zenith,1
cmp_00122,coding,Orion,1
cmp_00122,coding,Nova,0
cmp_03109,reasoning,Astra,1
cmp_03109,reasoning,Zenith,0
cmp_04266,safety,Astra,0
cmp_04266,safety,Nova,1
cmp_04164,safety,Orion,1
cmp_04164,safety,Nimbus,0
cmp_04593,safety,Nova,1
cmp_04593,safety,Pulse,0
cmp_01949,math,Astra,1
cmp_01949,math,Nimbus,0
cmp_02415,math,Pulse,1
cmp_02415,math,Nimbus,0
cmp_03579,reasoning,Pulse,1
cmp_03579,reasoning,Zenith,0
cmp_00437,coding,Astra,0
cmp_00437,coding,Nova,1
cmp_04191,safety,Orion,1
cmp_04191,safety,Nimbus,0
cmp_02961,reasoning,Astra,1
cmp_02961,reasoning,Nova,0
cmp_04453,safety,Astra,1
cmp_04453,safety,Nimbus,0
cmp_01001,coding,Nova,1
cmp_01001,coding,Nimbus,0
cmp_04203,safety,Astra,1
cmp_04203,safety,Nova,0
cmp_04743,safety,Nova,0
cmp_04743,safety,Nimbus,1
cmp_02547,reasoning,Orion,0
cmp_02547,reasoning,Astra,1
cmp_03221,reasoning,Astra,1
cmp_03221,reasoning,Nimbus,0
cmp_04122,safety,Orion,1
cmp_04122,safety,Nimbus,0
cmp_02765,reasoning,Orion,1
cmp_02765,reasoning,Pulse,0
cmp_03101,reasoning,Astra,0
cmp_03101,reasoning,Pulse,1
cmp_01711,math,Astra,0
cmp_01711,math,Nova,1
cmp_01530,math,Orion,1
cmp_01530,math,Zenith,0
cmp_01352,math,Orion,1
cmp_01352,math,Nova,0
cmp_00012,coding,Orion,1
cmp_00012,coding,Astra,0
cmp_03993,safety,Orion,1
cmp_03993,safety,Pulse,0
cmp_01485,math,Orion,1
cmp_01485,math,Pulse,0
cmp_03876,safety,Orion,0
cmp_03876,safety,Nova,1
cmp_00024,coding,Orion,1
cmp_00024,coding,Astra,0
cmp_04215,safety,Astra,0
cmp_04215,safety,Nova,1
cmp_01217,coding,Zenith,0
cmp_01217,coding,Nimbus,1
cmp_01983,math,Astra,0
cmp_01983,math,Nimbus,1
cmp_00705,coding,Astra,1
cmp_00705,coding,Nimbus,0
cmp_04241,safety,Astra,1
cmp_04241,safety,Nova,0
cmp_02692,reasoning,Orion,1
cmp_02692,reasoning,Pulse,0
cmp_05002,safety,Zenith,1
cmp_05002,safety,Nimbus,0
cmp_02395,math,Pulse,1
cmp_02395,math,Nimbus,0
cmp_04285,safety,Astra,1
cmp_04285,safety,Pulse,0
cmp_03364,reasoning,Nova,1
cmp_03364,reasoning,Zenith,0
cmp_00945,coding,Nova,1
cmp_00945,coding,Nimbus,0
cmp_03287,reasoning,Nova,0
cmp_03287,reasoning,Pulse,1
cmp_04764,safety,Nova,0
cmp_04764,safety,Nimbus,1
cmp_03244,reasoning,Astra,1
cmp_03244,reasoning,Nimbus,0
cmp_04357,safety,Astra,1
cmp_04357,safety,Pulse,0
cmp_02795,reasoning,Orion,1
cmp_02795,reasoning,Zenith,0
cmp_01528,math,Orion,0
cmp_01528,math,Zenith,1
cmp_00567,coding,Astra,0
cmp_00567,coding,Pulse,1
cmp_03740,reasoning,Zenith,0
cmp_03740,reasoning,Nimbus,1
cmp_01597,math,Orion,0
cmp_01597,math,Nimbus,1
cmp_04033,safety,Orion,1
cmp_04033,safety,Zenith,0
cmp_04213,safety,Astra,0
cmp_04213,safety,Nova,1
cmp_00028,coding,Orion,1
cmp_00028,coding,Astra,0
cmp_04890,safety,Pulse,0
cmp_04890,safety,Nimbus,1
cmp_00030,coding,Orion,0
cmp_00030,coding,Astra,1
cmp_04403,safety,Astra,1
cmp_04403,safety,Zenith,0
cmp_03102,reasoning,Astra,1
cmp_03102,reasoning,Pulse,0
cmp_04992,safety,Zenith,0
cmp_04992,safety,Nimbus,1
cmp_01479,math,Orion,1
cmp_01479,math,Pulse,0
cmp_02400,math,Pulse,1
cmp_02400,math,Nimbus,0
cmp_02743,reasoning,Orion,1
cmp_02743,reasoning,Pulse,0
cmp_00065,coding,Orion,0
cmp_00065,coding,Astra,1
cmp_00427,coding,Astra,0
cmp_00427,coding,Nova,1
cmp_04915,safety,Pulse,0
cmp_04915,safety,Nimbus,1
cmp_04092,safety,Orion,1
cmp_04092,safety,Zenith,0
cmp_04434,safety,Astra,0
cmp_04434,safety,Zenith,1
cmp_03235,reasoning,Astra,1
cmp_03235,reasoning,Nimbus,0
cmp_00899,coding,Nova,1
cmp_00899,coding,Zenith,0
cmp_03680,reasoning,Pulse,1
cmp_03680,reasoning,Nimbus,0
cmp_03648,reasoning,Pulse,1
cmp_03648,reasoning,Nimbus,0
cmp_04255,safety,Astra,1
cmp_04255,safety,Nova,0
cmp_03409,reasoning,Nova,0
cmp_03409,reasoning,Zenith,1
cmp_01020,coding,Pulse,1
cmp_01020,coding,Zenith,0
cmp_04892,safety,Pulse,1
cmp_04892,safety,Nimbus,0
cmp_02604,reasoning,Orion,1
cmp_02604,reasoning,Astra,0
cmp_03134,reasoning,Astra,1
cmp_03134,reasoning,Zenith,0
cmp_02276,math,Pulse,0
cmp_02276,math,Zenith,1
cmp_01931,math,Astra,0
cmp_01931,math,Zenith,1
cmp_02027,math,Nova,1
cmp_02027,math,Pulse,0
cmp_02016,math,Astra,1
cmp_02016,math,Nimbus,0
cmp_00329,coding,Orion,1
cmp_00329,coding,Zenith,0
cmp_01721,math,Astra,0
cmp_01721,math,Nova,1
cmp_03770,reasoning,Zenith,0
cmp_03770,reasoning,Nimbus,1
cmp_04519,safety,Astra,1
cmp_04519,safety,Nimbus,0
cmp_02037,math,Nova,1
cmp_02037,math,Pulse,0
cmp_00939,coding,Nova,1
cmp_00939,coding,Nimbus,0
cmp_02472,math,Zenith,0
cmp_02472,math,Nimbus,1
cmp_04837,safety,Pulse,0
cmp_04837,safety,Zenith,1
cmp_03208,reasoning,Astra,1
cmp_03208,reasoning,Nimbus,0
cmp_04545,safety,Nova,1
cmp_04545,safety,Pulse,0
cmp_02891,reasoning,Orion,1
cmp_02891,reasoning,Nimbus,0
cmp_04486,safety,Astra,1
cmp_04486,safety,Nimbus,0
cmp_03087,reasoning,Astra,0
cmp_03087,reasoning,Pulse,1
cmp_02966,reasoning,Astra,1
cmp_02966,reasoning,Nova,0
cmp_00106,coding,Orion,1
cmp_00106,coding,Nova,0
cmp_04043,safety,Orion,1
cmp_04043,safety,Zenith,0
cmp_01290,math,Orion,1
cmp_01290,math,Astra,0
cmp_02587,reasoning,Orion,1
cmp_02587,reasoning,Astra,0
cmp_00224,coding,Orion,0
cmp_00224,coding,Pulse,1
cmp_02462,math,Zenith,0
cmp_02462,math,Nimbus,1
cmp_01522,math,Orion,0
cmp_01522,math,Zenith,1
cmp_01394,math,Orion,0
cmp_01394,math,Nova,1
cmp_00163,coding,Orion,1
cmp_00163,coding,Nova,0
cmp_00592,coding,Astra,1
cmp_00592,coding,Zenith,0
cmp_03377,reasoning,Nova,1
cmp_03377,reasoning,Zenith,0
cmp_03860,safety,Orion,0
cmp_03860,safety,Astra,1
cmp_00702,coding,Astra,1
cmp_00702,coding,Nimbus,0
cmp_03811,safety,Orion,1
cmp_03811,safety,Astra,0
cmp_02363,math,Pulse,1
cmp_02363,math,Nimbus,0
cmp_00264,coding,Orion,0
cmp_00264,coding,Zenith,1
cmp_02800,reasoning,Orion,1
cmp_02800,reasoning,Zenith,0
cmp_02064,math,Nova,1
cmp_02064,math,Pulse,0
cmp_01170,coding,Pulse,0
cmp_01170,coding,Nimbus,1
cmp_02864,reasoning,Orion,1
cmp_02864,reasoning,Nimbus,0
cmp_02695,reasoning,Orion,1
cmp_02695,reasoning,Pulse,0
cmp_03598,reasoning,Pulse,0
cmp_03598,reasoning,Zenith,1
cmp_02269,math,Pulse,1
cmp_02269,math,Zenith,0
cmp_01374,math,Orion,0
cmp_01374,math,Nova,1
cmp_02640,reasoning,Orion,1
cmp_02640,reasoning,Nova,0
cmp_04362,safety,Astra,1
cmp_04362,safety,Pulse,0
cmp_02645,reasoning,Orion,1
cmp_02645,reasoning,Nova,0
cmp_03782,safety,Orion,1
cmp_03782,safety,Astra,0
cmp_01309,math,Orion,1
cmp_01309,math,Astra,0
cmp_03789,safety,Orion,0
cmp_03789,safety,Astra,1
cmp_00685,coding,Astra,0
cmp_00685,coding,Nimbus,1
cmp_00638,coding,Astra,1
cmp_00638,coding,Zenith,0
cmp_04819,safety,Pulse,1
cmp_04819,safety,Zenith,0
cmp_03520,reasoning,Nova,1
cmp_03520,reasoning,Nimbus,0
cmp_01173,coding,Pulse,0
cmp_01173,coding,Nimbus,1
cmp_00709,coding,Astra,0
cmp_00709,coding,Nimbus,1
cmp_03063,reasoning,Astra,0
cmp_03063,reasoning,Pulse,1
cmp_00116,coding,Orion,0
cmp_00116,coding,Nova,1
cmp_04995,safety,Zenith,0
cmp_04995,safety,Nimbus,1
cmp_04111,safety,Orion,1
cmp_04111,safety,Zenith,0
cmp_02804,reasoning,Orion,1
cmp_02804,reasoning,Zenith,0
cmp_03303,reasoning,Nova,1
cmp_03303,reasoning,Pulse,0
cmp_04205,safety,Astra,1
cmp_04205,safety,Nova,0
cmp_01593,math,Orion,1
cmp_01593,math,Zenith,0
cmp_02267,math,Nova,0
cmp_02267,math,Nimbus,1
cmp_00724,coding,Astra,1
cmp_00724,coding,Nimbus,0
cmp_02439,math,Zenith,1
cmp_02439,math,Nimbus,0
cmp_01489,math,Orion,0
cmp_01489,math,Pulse,1
cmp_02296,math,Pulse,1
cmp_02296,math,Zenith,0
cmp_03066,reasoning,Astra,0
cmp_03066,reasoning,Pulse,1
cmp_01250,coding,Zenith,1
cmp_01250,coding,Nimbus,0
cmp_00301,coding,Orion,1
cmp_00301,coding,Zenith,0
cmp_00157,coding,Orion,1
cmp_00157,coding,Nova,0
cmp_04796,safety,Pulse,0
cmp_04796,safety,Zenith,1
cmp_04338,safety,Astra,0
cmp_04338,safety,Pulse,1
cmp_00883,coding,Nova,1
cmp_00883,coding,Zenith,0
cmp_01189,coding,Zenith,0
cmp_01189,coding,Nimbus,1
cmp_01123,coding,Pulse,1
cmp_01123,coding,Nimbus,0
cmp_00125,coding,Orion,1
cmp_00125,coding,Nova,0
cmp_01902,math,Astra,1
cmp_01902,math,Zenith,0
cmp_03650,reasoning,Pulse,0
cmp_03650,reasoning,Nimbus,1
cmp_01695,math,Astra,1
cmp_01695,math,Nova,0
cmp_00093,coding,Orion,0
cmp_00093,coding,Nova,1
cmp_04821,safety,Pulse,1
cmp_04821,safety,Zenith,0
cmp_04989,safety,Zenith,0
cmp_04989,safety,Nimbus,1
cmp_00165,coding,Orion,1
cmp_00165,coding,Nova,0
cmp_00868,coding,Nova,1
cmp_00868,coding,Zenith,0
cmp_04524,safety,Astra,1
cmp_04524,safety,Nimbus,0
cmp_03930,safety,Orion,1
cmp_03930,safety,Nova,0
cmp_00551,coding,Astra,1
cmp_00551,coding,Pulse,0
cmp_01008,coding,Nova,1
cmp_01008,coding,Nimbus,0
cmp_02186,math,Nova,1
cmp_02186,math,Nimbus,0
cmp_00959,coding,Nova,0
cmp_00959,coding,Nimbus,1
cmp_03766,reasoning,Zenith,0
cmp_03766,reasoning,Nimbus,1
cmp_01553,math,Orion,0
cmp_01553,math,Zenith,1
cmp_00346,coding,Orion,1
cmp_00346,coding,Nimbus,0
cmp_04096,safety,Orion,1
cmp_04096,safety,Zenith,0
cmp_03706,reasoning,Zenith,1
cmp_03706,reasoning,Nimbus,0
cmp_02060,math,Nova,1
cmp_02060,math,Pulse,0
cmp_04588,safety,Nova,1
cmp_04588,safety,Pulse,0
cmp_03663,reasoning,Pulse,1
cmp_03663,reasoning,Nimbus,0
cmp_03426,reasoning,Nova,1
cmp_03426,reasoning,Zenith,0
cmp_02657,reasoning,Orion,1
cmp_02657,reasoning,Nova,0
cmp_04207,safety,Astra,0
cmp_04207,safety,Nova,1
cmp_02071,math,Nova,1
cmp_02071,math,Pulse,0
cmp_01630,math,Orion,1
cmp_01630,math,Nimbus,0
cmp_00565,coding,Astra,1
cmp_00565,coding,Pulse,0
cmp_01660,math,Orion,1
cmp_01660,math,Nimbus,0
cmp_02950,reasoning,Astra,0
cmp_02950,reasoning,Nova,1
cmp_03319,reasoning,Nova,1
cmp_03319,reasoning,Pulse,0
cmp_00263,coding,Orion,1
cmp_00263,coding,Zenith,0
cmp_01345,math,Orion,1
cmp_01345,math,Nova,0
cmp_01190,coding,Zenith,0
cmp_01190,coding,Nimbus,1
cmp_04428,safety,Astra,1
cmp_04428,safety,Zenith,0
cmp_03274,reasoning,Astra,1
cmp_03274,reasoning,Nimbus,0
cmp_01863,math,Astra,0
cmp_01863,math,Zenith,1
cmp_02697,reasoning,Orion,1
cmp_02697,reasoning,Pulse,0
cmp_00483,coding,Astra,1
cmp_00483,coding,Nova,0
cmp_02189,math,Nova,1
cmp_02189,math,Nimbus,0
cmp_03870,safety,Orion,1
cmp_03870,safety,Nova,0
cmp_00594,coding,Astra,1
cmp_00594,coding,Zenith,0
cmp_01548,math,Orion,1
cmp_01548,math,Zenith,0
cmp_00031,coding,Orion,1
cmp_00031,coding,Astra,0
cmp_01251,coding,Zenith,1
cmp_01251,coding,Nimbus,0
cmp_02042,math,Nova,0
cmp_02042,math,Pulse,1
cmp_00170,coding,Orion,1
cmp_00170,coding,Pulse,0
cmp_00208,coding,Orion,1
cmp_00208,coding,Pulse,0
cmp_04225,safety,Astra,0
cmp_04225,safety,Nova,1
cmp_03594,reasoning,Pulse,1
cmp_03594,reasoning,Zenith,0
cmp_03263,reasoning,Astra,1
cmp_03263,reasoning,Nimbus,0
cmp_02107,math,Nova,0
cmp_02107,math,Zenith,1
cmp_01230,coding,Zenith,0
cmp_01230,coding,Nimbus,1
cmp_02139,math,Nova,0
cmp_02139,math,Zenith,1
cmp_00188,coding,Orion,1
cmp_00188,coding,Pulse,0
cmp_02921,reasoning,Orion,1
cmp_02921,reasoning,Nimbus,0
cmp_02238,math,Nova,0
cmp_02238,math,Nimbus,1
cmp_02665,reasoning,Orion,1
cmp_02665,reasoning,Nova,0
cmp_00981,coding,Nova,1
cmp_00981,coding,Nimbus,0
cmp_02626,reasoning,Orion,0
cmp_02626,reasoning,Nova,1
cmp_02449,math,Zenith,0
cmp_02449,math,Nimbus,1
cmp_04888,safety,Pulse,1
cmp_04888,safety,Nimbus,0
cmp_02889,reasoning,Orion,1
cmp_02889,reasoning,Nimbus,0
cmp_00986,coding,Nova,1
cmp_00986,coding,Nimbus,0
cmp_04449,safety,Astra,1
cmp_04449,safety,Zenith,0
cmp_04935,safety,Pulse,1
cmp_04935,safety,Nimbus,0
cmp_03440,reasoning,Nova,1
cmp_03440,reasoning,Zenith,0
cmp_03479,reasoning,Nova,1
cmp_03479,reasoning,Nimbus,0
cmp_04802,safety,Pulse,0
cmp_04802,safety,Zenith,1
cmp_04177,safety,Orion,1
cmp_04177,safety,Nimbus,0
cmp_03991,safety,Orion,0
cmp_03991,safety,Pulse,1
cmp_00049,coding,Orion,1
cmp_00049,coding,Astra,0
cmp_03214,reasoning,Astra,1
cmp_03214,reasoning,Nimbus,0
cmp_00372,coding,Orion,1
cmp_00372,coding,Nimbus,0
cmp_01393,math,Orion,1
cmp_01393,math,Nova,0
cmp_04324,safety,Astra,0
cmp_04324,safety,Pulse,1
cmp_04340,safety,Astra,1
cmp_04340,safety,Pulse,0
cmp_02174,math,Nova,1
cmp_02174,math,Zenith,0
cmp_04297,safety,Astra,1
cmp_04297,safety,Pulse,0
cmp_04766,safety,Nova,1
cmp_04766,safety,Nimbus,0
cmp_04045,safety,Orion,1
cmp_04045,safety,Zenith,0
cmp_00042,coding,Orion,0
cmp_00042,coding,Astra,1
cmp_00652,coding,Astra,0
cmp_00652,coding,Zenith,1
cmp_03096,reasoning,Astra,0
cmp_03096,reasoning,Pulse,1
cmp_03689,reasoning,Pulse,0
cmp_03689,reasoning,Nimbus,1
cmp_04327,safety,Astra,0
cmp_04327,safety,Pulse,1
cmp_01072,coding,Pulse,1
cmp_01072,coding,Zenith,0
cmp_02875,reasoning,Orion,0
cmp_02875,reasoning,Nimbus,1
cmp_00456,coding,Astra,1
cmp_00456,coding,Nova,0
cmp_01701,math,Astra,0
cmp_01701,math,Nova,1
cmp_01322,math,Orion,1
cmp_01322,math,Astra,0
cmp_03465,reasoning,Nova,1
cmp_03465,reasoning,Nimbus,0
cmp_04873,safety,Pulse,0
cmp_04873,safety,Nimbus,1
cmp_00056,coding,Orion,0
cmp_00056,coding,Astra,1
cmp_04018,safety,Orion,1
cmp_04018,safety,Pulse,0
cmp_03995,safety,Orion,1
cmp_03995,safety,Pulse,0
cmp_03961,safety,Orion,1
cmp_03961,safety,Pulse,0
cmp_01759,math,Astra,1
cmp_01759,math,Nova,0
cmp_04293,safety,Astra,1
cmp_04293,safety,Pulse,0
cmp_02203,math,Nova,1
cmp_02203,math,Nimbus,0
cmp_03978,safety,Orion,1
cmp_03978,safety,Pulse,0
cmp_04248,safety,Astra,1
cmp_04248,safety,Nova,0
cmp_04526,safety,Astra,0
cmp_04526,safety,Nimbus,1
cmp_01866,math,Astra,1
cmp_01866,math,Zenith,0
cmp_04714,safety,Nova,0
cmp_04714,safety,Nimbus,1
cmp_02459,math,Zenith,0
cmp_02459,math,Nimbus,1
cmp_00312,coding,Orion,1
cmp_00312,coding,Zenith,0
cmp_04311,safety,Astra,0
cmp_04311,safety,Pulse,1
cmp_00826,coding,Nova,0
cmp_00826,coding,Pulse,1
cmp_02969,reasoning,Astra,0
cmp_02969,reasoning,Nova,1
cmp_01687,math,Astra,0
cmp_01687,math,Nova,1
cmp_03295,reasoning,Nova,1
cmp_03295,reasoning,Pulse,0
cmp_02359,math,Pulse,1
cmp_02359,math,Nimbus,0
cmp_01506,math,Orion,1
cmp_01506,math,Pulse,0
cmp_01922,math,Astra,1
cmp_01922,math,Zenith,0
cmp_03793,safety,Orion,0
cmp_03793,safety,Astra,1
cmp_04683,safety,Nova,0
cmp_04683,safety,Zenith,1
cmp_01093,coding,Pulse,0
cmp_01093,coding,Nimbus,1
cmp_02268,math,Nova,1
cmp_02268,math,Nimbus,0
cmp_00907,coding,Nova,0
cmp_00907,coding,Zenith,1
cmp_02057,math,Nova,0
cmp_02057,math,Pulse,1
cmp_04649,safety,Nova,0
cmp_04649,safety,Zenith,1
cmp_04662,safety,Nova,1
cmp_04662,safety,Zenith,0
cmp_03614,reasoning,Pulse,1
cmp_03614,reasoning,Nimbus,0
cmp_00035,coding,Orion,1
cmp_00035,coding,Astra,0
cmp_02050,math,Nova,1
cmp_02050,math,Pulse,0
cmp_04366,safety,Astra,1
cmp_04366,safety,Pulse,0
cmp_04480,safety,Astra,0
cmp_04480,safety,Nimbus,1
cmp_00875,coding,Nova,1
cmp_00875,coding,Zenith,0
cmp_04416,safety,Astra,0
cmp_04416,safety,Zenith,1
cmp_04006,safety,Orion,0
cmp_04006,safety,Pulse,1
cmp_00892,coding,Nova,1
cmp_00892,coding,Zenith,0
cmp_01215,coding,Zenith,0
cmp_01215,coding,Nimbus,1
cmp_04162,safety,Orion,0
cmp_04162,safety,Nimbus,1
cmp_04841,safety,Pulse,1
cmp_04841,safety,Zenith,0
cmp_01885,math,Astra,1
cmp_01885,math,Zenith,0
cmp_04569,safety,Nova,0
cmp_04569,safety,Pulse,1
cmp_00714,coding,Astra,1
cmp_00714,coding,Nimbus,0
cmp_02756,reasoning,Orion,1
cmp_02756,reasoning,Pulse,0
cmp_01436,math,Orion,1
cmp_01436,math,Pulse,0
cmp_02254,math,Nova,0
cmp_02254,math,Nimbus,1
cmp_04790,safety,Pulse,0
cmp_04790,safety,Zenith,1
cmp_00322,coding,Orion,1
cmp_00322,coding,Zenith,0
cmp_02659,reasoning,Orion,0
cmp_02659,reasoning,Nova,1
cmp_03557,reasoning,Pulse,1
cmp_03557,reasoning,Zenith,0
cmp_04415,safety,Astra,1
cmp_04415,safety,Zenith,0
cmp_01733,math,Astra,1
cmp_01733,math,Nova,0
cmp_02594,reasoning,Orion,1
cmp_02594,reasoning,Astra,0
cmp_01955,math,Astra,0
cmp_01955,math,Nimbus,1
cmp_01099,coding,Pulse,1
cmp_01099,coding,Nimbus,0
cmp_02008,math,Astra,0
cmp_02008,math,Nimbus,1
cmp_01720,math,Astra,1
cmp_01720,math,Nova,0
cmp_04469,safety,Astra,1
cmp_04469,safety,Nimbus,0
cmp_02272,math,Pulse,1
cmp_02272,math,Zenith,0
cmp_00754,coding,Astra,1
cmp_00754,coding,Nimbus,0
cmp_05020,safety,Zenith,1
cmp_05020,safety,Nimbus,0
cmp_01936,math,Astra,1
cmp_01936,math,Nimbus,0
cmp_01579,math,Orion,1
cmp_01579,math,Zenith,0
cmp_01662,math,Orion,1
cmp_01662,math,Nimbus,0
cmp_03074,reasoning,Astra,0
cmp_03074,reasoning,Pulse,1
cmp_03460,reasoning,Nova,0
cmp_03460,reasoning,Nimbus,1
cmp_02885,reasoning,Orion,1
cmp_02885,reasoning,Nimbus,0
cmp_04042,safety,Orion,1
cmp_04042,safety,Zenith,0
cmp_01534,math,Orion,1
cmp_01534,math,Zenith,0
cmp_03027,reasoning,Astra,0
cmp_03027,reasoning,Pulse,1
cmp_04897,safety,Pulse,1
cmp_04897,safety,Nimbus,0
cmp_03965,safety,Orion,0
cmp_03965,safety,Pulse,1
cmp_00584,coding,Astra,1
cmp_00584,coding,Pulse,0
cmp_00370,coding,Orion,1
cmp_00370,coding,Nimbus,0
cmp_04868,safety,Pulse,1
cmp_04868,safety,Zenith,0
cmp_02754,reasoning,Orion,1
cmp_02754,reasoning,Pulse,0
cmp_01009,coding,Pulse,0
cmp_01009,coding,Zenith,1
cmp_03489,reasoning,Nova,1
cmp_03489,reasoning,Nimbus,0
cmp_03206,reasoning,Astra,1
cmp_03206,reasoning,Nimbus,0
cmp_03628,reasoning,Pulse,1
cmp_03628,reasoning,Nimbus,0
cmp_00255,coding,Orion,1
cmp_00255,coding,Zenith,0
cmp_03826,safety,Orion,1
cmp_03826,safety,Astra,0
cmp_03973,safety,Orion,0
cmp_03973,safety,Pulse,1
cmp_01586,math,Orion,1
cmp_01586,math,Zenith,0
cmp_04087,safety,Orion,0
cmp_04087,safety,Zenith,1
cmp_04972,safety,Zenith,0
cmp_04972,safety,Nimbus,1
cmp_02165,math,Nova,1
cmp_02165,math,Zenith,0
cmp_00094,coding,Orion,1
cmp_00094,coding,Nova,0
cmp_00310,coding,Orion,1
cmp_00310,coding,Zenith,0
cmp_03273,reasoning,Astra,1
cmp_03273,reasoning,Nimbus,0
cmp_02282,math,Pulse,1
cmp_02282,math,Zenith,0
cmp_02152,math,Nova,1
cmp_02152,math,Zenith,0
cmp_00179,coding,Orion,1
cmp_00179,coding,Pulse,0
cmp_02369,math,Pulse,1
cmp_02369,math,Nimbus,0
cmp_04140,safety,Orion,1
cmp_04140,safety,Nimbus,0
cmp_03768,reasoning,Zenith,1
cmp_03768,reasoning,Nimbus,0
cmp_04793,safety,Pulse,1
cmp_04793,safety,Zenith,0
cmp_03449,reasoning,Nova,1
cmp_03449,reasoning,Nimbus,0
cmp_02151,math,Nova,1
cmp_02151,math,Zenith,0
cmp_04007,safety,Orion,0
cmp_04007,safety,Pulse,1
cmp_02367,math,Pulse,0
cmp_02367,math,Nimbus,1
cmp_01048,coding,Pulse,1
cmp_01048,coding,Zenith,0
cmp_01590,math,Orion,1
cmp_01590,math,Zenith,0
cmp_04809,safety,Pulse,0
cmp_04809,safety,Zenith,1
cmp_00461,coding,Astra,1
cmp_00461,coding,Nova,0
cmp_02059,math,Nova,1
cmp_02059,math,Pulse,0
cmp_01206,coding,Zenith,0
cmp_01206,coding,Nimbus,1
cmp_02477,math,Zenith,0
cmp_02477,math,Nimbus,1
cmp_01421,math,Orion,1
cmp_01421,math,Nova,0
cmp_01707,math,Astra,0
cmp_01707,math,Nova,1
cmp_01481,math,Orion,1
cmp_01481,math,Pulse,0
cmp_00213,coding,Orion,0
cmp_00213,coding,Pulse,1
cmp_04229,safety,Astra,0
cmp_04229,safety,Nova,1
cmp_04618,safety,Nova,1
cmp_04618,safety,Pulse,0
cmp_00631,coding,Astra,0
cmp_00631,coding,Zenith,1
cmp_02266,math,Nova,1
cmp_02266,math,Nimbus,0
cmp_01996,math,Astra,1
cmp_01996,math,Nimbus,0
cmp_00500,coding,Astra,1
cmp_00500,coding,Nova,0
cmp_02160,math,Nova,1
cmp_02160,math,Zenith,0
cmp_03311,reasoning,Nova,0
cmp_03311,reasoning,Pulse,1
cmp_01569,math,Orion,1
cmp_01569,math,Zenith,0
cmp_04121,safety,Orion,1
cmp_04121,safety,Nimbus,0
cmp_03605,reasoning,Pulse,0
cmp_03605,reasoning,Zenith,1
cmp_00695,coding,Astra,1
cmp_00695,coding,Nimbus,0
cmp_02560,reasoning,Orion,1
cmp_02560,reasoning,Astra,0
cmp_01635,math,Orion,1
cmp_01635,math,Nimbus,0
cmp_00398,coding,Orion,1
cmp_00398,coding,Nimbus,0
cmp_04770,safety,Nova,1
cmp_04770,safety,Nimbus,0
cmp_02711,reasoning,Orion,1
cmp_02711,reasoning,Pulse,0
cmp_02378,math,Pulse,1
cmp_02378,math,Nimbus,0
cmp_03018,reasoning,Astra,1
cmp_03018,reasoning,Nova,0
cmp_00711,coding,Astra,1
cmp_00711,coding,Nimbus,0
cmp_02133,math,Nova,1
cmp_02133,math,Zenith,0
cmp_04493,safety,Astra,1
cmp_04493,safety,Nimbus,0
cmp_03367,reasoning,Nova,1
cmp_03367,reasoning,Zenith,0
cmp_02541,reasoning,Orion,1
cmp_02541,reasoning,Astra,0
cmp_01500,math,Orion,1
cmp_01500,math,Pulse,0
cmp_03406,reasoning,Nova,1
cmp_03406,reasoning,Zenith,0
cmp_03363,reasoning,Nova,0
cmp_03363,reasoning,Zenith,1
cmp_01284,math,Orion,1
cmp_01284,math,Astra,0
cmp_02661,reasoning,Orion,1
cmp_02661,reasoning,Nova,0
cmp_03329,reasoning,Nova,0
cmp_03329,reasoning,Pulse,1
cmp_04784,safety,Nova,1
cmp_04784,safety,Nimbus,0
cmp_04658,safety,Nova,0
cmp_04658,safety,Zenith,1
cmp_01817,math,Astra,1
cmp_01817,math,Pulse,0
cmp_03421,reasoning,Nova,1
cmp_03421,reasoning,Zenith,0
cmp_03046,reasoning,Astra,0
cmp_03046,reasoning,Pulse,1
cmp_02602,reasoning,Orion,1
cmp_02602,reasoning,Astra,0
cmp_03284,reasoning,Nova,1
cmp_03284,reasoning,Pulse,0
cmp_01664,math,Orion,1
cmp_01664,math,Nimbus,0
cmp_02250,math,Nova,1
cmp_02250,math,Nimbus,0
cmp_00599,coding,Astra,1
cmp_00599,coding,Zenith,0
cmp_02599,reasoning,Orion,0
cmp_02599,reasoning,Astra,1
cmp_00575,coding,Astra,1
cmp_00575,coding,Pulse,0
cmp_00677,coding,Astra,1
cmp_00677,coding,Nimbus,0
cmp_03177,reasoning,Astra,1
cmp_03177,reasoning,Zenith,0
cmp_03731,reasoning,Zenith,1
cmp_03731,reasoning,Nimbus,0
cmp_00200,coding,Orion,1
cmp_00200,coding,Pulse,0
cmp_04325,safety,Astra,0
cmp_04325,safety,Pulse,1
cmp_04506,safety,Astra,1
cmp_04506,safety,Nimbus,0
cmp_03670,reasoning,Pulse,1
cmp_03670,reasoning,Nimbus,0
cmp_03824,safety,Orion,1
cmp_03824,safety,Astra,0
cmp_01050,coding,Pulse,1
cmp_01050,coding,Zenith,0
cmp_04850,safety,Pulse,0
cmp_04850,safety,Zenith,1
cmp_01699,math,Astra,1
cmp_01699,math,Nova,0
cmp_02321,math,Pulse,0
cmp_02321,math,Zenith,1
cmp_00620,coding,Astra,0
cmp_00620,coding,Zenith,1
cmp_03516,reasoning,Nova,1
cmp_03516,reasoning,Nimbus,0
cmp_01129,coding,Pulse,1
cmp_01129,coding,Nimbus,0
cmp_01982,math,Astra,1
cmp_01982,math,Nimbus,0
cmp_03549,reasoning,Pulse,1
cmp_03549,reasoning,Zenith,0
cmp_03885,safety,Orion,1
cmp_03885,safety,Nova,0
cmp_04130,safety,Orion,0
cmp_04130,safety,Nimbus,1
cmp_00392,coding,Orion,1
cmp_00392,coding,Nimbus,0
cmp_00476,coding,Astra,1
cmp_00476,coding,Nova,0
cmp_03534,reasoning,Pulse,1
cmp_03534,reasoning,Zenith,0
cmp_01160,coding,Pulse,0
cmp_01160,coding,Nimbus,1
cmp_03068,reasoning,Astra,1
cmp_03068,reasoning,Pulse,0
cmp_04382,safety,Astra,0
cmp_04382,safety,Zenith,1
cmp_03002,reasoning,Astra,1
cmp_03002,reasoning,Nova,0
cmp_03166,reasoning,Astra,1
cmp_03166,reasoning,Zenith,0
cmp_00472,coding,Astra,1
cmp_00472,coding,Nova,0
cmp_04694,safety,Nova,1
cmp_04694,safety,Zenith,0
cmp_02154,math,Nova,1
cmp_02154,math,Zenith,0
cmp_01491,math,Orion,1
cmp_01491,math,Pulse,0
cmp_00598,coding,Astra,1
cmp_00598,coding,Zenith,0
cmp_00937,coding,Nova,1
cmp_00937,coding,Nimbus,0
cmp_00319,coding,Orion,1
cmp_00319,coding,Zenith,0
cmp_03864,safety,Orion,0
cmp_03864,safety,Astra,1
cmp_00041,coding,Orion,1
cmp_00041,coding,Astra,0
cmp_00708,coding,Astra,1
cmp_00708,coding,Nimbus,0
cmp_03933,safety,Orion,0
cmp_03933,safety,Nova,1
cmp_04463,safety,Astra,0
cmp_04463,safety,Nimbus,1
cmp_00531,coding,Astra,1
cmp_00531,coding,Pulse,0
cmp_03110,reasoning,Astra,1
cmp_03110,reasoning,Zenith,0
cmp_03371,reasoning,Nova,1
cmp_03371,reasoning,Zenith,0
cmp_00050,coding,Orion,1
cmp_00050,coding,Astra,0
cmp_02896,reasoning,Orion,1
cmp_02896,reasoning,Nimbus,0
cmp_02146,math,Nova,1
cmp_02146,math,Zenith,0
cmp_03951,safety,Orion,1
cmp_03951,safety,Pulse,0
cmp_02007,math,Astra,1
cmp_02007,math,Nimbus,0
cmp_00318,coding,Orion,1
cmp_00318,coding,Zenith,0
cmp_00630,coding,Astra,0
cmp_00630,coding,Zenith,1
cmp_03222,reasoning,Astra,1
cmp_03222,reasoning,Nimbus,0
cmp_01991,math,Astra,1
cmp_01991,math,Nimbus,0
cmp_04789,safety,Pulse,1
cmp_04789,safety,Zenith,0
cmp_03561,reasoning,Pulse,0
cmp_03561,reasoning,Zenith,1
cmp_01969,math,Astra,1
cmp_01969,math,Nimbus,0
cmp_01165,coding,Pulse,1
cmp_01165,coding,Nimbus,0
cmp_04678,safety,Nova,1
cmp_04678,safety,Zenith,0
cmp_00053,coding,Orion,1
cmp_00053,coding,Astra,0
cmp_04489,safety,Astra,1
cmp_04489,safety,Nimbus,0
cmp_03581,reasoning,Pulse,0
cmp_03581,reasoning,Zenith,1
cmp_03317,reasoning,Nova,0
cmp_03317,reasoning,Pulse,1
cmp_01179,coding,Zenith,0
cmp_01179,coding,Nimbus,1
cmp_04563,safety,Nova,0
cmp_04563,safety,Pulse,1
cmp_00731,coding,Astra,0
cmp_00731,coding,Nimbus,1
cmp_00810,coding,Nova,1
cmp_00810,coding,Pulse,0
cmp_00911,coding,Nova,1
cmp_00911,coding,Zenith,0
cmp_01184,coding,Zenith,1
cmp_01184,coding,Nimbus,0
cmp_03658,reasoning,Pulse,0
cmp_03658,reasoning,Nimbus,1
cmp_04774,safety,Nova,1
cmp_04774,safety,Nimbus,0
cmp_01400,math,Orion,1
cmp_01400,math,Nova,0
cmp_03239,reasoning,Astra,0
cmp_03239,reasoning,Nimbus,1
cmp_00729,coding,Astra,1
cmp_00729,coding,Nimbus,0
cmp_02839,reasoning,Orion,1
cmp_02839,reasoning,Zenith,0
cmp_00683,coding,Astra,1
cmp_00683,coding,Nimbus,0
cmp_02043,math,Nova,1
cmp_02043,math,Pulse,0
cmp_00879,coding,Nova,0
cmp_00879,coding,Zenith,1
cmp_01769,math,Astra,1
cmp_01769,math,Pulse,0
cmp_00800,coding,Nova,1
cmp_00800,coding,Pulse,0
cmp_01798,math,Astra,1
cmp_01798,math,Pulse,0
cmp_03983,safety,Orion,1
cmp_03983,safety,Pulse,0
cmp_02509,math,Zenith,1
cmp_02509,math,Nimbus,0
cmp_03702,reasoning,Zenith,1
cmp_03702,reasoning,Nimbus,0
cmp_00015,coding,Orion,1
cmp_00015,coding,Astra,0
cmp_01067,coding,Pulse,1
cmp_01067,coding,Zenith,0
cmp_02297,math,Pulse,1
cmp_02297,math,Zenith,0
cmp_03511,reasoning,Nova,1
cmp_03511,reasoning,Nimbus,0
cmp_01890,math,Astra,1
cmp_01890,math,Zenith,0
cmp_00270,coding,Orion,1
cmp_00270,coding,Zenith,0
cmp_02948,reasoning,Astra,1
cmp_02948,reasoning,Nova,0
cmp_02244,math,Nova,1
cmp_02244,math,Nimbus,0
cmp_00090,coding,Orion,1
cmp_00090,coding,Nova,0
cmp_01191,coding,Zenith,0
cmp_01191,coding,Nimbus,1
cmp_04268,safety,Astra,1
cmp_04268,safety,Nova,0
cmp_04729,safety,Nova,1
cmp_04729,safety,Nimbus,0
cmp_01930,math,Astra,0
cmp_01930,math,Zenith,1
cmp_04988,safety,Zenith,1
cmp_04988,safety,Nimbus,0
cmp_01777,math,Astra,0
cmp_01777,math,Pulse,1
cmp_03256,reasoning,Astra,1
cmp_03256,reasoning,Nimbus,0
cmp_02913,reasoning,Orion,1
cmp_02913,reasoning,Nimbus,0
cmp_03043,reasoning,Astra,0
cmp_03043,reasoning,Pulse,1
cmp_03868,safety,Orion,1
cmp_03868,safety,Nova,0
cmp_03428,reasoning,Nova,1
cmp_03428,reasoning,Zenith,0
cmp_02435,math,Pulse,0
cmp_02435,math,Nimbus,1
cmp_04295,safety,Astra,0
cmp_04295,safety,Pulse,1
cmp_00019,coding,Orion,0
cmp_00019,coding,Astra,1
cmp_02377,math,Pulse,1
cmp_02377,math,Nimbus,0
cmp_02574,reasoning,Orion,0
cmp_02574,reasoning,Astra,1
cmp_01570,math,Orion,1
cmp_01570,math,Zenith,0
cmp_00286,coding,Orion,0
cmp_00286,coding,Zenith,1
cmp_04210,safety,Astra,1
cmp_04210,safety,Nova,0
cmp_02202,math,Nova,1
cmp_02202,math,Nimbus,0
cmp_03210,reasoning,Astra,0
cmp_03210,reasoning,Nimbus,1
cmp_02831,reasoning,Orion,1
cmp_02831,reasoning,Zenith,0
cmp_03967,safety,Orion,1
cmp_03967,safety,Pulse,0
cmp_04510,safety,Astra,0
cmp_04510,safety,Nimbus,1
cmp_01377,math,Orion,1
cmp_01377,math,Nova,0
cmp_01650,math,Orion,0
cmp_01650,math,Nimbus,1
cmp_02603,reasoning,Orion,0
cmp_02603,reasoning,Astra,1
cmp_01672,math,Orion,1
cmp_01672,math,Nimbus,0
cmp_03799,safety,Orion,0
cmp_03799,safety,Astra,1
cmp_03974,safety,Orion,1
cmp_03974,safety,Pulse,0
cmp_03573,reasoning,Pulse,1
cmp_03573,reasoning,Zenith,0
cmp_04814,safety,Pulse,1
cmp_04814,safety,Zenith,0
cmp_01935,math,Astra,0
cmp_01935,math,Nimbus,1
cmp_04975,safety,Zenith,0
cmp_04975,safety,Nimbus,1
cmp_01921,math,Astra,1
cmp_01921,math,Zenith,0
cmp_04190,safety,Orion,0
cmp_04190,safety,Nimbus,1
cmp_00809,coding,Nova,1
cmp_00809,coding,Pulse,0
cmp_01954,math,Astra,1
cmp_01954,math,Nimbus,0
cmp_03384,reasoning,Nova,1
cmp_03384,reasoning,Zenith,0
cmp_03336,reasoning,Nova,1
cmp_03336,reasoning,Pulse,0
cmp_01756,math,Astra,0
cmp_01756,math,Nova,1
cmp_02249,math,Nova,1
cmp_02249,math,Nimbus,0
cmp_04507,safety,Astra,1
cmp_04507,safety,Nimbus,0
cmp_04093,safety,Orion,1
cmp_04093,safety,Zenith,0
cmp_02570,reasoning,Orion,1
cmp_02570,reasoning,Astra,0
cmp_01465,math,Orion,1
cmp_01465,math,Pulse,0
cmp_03142,reasoning,Astra,0
cmp_03142,reasoning,Zenith,1
cmp_02093,math,Nova,1
cmp_02093,math,Pulse,0
cmp_00010,coding,Orion,1
cmp_00010,coding,Astra,0
cmp_01446,math,Orion,1
cmp_01446,math,Pulse,0
cmp_02198,math,Nova,0
cmp_02198,math,Nimbus,1
cmp_02150,math,Nova,0
cmp_02150,math,Zenith,1
cmp_03734,reasoning,Zenith,1
cmp_03734,reasoning,Nimbus,0
cmp_03079,reasoning,Astra,1
cmp_03079,reasoning,Pulse,0
cmp_03370,reasoning,Nova,1
cmp_03370,reasoning,Zenith,0
cmp_04870,safety,Pulse,0
cmp_04870,safety,Zenith,1
cmp_02521,reasoning,Orion,1
cmp_02521,reasoning,Astra,0
cmp_01898,math,Astra,0
cmp_01898,math,Zenith,1
cmp_01431,math,Orion,1
cmp_01431,math,Pulse,0
cmp_03444,reasoning,Nova,1
cmp_03444,reasoning,Zenith,0
cmp_03823,safety,Orion,0
cmp_03823,safety,Astra,1
cmp_01705,math,Astra,1
cmp_01705,math,Nova,0
cmp_02632,reasoning,Orion,1
cmp_02632,reasoning,Nova,0
cmp_03454,reasoning,Nova,1
cmp_03454,reasoning,Nimbus,0
cmp_04660,safety,Nova,1
cmp_04660,safety,Zenith,0
cmp_04583,safety,Nova,1
cmp_04583,safety,Pulse,0
cmp_03281,reasoning,Nova,1
cmp_03281,reasoning,Pulse,0
cmp_03052,reasoning,Astra,1
cmp_03052,reasoning,Pulse,0
cmp_01186,coding,Zenith,0
cmp_01186,coding,Nimbus,1
cmp_01252,coding,Zenith,0
cmp_01252,coding,Nimbus,1
cmp_04034,safety,Orion,1
cmp_04034,safety,Zenith,0
cmp_01490,math,Orion,1
cmp_01490,math,Pulse,0
cmp_01540,math,Orion,1
cmp_01540,math,Zenith,0
cmp_03697,reasoning,Zenith,0
cmp_03697,reasoning,Nimbus,1
cmp_03145,reasoning,Astra,1
cmp_03145,reasoning,Zenith,0
cmp_03572,reasoning,Pulse,0
cmp_03572,reasoning,Zenith,1
cmp_02121,math,Nova,0
cmp_02121,math,Zenith,1
cmp_04119,safety,Orion,1
cmp_04119,safety,Nimbus,0
cmp_03064,reasoning,Astra,1
cmp_03064,reasoning,Pulse,0
cmp_00164,coding,Orion,1
cmp_00164,coding,Nova,0
cmp_02701,reasoning,Orion,1
cmp_02701,reasoning,Pulse,0
cmp_04611,safety,Nova,0
cmp_04611,safety,Pulse,1
cmp_01832,math,Astra,1
cmp_01832,math,Pulse,0
cmp_03828,safety,Orion,1
cmp_03828,safety,Astra,0
cmp_03518,reasoning,Nova,0
cmp_03518,reasoning,Nimbus,1
cmp_04828,safety,Pulse,1
cmp_04828,safety,Zenith,0
cmp_01990,math,Astra,1
cmp_01990,math,Nimbus,0
cmp_02749,reasoning,Orion,1
cmp_02749,reasoning,Pulse,0
cmp_01339,math,Orion,1
cmp_01339,math,Astra,0
cmp_03625,reasoning,Pulse,0
cmp_03625,reasoning,Nimbus,1
cmp_00678,coding,Astra,1
cmp_00678,coding,Nimbus,0
cmp_01031,coding,Pulse,1
cmp_01031,coding,Zenith,0
cmp_02095,math,Nova,1
cmp_02095,math,Pulse,0
cmp_02453,math,Zenith,0
cmp_02453,math,Nimbus,1
cmp_00676,coding,Astra,1
cmp_00676,coding,Nimbus,0
cmp_04760,safety,Nova,1
cmp_04760,safety,Nimbus,0
cmp_00713,coding,Astra,1
cmp_00713,coding,Nimbus,0
cmp_01670,math,Orion,1
cmp_01670,math,Nimbus,0
cmp_02349,math,Pulse,1
cmp_02349,math,Zenith,0
cmp_04429,safety,Astra,1
cmp_04429,safety,Zenith,0
cmp_04912,safety,Pulse,0
cmp_04912,safety,Nimbus,1
cmp_03026,reasoning,Astra,1
cmp_03026,reasoning,Pulse,0
cmp_04655,safety,Nova,0
cmp_04655,safety,Zenith,1
cmp_02248,math,Nova,1
cmp_02248,math,Nimbus,0
cmp_01470,math,Orion,1
cmp_01470,math,Pulse,0
cmp_00811,coding,Nova,1
cmp_00811,coding,Pulse,0
cmp_00181,coding,Orion,1
cmp_00181,coding,Pulse,0
cmp_02939,reasoning,Orion,1
cmp_02939,reasoning,Nimbus,0
cmp_00218,coding,Orion,1
cmp_00218,coding,Pulse,0
cmp_00158,coding,Orion,1
cmp_00158,coding,Nova,0
cmp_04246,safety,Astra,0
cmp_04246,safety,Nova,1
cmp_00045,coding,Orion,0
cmp_00045,coding,Astra,1
cmp_01753,math,Astra,1
cmp_01753,math,Nova,0
cmp_03433,reasoning,Nova,1
cmp_03433,reasoning,Zenith,0
cmp_01729,math,Astra,1
cmp_01729,math,Nova,0
cmp_04736,safety,Nova,0
cmp_04736,safety,Nimbus,1
cmp_02829,reasoning,Orion,1
cmp_02829,reasoning,Zenith,0
cmp_04701,safety,Nova,1
cmp_04701,safety,Zenith,0
cmp_03482,reasoning,Nova,1
cmp_03482,reasoning,Nimbus,0
cmp_00096,coding,Orion,0
cmp_00096,coding,Nova,1
cmp_01850,math,Astra,1
cmp_01850,math,Zenith,0
cmp_03327,reasoning,Nova,0
cmp_03327,reasoning,Pulse,1
cmp_04747,safety,Nova,0
cmp_04747,safety,Nimbus,1
cmp_01341,math,Orion,1
cmp_01341,math,Astra,0
cmp_03833,safety,Orion,0
cmp_03833,safety,Astra,1
cmp_03942,safety,Orion,1
cmp_03942,safety,Nova,0
cmp_04619,safety,Nova,0
cmp_04619,safety,Pulse,1
cmp_04878,safety,Pulse,1
cmp_04878,safety,Nimbus,0
cmp_02995,reasoning,Astra,1
cmp_02995,reasoning,Nova,0
cmp_00736,coding,Astra,1
cmp_00736,coding,Nimbus,0
cmp_00004,coding,Orion,0
cmp_00004,coding,Astra,1
cmp_03504,reasoning,Nova,1
cmp_03504,reasoning,Nimbus,0
cmp_00353,coding,Orion,1
cmp_00353,coding,Nimbus,0
cmp_04552,safety,Nova,1
cmp_04552,safety,Pulse,0
cmp_00925,coding,Nova,1
cmp_00925,coding,Nimbus,0
cmp_03710,reasoning,Zenith,1
cmp_03710,reasoning,Nimbus,0
cmp_01267,math,Orion,1
cmp_01267,math,Astra,0
cmp_01604,math,Orion,1
cmp_01604,math,Nimbus,0
cmp_02573,reasoning,Orion,0
cmp_02573,reasoning,Astra,1
cmp_02450,math,Zenith,0
cmp_02450,math,Nimbus,1
cmp_00997,coding,Nova,1
cmp_00997,coding,Nimbus,0
cmp_03890,safety,Orion,0
cmp_03890,safety,Nova,1
cmp_04627,safety,Nova,0
cmp_04627,safety,Zenith,1
cmp_00435,coding,Astra,1
cmp_00435,coding,Nova,0
cmp_04691,safety,Nova,1
cmp_04691,safety,Zenith,0
cmp_04326,safety,Astra,0
cmp_04326,safety,Pulse,1
cmp_04522,safety,Astra,1
cmp_04522,safety,Nimbus,0
cmp_02345,math,Pulse,1
cmp_02345,math,Zenith,0
cmp_01824,math,Astra,1
cmp_01824,math,Pulse,0
cmp_03575,reasoning,Pulse,1
cmp_03575,reasoning,Zenith,0
cmp_02858,reasoning,Orion,1
cmp_02858,reasoning,Nimbus,0
cmp_00696,coding,Astra,1
cmp_00696,coding,Nimbus,0
cmp_02575,reasoning,Orion,0
cmp_02575,reasoning,Astra,1
cmp_00410,coding,Orion,1
cmp_00410,coding,Nimbus,0
cmp_00722,coding,Astra,1
cmp_00722,coding,Nimbus,0
cmp_00636,coding,Astra,1
cmp_00636,coding,Zenith,0
cmp_01513,math,Orion,1
cmp_01513,math,Zenith,0
cmp_01600,math,Orion,1
cmp_01600,math,Nimbus,0
cmp_04226,safety,Astra,1
cmp_04226,safety,Nova,0
cmp_01294,math,Orion,0
cmp_01294,math,Astra,1
cmp_00316,coding,Orion,1
cmp_00316,coding,Zenith,0
cmp_00691,coding,Astra,1
cmp_00691,coding,Nimbus,0
cmp_04648,safety,Nova,1
cmp_04648,safety,Zenith,0
cmp_02844,reasoning,Orion,1
cmp_02844,reasoning,Zenith,0
cmp_03787,safety,Orion,0
cmp_03787,safety,Astra,1
cmp_02537,reasoning,Orion,0
cmp_02537,reasoning,Astra,1
cmp_00487,coding,Astra,1
cmp_00487,coding,Nova,0
cmp_03694,reasoning,Pulse,0
cmp_03694,reasoning,Nimbus,1
cmp_04849,safety,Pulse,1
cmp_04849,safety,Zenith,0
cmp_02608,reasoning,Orion,1
cmp_02608,reasoning,Nova,0
cmp_02330,math,Pulse,0
cmp_02330,math,Zenith,1
cmp_03597,reasoning,Pulse,0
cmp_03597,reasoning,Zenith,1
cmp_04700,safety,Nova,1
cmp_04700,safety,Zenith,0
cmp_00555,coding,Astra,1
cmp_00555,coding,Pulse,0
cmp_03554,reasoning,Pulse,0
cmp_03554,reasoning,Zenith,1
cmp_01015,coding,Pulse,0
cmp_01015,coding,Zenith,1
cmp_00052,coding,Orion,1
cmp_00052,coding,Astra,0
cmp_00058,coding,Orion,1
cmp_00058,coding,Astra,0
cmp_01903,math,Astra,0
cmp_01903,math,Zenith,1
cmp_01259,coding,Zenith,0
cmp_01259,coding,Nimbus,1
cmp_00791,coding,Nova,1
cmp_00791,coding,Pulse,0
cmp_01785,math,Astra,0
cmp_01785,math,Pulse,1
cmp_03987,safety,Orion,0
cmp_03987,safety,Pulse,1
cmp_02638,reasoning,Orion,1
cmp_02638,reasoning,Nova,0
cmp_03414,reasoning,Nova,1
cmp_03414,reasoning,Zenith,0
cmp_00848,coding,Nova,0
cmp_00848,coding,Zenith,1
cmp_00248,coding,Orion,1
cmp_00248,coding,Pulse,0
cmp_00904,coding,Nova,0
cmp_00904,coding,Zenith,1
cmp_03671,reasoning,Pulse,1
cmp_03671,reasoning,Nimbus,0
cmp_01052,coding,Pulse,1
cmp_01052,coding,Zenith,0
cmp_03294,reasoning,Nova,0
cmp_03294,reasoning,Pulse,1
cmp_03461,reasoning,Nova,1
cmp_03461,reasoning,Nimbus,0
cmp_01520,math,Orion,1
cmp_01520,math,Zenith,0
cmp_02908,reasoning,Orion,1
cmp_02908,reasoning,Nimbus,0
cmp_01755,math,Astra,1
cmp_01755,math,Nova,0
cmp_04381,safety,Astra,1
cmp_04381,safety,Zenith,0
cmp_03085,reasoning,Astra,1
cmp_03085,reasoning,Pulse,0
cmp_00429,coding,Astra,1
cmp_00429,coding,Nova,0
cmp_02353,math,Pulse,0
cmp_02353,math,Nimbus,1
cmp_01136,coding,Pulse,0
cmp_01136,coding,Nimbus,1
cmp_02964,reasoning,Astra,0
cmp_02964,reasoning,Nova,1
cmp_03759,reasoning,Zenith,1
cmp_03759,reasoning,Nimbus,0
cmp_02025,math,Nova,0
cmp_02025,math,Pulse,1
cmp_03727,reasoning,Zenith,1
cmp_03727,reasoning,Nimbus,0
cmp_03458,reasoning,Nova,1
cmp_03458,reasoning,Nimbus,0
cmp_01584,math,Orion,1
cmp_01584,math,Zenith,0
cmp_03422,reasoning,Nova,1
cmp_03422,reasoning,Zenith,0
cmp_01807,math,Astra,0
cmp_01807,math,Pulse,1
cmp_04430,safety,Astra,1
cmp_04430,safety,Zenith,0
cmp_02227,math,Nova,0
cmp_02227,math,Nimbus,1
cmp_04247,safety,Astra,0
cmp_04247,safety,Nova,1
cmp_04050,safety,Orion,1
cmp_04050,safety,Zenith,0
cmp_04659,safety,Nova,1
cmp_04659,safety,Zenith,0
cmp_03622,reasoning,Pulse,1
cmp_03622,reasoning,Nimbus,0
cmp_03036,reasoning,Astra,1
cmp_03036,reasoning,Pulse,0
cmp_02471,math,Zenith,0
cmp_02471,math,Nimbus,1
cmp_01543,math,Orion,0
cmp_01543,math,Zenith,1
cmp_00687,coding,Astra,1
cmp_00687,coding,Nimbus,0
cmp_02635,reasoning,Orion,1
cmp_02635,reasoning,Nova,0
cmp_00978,coding,Nova,1
cmp_00978,coding,Nimbus,0
cmp_00336,coding,Orion,1
cmp_00336,coding,Zenith,0
cmp_01669,math,Orion,1
cmp_01669,math,Nimbus,0
cmp_04846,safety,Pulse,0
cmp_04846,safety,Zenith,1
cmp_03268,reasoning,Astra,1
cmp_03268,reasoning,Nimbus,0
cmp_02616,reasoning,Orion,1
cmp_02616,reasoning,Nova,0
cmp_00781,coding,Nova,1
cmp_00781,coding,Pulse,0
cmp_04738,safety,Nova,1
cmp_04738,safety,Nimbus,0
cmp_02672,reasoning,Orion,1
cmp_02672,reasoning,Nova,0
cmp_01911,math,Astra,0
cmp_01911,math,Zenith,1
cmp_02184,math,Nova,0
cmp_02184,math,Zenith,1
cmp_00884,coding,Nova,0
cmp_00884,coding,Zenith,1
cmp_00051,coding,Orion,1
cmp_00051,coding,Astra,0
cmp_02428,math,Pulse,0
cmp_02428,math,Nimbus,1
cmp_02306,math,Pulse,0
cmp_02306,math,Zenith,1
cmp_02485,math,Zenith,1
cmp_02485,math,Nimbus,0
cmp_03539,reasoning,Pulse,0
cmp_03539,reasoning,Zenith,1
cmp_04812,safety,Pulse,1
cmp_04812,safety,Zenith,0
cmp_01085,coding,Pulse,0
cmp_01085,coding,Zenith,1
cmp_04610,safety,Nova,1
cmp_04610,safety,Pulse,0
cmp_00414,coding,Orion,1
cmp_00414,coding,Nimbus,0
cmp_01480,math,Orion,1
cmp_01480,math,Pulse,0
cmp_01107,coding,Pulse,0
cmp_01107,coding,Nimbus,1
cmp_01114,coding,Pulse,0
cmp_01114,coding,Nimbus,1
cmp_03515,reasoning,Nova,1
cmp_03515,reasoning,Nimbus,0
cmp_04047,safety,Orion,1
cmp_04047,safety,Zenith,0
cmp_02662,reasoning,Orion,1
cmp_02662,reasoning,Nova,0
cmp_03865,safety,Orion,0
cmp_03865,safety,Nova,1
cmp_01463,math,Orion,1
cmp_01463,math,Pulse,0
cmp_02928,reasoning,Orion,1
cmp_02928,reasoning,Nimbus,0
cmp_02365,math,Pulse,1
cmp_02365,math,Nimbus,0
cmp_01629,math,Orion,1
cmp_01629,math,Nimbus,0
cmp_01888,math,Astra,1
cmp_01888,math,Zenith,0
cmp_03603,reasoning,Pulse,1
cmp_03603,reasoning,Zenith,0
cmp_01831,math,Astra,1
cmp_01831,math,Pulse,0
cmp_01410,math,Orion,0
cmp_01410,math,Nova,1
cmp_02959,reasoning,Astra,1
cmp_02959,reasoning,Nova,0
cmp_02920,reasoning,Orion,0
cmp_02920,reasoning,Nimbus,1
cmp_02226,math,Nova,1
cmp_02226,math,Nimbus,0
cmp_04501,safety,Astra,1
cmp_04501,safety,Nimbus,0
cmp_04098,safety,Orion,1
cmp_04098,safety,Zenith,0
cmp_02871,reasoning,Orion,1
cmp_02871,reasoning,Nimbus,0
cmp_04581,safety,Nova,1
cmp_04581,safety,Pulse,0
cmp_03620,reasoning,Pulse,1
cmp_03620,reasoning,Nimbus,0
cmp_00465,coding,Astra,1
cmp_00465,coding,Nova,0
cmp_01697,math,Astra,1
cmp_01697,math,Nova,0
cmp_04670,safety,Nova,0
cmp_04670,safety,Zenith,1
cmp_04661,safety,Nova,0
cmp_04661,safety,Zenith,1
cmp_04270,safety,Astra,1
cmp_04270,safety,Nova,0
cmp_02780,reasoning,Orion,0
cmp_02780,reasoning,Zenith,1
cmp_02592,reasoning,Orion,0
cmp_02592,reasoning,Astra,1
cmp_03153,reasoning,Astra,1
cmp_03153,reasoning,Zenith,0
cmp_00357,coding,Orion,1
cmp_00357,coding,Nimbus,0
cmp_01774,math,Astra,1
cmp_01774,math,Pulse,0
cmp_00999,coding,Nova,0
cmp_00999,coding,Nimbus,1
cmp_02784,reasoning,Orion,0
cmp_02784,reasoning,Zenith,1
cmp_00382,coding,Orion,1
cmp_00382,coding,Nimbus,0
cmp_02196,math,Nova,0
cmp_02196,math,Nimbus,1
cmp_04615,safety,Nova,0
cmp_04615,safety,Pulse,1
cmp_03878,safety,Orion,0
cmp_03878,safety,Nova,1
cmp_00120,coding,Orion,1
cmp_00120,coding,Nova,0
cmp_02869,reasoning,Orion,0
cmp_02869,reasoning,Nimbus,1
cmp_02935,reasoning,Orion,1
cmp_02935,reasoning,Nimbus,0
cmp_02470,math,Zenith,1
cmp_02470,math,Nimbus,0
cmp_04962,safety,Zenith,1
cmp_04962,safety,Nimbus,0
cmp_04996,safety,Zenith,1
cmp_04996,safety,Nimbus,0
cmp_03633,reasoning,Pulse,1
cmp_03633,reasoning,Nimbus,0
cmp_02038,math,Nova,1
cmp_02038,math,Pulse,0
cmp_04197,safety,Orion,1
cmp_04197,safety,Nimbus,0
cmp_00941,coding,Nova,1
cmp_00941,coding,Nimbus,0
cmp_02647,reasoning,Orion,1
cmp_02647,reasoning,Nova,0
cmp_02430,math,Pulse,0
cmp_02430,math,Nimbus,1
cmp_03683,reasoning,Pulse,1
cmp_03683,reasoning,Nimbus,0
cmp_00976,coding,Nova,1
cmp_00976,coding,Nimbus,0
cmp_03240,reasoning,Astra,1
cmp_03240,reasoning,Nimbus,0
cmp_02219,math,Nova,1
cmp_02219,math,Nimbus,0
cmp_00371,coding,Orion,1
cmp_00371,coding,Nimbus,0
cmp_04458,safety,Astra,1
cmp_04458,safety,Nimbus,0
cmp_00128,coding,Orion,1
cmp_00128,coding,Nova,0
cmp_03676,reasoning,Pulse,1
cmp_03676,reasoning,Nimbus,0
cmp_01419,math,Orion,0
cmp_01419,math,Nova,1
cmp_04634,safety,Nova,1
cmp_04634,safety,Zenith,0
cmp_05018,safety,Zenith,1
cmp_05018,safety,Nimbus,0
cmp_01005,coding,Nova,1
cmp_01005,coding,Nimbus,0
cmp_02897,reasoning,Orion,1
cmp_02897,reasoning,Nimbus,0
cmp_03679,reasoning,Pulse,1
cmp_03679,reasoning,Nimbus,0
cmp_00064,coding,Orion,1
cmp_00064,coding,Astra,0
cmp_04462,safety,Astra,1
cmp_04462,safety,Nimbus,0
cmp_03875,safety,Orion,1
cmp_03875,safety,Nova,0
cmp_03796,safety,Orion,1
cmp_03796,safety,Astra,0
cmp_04402,safety,Astra,1
cmp_04402,safety,Zenith,0
cmp_03988,safety,Orion,1
cmp_03988,safety,Pulse,0
cmp_03041,reasoning,Astra,1
cmp_03041,reasoning,Pulse,0
cmp_01430,math,Orion,1
cmp_01430,math,Pulse,0
cmp_01119,coding,Pulse,0
cmp_01119,coding,Nimbus,1
cmp_03646,reasoning,Pulse,1
cmp_03646,reasoning,Nimbus,0
cmp_02505,math,Zenith,1
cmp_02505,math,Nimbus,0
cmp_01154,coding,Pulse,0
cmp_01154,coding,Nimbus,1
cmp_04803,safety,Pulse,0
cmp_04803,safety,Zenith,1
cmp_00428,coding,Astra,0
cmp_00428,coding,Nova,1
cmp_01628,math,Orion,0
cmp_01628,math,Nimbus,1
cmp_00337,coding,Orion,1
cmp_00337,coding,Nimbus,0
cmp_04142,safety,Orion,1
cmp_04142,safety,Nimbus,0
cmp_03218,reasoning,Astra,1
cmp_03218,reasoning,Nimbus,0
cmp_03125,reasoning,Astra,1
cmp_03125,reasoning,Zenith,0
cmp_01056,coding,Pulse,1
cmp_01056,coding,Zenith,0
cmp_00315,coding,Orion,1
cmp_00315,coding,Zenith,0
cmp_04843,safety,Pulse,0
cmp_04843,safety,Zenith,1
cmp_04485,safety,Astra,1
cmp_04485,safety,Nimbus,0
cmp_03636,reasoning,Pulse,1
cmp_03636,reasoning,Nimbus,0
cmp_03025,reasoning,Astra,1
cmp_03025,reasoning,Pulse,0
cmp_04447,safety,Astra,0
cmp_04447,safety,Zenith,1
cmp_03106,reasoning,Astra,0
cmp_03106,reasoning,Pulse,1
cmp_04345,safety,Astra,1
cmp_04345,safety,Pulse,0
cmp_01124,coding,Pulse,1
cmp_01124,coding,Nimbus,0
cmp_04090,safety,Orion,1
cmp_04090,safety,Zenith,0
cmp_01717,math,Astra,1
cmp_01717,math,Nova,0
cmp_03313,reasoning,Nova,0
cmp_03313,reasoning,Pulse,1
cmp_05019,safety,Zenith,1
cmp_05019,safety,Nimbus,0
cmp_01484,math,Orion,1
cmp_01484,math,Pulse,0
cmp_04718,safety,Nova,0
cmp_04718,safety,Nimbus,1
cmp_01425,math,Orion,1
cmp_01425,math,Nova,0
cmp_02658,reasoning,Orion,1
cmp_02658,reasoning,Nova,0
cmp_02606,reasoning,Orion,1
cmp_02606,reasoning,Nova,0
cmp_02052,math,Nova,1
cmp_02052,math,Pulse,0
cmp_02957,reasoning,Astra,0
cmp_02957,reasoning,Nova,1
cmp_02830,reasoning,Orion,0
cmp_02830,reasoning,Zenith,1
cmp_02576,reasoning,Orion,1
cmp_02576,reasoning,Astra,0
cmp_03651,reasoning,Pulse,0
cmp_03651,reasoning,Nimbus,1
cmp_00404,coding,Orion,0
cmp_00404,coding,Nimbus,1
cmp_00367,coding,Orion,0
cmp_00367,coding,Nimbus,1
cmp_02954,reasoning,Astra,0
cmp_02954,reasoning,Nova,1
cmp_02130,math,Nova,0
cmp_02130,math,Zenith,1
cmp_01924,math,Astra,0
cmp_01924,math,Zenith,1
cmp_02386,math,Pulse,0
cmp_02386,math,Nimbus,1
cmp_00607,coding,Astra,1
cmp_00607,coding,Zenith,0
cmp_04783,safety,Nova,0
cmp_04783,safety,Nimbus,1
cmp_00002,coding,Orion,0
cmp_00002,coding,Astra,1
cmp_02725,reasoning,Orion,1
cmp_02725,reasoning,Pulse,0
cmp_02483,math,Zenith,0
cmp_02483,math,Nimbus,1
cmp_02234,math,Nova,0
cmp_02234,math,Nimbus,1
cmp_02179,math,Nova,1
cmp_02179,math,Zenith,0
cmp_04342,safety,Astra,0
cmp_04342,safety,Pulse,1
cmp_03681,reasoning,Pulse,0
cmp_03681,reasoning,Nimbus,1
cmp_04586,safety,Nova,0
cmp_04586,safety,Pulse,1
cmp_00559,coding,Astra,0
cmp_00559,coding,Pulse,1
cmp_02845,reasoning,Orion,0
cmp_02845,reasoning,Zenith,1
cmp_00112,coding,Orion,1
cmp_00112,coding,Nova,0
cmp_02728,reasoning,Orion,0
cmp_02728,reasoning,Pulse,1
cmp_03165,reasoning,Astra,1
cmp_03165,reasoning,Zenith,0
cmp_02241,math,Nova,0
cmp_02241,math,Nimbus,1
cmp_04763,safety,Nova,1
cmp_04763,safety,Nimbus,0
cmp_02770,reasoning,Orion,1
cmp_02770,reasoning,Pulse,0
cmp_04612,safety,Nova,0
cmp_04612,safety,Pulse,1
cmp_02332,math,Pulse,0
cmp_02332,math,Zenith,1
cmp_03704,reasoning,Zenith,0
cmp_03704,reasoning,Nimbus,1
cmp_02391,math,Pulse,1
cmp_02391,math,Nimbus,0
cmp_00377,coding,Orion,1
cmp_00377,coding,Nimbus,0
cmp_01440,math,Orion,1
cmp_01440,math,Pulse,0
cmp_03072,reasoning,Astra,1
cmp_03072,reasoning,Pulse,0
cmp_00207,coding,Orion,0
cmp_00207,coding,Pulse,1
cmp_03143,reasoning,Astra,0
cmp_03143,reasoning,Zenith,1
cmp_04274,safety,Astra,1
cmp_04274,safety,Nova,0
cmp_00271,coding,Orion,1
cmp_00271,coding,Zenith,0
cmp_02629,reasoning,Orion,1
cmp_02629,reasoning,Nova,0
cmp_03678,reasoning,Pulse,0
cmp_03678,reasoning,Nimbus,1
cmp_01146,coding,Pulse,1
cmp_01146,coding,Nimbus,0
cmp_04351,safety,Astra,1
cmp_04351,safety,Pulse,0
cmp_02553,reasoning,Orion,0
cmp_02553,reasoning,Astra,1
cmp_00294,coding,Orion,1
cmp_00294,coding,Zenith,0
cmp_04472,safety,Astra,0
cmp_04472,safety,Nimbus,1
cmp_04258,safety,Astra,1
cmp_04258,safety,Nova,0
cmp_00946,coding,Nova,0
cmp_00946,coding,Nimbus,1
cmp_02670,reasoning,Orion,1
cmp_02670,reasoning,Nova,0
cmp_00132,coding,Orion,0
cmp_00132,coding,Nova,1
cmp_03728,reasoning,Zenith,0
cmp_03728,reasoning,Nimbus,1
cmp_02476,math,Zenith,0
cmp_02476,math,Nimbus,1
cmp_03975,safety,Orion,0
cmp_03975,safety,Pulse,1
cmp_00296,coding,Orion,0
cmp_00296,coding,Zenith,1
cmp_02337,math,Pulse,1
cmp_02337,math,Zenith,0
cmp_04222,safety,Astra,0
cmp_04222,safety,Nova,1
cmp_00347,coding,Orion,0
cmp_00347,coding,Nimbus,1
cmp_00837,coding,Nova,0
cmp_00837,coding,Pulse,1
cmp_00288,coding,Orion,1
cmp_00288,coding,Zenith,0
cmp_02580,reasoning,Orion,0
cmp_02580,reasoning,Astra,1
cmp_03032,reasoning,Astra,0
cmp_03032,reasoning,Pulse,1
cmp_00168,coding,Orion,1
cmp_00168,coding,Nova,0
cmp_01153,coding,Pulse,0
cmp_01153,coding,Nimbus,1
cmp_00439,coding,Astra,0
cmp_00439,coding,Nova,1
cmp_01559,math,Orion,1
cmp_01559,math,Zenith,0
cmp_00614,coding,Astra,1
cmp_00614,coding,Zenith,0
cmp_01201,coding,Zenith,0
cmp_01201,coding,Nimbus,1
cmp_03503,reasoning,Nova,1
cmp_03503,reasoning,Nimbus,0
cmp_01910,math,Astra,0
cmp_01910,math,Zenith,1
cmp_01962,math,Astra,1
cmp_01962,math,Nimbus,0
cmp_02733,reasoning,Orion,0
cmp_02733,reasoning,Pulse,1
cmp_01867,math,Astra,1
cmp_01867,math,Zenith,0
cmp_02258,math,Nova,1
cmp_02258,math,Nimbus,0
cmp_02167,math,Nova,1
cmp_02167,math,Zenith,0
cmp_00395,coding,Orion,1
cmp_00395,coding,Nimbus,0
cmp_04471,safety,Astra,0
cmp_04471,safety,Nimbus,1
cmp_04597,safety,Nova,1
cmp_04597,safety,Pulse,0
cmp_00285,coding,Orion,0
cmp_00285,coding,Zenith,1
cmp_04716,safety,Nova,0
cmp_04716,safety,Nimbus,1
cmp_00011,coding,Orion,1
cmp_00011,coding,Astra,0
cmp_04230,safety,Astra,1
cmp_04230,safety,Nova,0
cmp_04423,safety,Astra,0
cmp_04423,safety,Zenith,1
cmp_04219,safety,Astra,1
cmp_04219,safety,Nova,0
cmp_03039,reasoning,Astra,0
cmp_03039,reasoning,Pulse,1
cmp_00077,coding,Orion,1
cmp_00077,coding,Astra,0
cmp_01621,math,Orion,1
cmp_01621,math,Nimbus,0
cmp_01422,math,Orion,1
cmp_01422,math,Nova,0
cmp_03753,reasoning,Zenith,1
cmp_03753,reasoning,Nimbus,0
cmp_02423,math,Pulse,0
cmp_02423,math,Nimbus,1
cmp_04184,safety,Orion,0
cmp_04184,safety,Nimbus,1
cmp_04566,safety,Nova,1
cmp_04566,safety,Pulse,0
cmp_03247,reasoning,Astra,1
cmp_03247,reasoning,Nimbus,0
cmp_01029,coding,Pulse,1
cmp_01029,coding,Zenith,0
cmp_00863,coding,Nova,1
cmp_00863,coding,Zenith,0
cmp_01253,coding,Zenith,0
cmp_01253,coding,Nimbus,1
cmp_04877,safety,Pulse,0
cmp_04877,safety,Nimbus,1
cmp_01951,math,Astra,1
cmp_01951,math,Nimbus,0
cmp_01152,coding,Pulse,0
cmp_01152,coding,Nimbus,1
cmp_02029,math,Nova,0
cmp_02029,math,Pulse,1
cmp_02108,math,Nova,1
cmp_02108,math,Zenith,0
cmp_03180,reasoning,Astra,1
cmp_03180,reasoning,Zenith,0
cmp_02001,math,Astra,1
cmp_02001,math,Nimbus,0
cmp_01576,math,Orion,1
cmp_01576,math,Zenith,0
cmp_04407,safety,Astra,1
cmp_04407,safety,Zenith,0
cmp_02773,reasoning,Orion,0
cmp_02773,reasoning,Zenith,1
cmp_03610,reasoning,Pulse,1
cmp_03610,reasoning,Zenith,0
cmp_04044,safety,Orion,1
cmp_04044,safety,Zenith,0
cmp_04959,safety,Zenith,1
cmp_04959,safety,Nimbus,0
cmp_04431,safety,Astra,0
cmp_04431,safety,Zenith,1
cmp_01841,math,Astra,0
cmp_01841,math,Pulse,1
cmp_02420,math,Pulse,0
cmp_02420,math,Nimbus,1
cmp_04983,safety,Zenith,0
cmp_04983,safety,Nimbus,1
cmp_04304,safety,Astra,0
cmp_04304,safety,Pulse,1
cmp_03847,safety,Orion,0
cmp_03847,safety,Astra,1
cmp_01233,coding,Zenith,1
cmp_01233,coding,Nimbus,0
cmp_01448,math,Orion,1
cmp_01448,math,Pulse,0
cmp_03155,reasoning,Astra,1
cmp_03155,reasoning,Zenith,0
cmp_04005,safety,Orion,1
cmp_04005,safety,Pulse,0
cmp_04950,safety,Pulse,1
cmp_04950,safety,Nimbus,0
cmp_01326,math,Orion,1
cmp_01326,math,Astra,0
cmp_03932,safety,Orion,1
cmp_03932,safety,Nova,0
cmp_01225,coding,Zenith,1
cmp_01225,coding,Nimbus,0
cmp_00325,coding,Orion,1
cmp_00325,coding,Zenith,0
cmp_04123,safety,Orion,1
cmp_04123,safety,Nimbus,0
cmp_03776,reasoning,Zenith,0
cmp_03776,reasoning,Nimbus,1
cmp_02019,math,Nova,1
cmp_02019,math,Pulse,0
cmp_01351,math,Orion,1
cmp_01351,math,Nova,0
cmp_00343,coding,Orion,0
cmp_00343,coding,Nimbus,1
cmp_01578,math,Orion,1
cmp_01578,math,Zenith,0
cmp_00727,coding,Astra,1
cmp_00727,coding,Nimbus,0
cmp_00210,coding,Orion,1
cmp_00210,coding,Pulse,0
cmp_04109,safety,Orion,1
cmp_04109,safety,Zenith,0
cmp_04330,safety,Astra,0
cmp_04330,safety,Pulse,1
cmp_00417,coding,Orion,1
cmp_00417,coding,Nimbus,0
cmp_03631,reasoning,Pulse,0
cmp_03631,reasoning,Nimbus,1
cmp_01566,math,Orion,1
cmp_01566,math,Zenith,0
cmp_00528,coding,Astra,1
cmp_00528,coding,Pulse,0
cmp_03205,reasoning,Astra,0
cmp_03205,reasoning,Nimbus,1
cmp_01342,math,Orion,1
cmp_01342,math,Astra,0
cmp_00788,coding,Nova,0
cmp_00788,coding,Pulse,1
cmp_03880,safety,Orion,1
cmp_03880,safety,Nova,0
cmp_00661,coding,Astra,1
cmp_00661,coding,Zenith,0
cmp_00805,coding,Nova,1
cmp_00805,coding,Pulse,0
cmp_02230,math,Nova,1
cmp_02230,math,Nimbus,0
cmp_02436,math,Pulse,0
cmp_02436,math,Nimbus,1
cmp_02554,reasoning,Orion,0
cmp_02554,reasoning,Astra,1
cmp_00001,coding,Orion,1
cmp_00001,coding,Astra,0
cmp_00495,coding,Astra,1
cmp_00495,coding,Nova,0
cmp_00723,coding,Astra,1
cmp_00723,coding,Nimbus,0
cmp_04753,safety,Nova,1
cmp_04753,safety,Nimbus,0
cmp_01140,coding,Pulse,0
cmp_01140,coding,Nimbus,1
cmp_02469,math,Zenith,0
cmp_02469,math,Nimbus,1
cmp_03831,safety,Orion,1
cmp_03831,safety,Astra,0
cmp_02867,reasoning,Orion,1
cmp_02867,reasoning,Nimbus,0
cmp_00866,coding,Nova,0
cmp_00866,coding,Zenith,1
cmp_04952,safety,Pulse,1
cmp_04952,safety,Nimbus,0
cmp_02522,reasoning,Orion,0
cmp_02522,reasoning,Astra,1
cmp_04776,safety,Nova,0
cmp_04776,safety,Nimbus,1
cmp_04573,safety,Nova,1
cmp_04573,safety,Pulse,0
cmp_00488,coding,Astra,0
cmp_00488,coding,Nova,1
cmp_03310,reasoning,Nova,1
cmp_03310,reasoning,Pulse,0
cmp_03791,safety,Orion,0
cmp_03791,safety,Astra,1
cmp_00055,coding,Orion,0
cmp_00055,coding,Astra,1
cmp_00331,coding,Orion,1
cmp_00331,coding,Zenith,0
cmp_02319,math,Pulse,0
cmp_02319,math,Zenith,1
cmp_03755,reasoning,Zenith,1
cmp_03755,reasoning,Nimbus,0
cmp_04349,safety,Astra,0
cmp_04349,safety,Pulse,1
cmp_01541,math,Orion,1
cmp_01541,math,Zenith,0
cmp_03057,reasoning,Astra,0
cmp_03057,reasoning,Pulse,1
cmp_03040,reasoning,Astra,0
cmp_03040,reasoning,Pulse,1
cmp_02808,reasoning,Orion,1
cmp_02808,reasoning,Zenith,0
cmp_03372,reasoning,Nova,1
cmp_03372,reasoning,Zenith,0
cmp_00771,coding,Nova,1
cmp_00771,coding,Pulse,0
cmp_04389,safety,Astra,1
cmp_04389,safety,Zenith,0
cmp_04971,safety,Zenith,0
cmp_04971,safety,Nimbus,1
cmp_00455,coding,Astra,0
cmp_00455,coding,Nova,1
cmp_00029,coding,Orion,0
cmp_00029,coding,Astra,1
cmp_04754,safety,Nova,1
cmp_04754,safety,Nimbus,0
cmp_01776,math,Astra,1
cmp_01776,math,Pulse,0
cmp_01307,math,Orion,1
cmp_01307,math,Astra,0
cmp_03395,reasoning,Nova,1
cmp_03395,reasoning,Zenith,0
cmp_03653,reasoning,Pulse,1
cmp_03653,reasoning,Nimbus,0
cmp_03420,reasoning,Nova,1
cmp_03420,reasoning,Zenith,0
cmp_03021,reasoning,Astra,1
cmp_03021,reasoning,Nova,0
cmp_01731,math,Astra,1
cmp_01731,math,Nova,0
cmp_00178,coding,Orion,0
cmp_00178,coding,Pulse,1
cmp_03792,safety,Orion,1
cmp_03792,safety,Astra,0
cmp_02991,reasoning,Astra,0
cmp_02991,reasoning,Nova,1
cmp_01826,math,Astra,1
cmp_01826,math,Pulse,0
cmp_04562,safety,Nova,1
cmp_04562,safety,Pulse,0
cmp_04424,safety,Astra,0
cmp_04424,safety,Zenith,1
cmp_01974,math,Astra,1
cmp_01974,math,Nimbus,0
cmp_03093,reasoning,Astra,0
cmp_03093,reasoning,Pulse,1
cmp_03441,reasoning,Nova,1
cmp_03441,reasoning,Zenith,0
cmp_01455,math,Orion,0
cmp_01455,math,Pulse,1
cmp_03360,reasoning,Nova,1
cmp_03360,reasoning,Pulse,0
cmp_04603,safety,Nova,0
cmp_04603,safety,Pulse,1
cmp_04097,safety,Orion,1
cmp_04097,safety,Zenith,0
cmp_04243,safety,Astra,0
cmp_04243,safety,Nova,1
cmp_04396,safety,Astra,1
cmp_04396,safety,Zenith,0
cmp_00667,coding,Astra,1
cmp_00667,coding,Zenith,0
cmp_01384,math,Orion,0
cmp_01384,math,Nova,1
cmp_02028,math,Nova,1
cmp_02028,math,Pulse,0
cmp_02473,math,Zenith,1
cmp_02473,math,Nimbus,0
cmp_00838,coding,Nova,1
cmp_00838,coding,Pulse,0
cmp_01209,coding,Zenith,1
cmp_01209,coding,Nimbus,0
cmp_02531,reasoning,Orion,0
cmp_02531,reasoning,Astra,1
cmp_01022,coding,Pulse,0
cmp_01022,coding,Zenith,1
cmp_00888,coding,Nova,1
cmp_00888,coding,Zenith,0
cmp_00718,coding,Astra,1
cmp_00718,coding,Nimbus,0
cmp_04002,safety,Orion,0
cmp_04002,safety,Pulse,1
cmp_03175,reasoning,Astra,1
cmp_03175,reasoning,Zenith,0
cmp_04779,safety,Nova,1
cmp_04779,safety,Nimbus,0
cmp_03144,reasoning,Astra,0
cmp_03144,reasoning,Zenith,1
cmp_03659,reasoning,Pulse,1
cmp_03659,reasoning,Nimbus,0
cmp_01036,coding,Pulse,1
cmp_01036,coding,Zenith,0
cmp_02217,math,Nova,1
cmp_02217,math,Nimbus,0
cmp_04269,safety,Astra,0
cmp_04269,safety,Nova,1
cmp_02463,math,Zenith,0
cmp_02463,math,Nimbus,1
cmp_01865,math,Astra,1
cmp_01865,math,Zenith,0
cmp_03599,reasoning,Pulse,0
cmp_03599,reasoning,Zenith,1
cmp_00576,coding,Astra,0
cmp_00576,coding,Pulse,1
cmp_01741,math,Astra,1
cmp_01741,math,Nova,0
cmp_03884,safety,Orion,0
cmp_03884,safety,Nova,1
cmp_02018,math,Nova,1
cmp_02018,math,Pulse,0
cmp_04748,safety,Nova,0
cmp_04748,safety,Nimbus,1
cmp_00089,coding,Orion,0
cmp_00089,coding,Nova,1
cmp_04671,safety,Nova,0
cmp_04671,safety,Zenith,1
cmp_00688,coding,Astra,1
cmp_00688,coding,Nimbus,0
cmp_02651,reasoning,Orion,0
cmp_02651,reasoning,Nova,1
cmp_03480,reasoning,Nova,1
cmp_03480,reasoning,Nimbus,0
cmp_04017,safety,Orion,1
cmp_04017,safety,Pulse,0
cmp_00507,coding,Astra,1
cmp_00507,coding,Pulse,0
cmp_03264,reasoning,Astra,0
cmp_03264,reasoning,Nimbus,1
cmp_01868,math,Astra,1
cmp_01868,math,Zenith,0
cmp_03008,reasoning,Astra,0
cmp_03008,reasoning,Nova,1
cmp_02722,reasoning,Orion,0
cmp_02722,reasoning,Pulse,1
cmp_03545,reasoning,Pulse,1
cmp_03545,reasoning,Zenith,0
cmp_01086,coding,Pulse,1
cmp_01086,coding,Zenith,0
cmp_00995,coding,Nova,1
cmp_00995,coding,Nimbus,0
cmp_00862,coding,Nova,1
cmp_00862,coding,Zenith,0
cmp_01587,math,Orion,1
cmp_01587,math,Zenith,0
cmp_01007,coding,Nova,1
cmp_01007,coding,Nimbus,0
cmp_02937,reasoning,Orion,1
cmp_02937,reasoning,Nimbus,0
cmp_03491,reasoning,Nova,1
cmp_03491,reasoning,Nimbus,0
cmp_02999,reasoning,Astra,1
cmp_02999,reasoning,Nova,0
cmp_03979,safety,Orion,1
cmp_03979,safety,Pulse,0
cmp_03204,reasoning,Astra,1
cmp_03204,reasoning,Nimbus,0
cmp_04249,safety,Astra,0
cmp_04249,safety,Nova,1
cmp_04233,safety,Astra,0
cmp_04233,safety,Nova,1
cmp_03990,safety,Orion,1
cmp_03990,safety,Pulse,0
cmp_00341,coding,Orion,1
cmp_00341,coding,Nimbus,0
cmp_01461,math,Orion,0
cmp_01461,math,Pulse,1
cmp_00532,coding,Astra,1
cmp_00532,coding,Pulse,0
cmp_02348,math,Pulse,1
cmp_02348,math,Zenith,0
cmp_01432,math,Orion,1
cmp_01432,math,Pulse,0
cmp_01060,coding,Pulse,1
cmp_01060,coding,Zenith,0
cmp_00744,coding,Astra,1
cmp_00744,coding,Nimbus,0
cmp_01061,coding,Pulse,0
cmp_01061,coding,Zenith,1
cmp_01276,math,Orion,0
cmp_01276,math,Astra,1
cmp_04675,safety,Nova,1
cmp_04675,safety,Zenith,0
cmp_03237,reasoning,Astra,1
cmp_03237,reasoning,Nimbus,0
cmp_05015,safety,Zenith,0
cmp_05015,safety,Nimbus,1
cmp_02790,reasoning,Orion,1
cmp_02790,reasoning,Zenith,0
cmp_03821,safety,Orion,0
cmp_03821,safety,Astra,1
cmp_02797,reasoning,Orion,1
cmp_02797,reasoning,Zenith,0
cmp_00623,coding,Astra,1
cmp_00623,coding,Zenith,0
cmp_02552,reasoning,Orion,0
cmp_02552,reasoning,Astra,1
cmp_01260,coding,Zenith,1
cmp_01260,coding,Nimbus,0
cmp_01615,math,Orion,1
cmp_01615,math,Nimbus,0
cmp_03331,reasoning,Nova,1
cmp_03331,reasoning,Pulse,0
cmp_00247,coding,Orion,0
cmp_00247,coding,Pulse,1
cmp_02012,math,Astra,1
cmp_02012,math,Nimbus,0
cmp_04582,safety,Nova,1
cmp_04582,safety,Pulse,0
cmp_00365,coding,Orion,1
cmp_00365,coding,Nimbus,0
cmp_03231,reasoning,Astra,1
cmp_03231,reasoning,Nimbus,0
cmp_04862,safety,Pulse,1
cmp_04862,safety,Zenith,0
cmp_04780,safety,Nova,1
cmp_04780,safety,Nimbus,0
cmp_02295,math,Pulse,0
cmp_02295,math,Zenith,1
cmp_00514,coding,Astra,1
cmp_00514,coding,Pulse,0
cmp_03140,reasoning,Astra,1
cmp_03140,reasoning,Zenith,0
cmp_04052,safety,Orion,1
cmp_04052,safety,Zenith,0
cmp_02221,math,Nova,1
cmp_02221,math,Nimbus,0
cmp_00618,coding,Astra,1
cmp_00618,coding,Zenith,0
cmp_03359,reasoning,Nova,1
cmp_03359,reasoning,Pulse,0
cmp_03389,reasoning,Nova,1
cmp_03389,reasoning,Zenith,0
cmp_04479,safety,Astra,1
cmp_04479,safety,Nimbus,0
cmp_00632,coding,Astra,1
cmp_00632,coding,Zenith,0
cmp_03550,reasoning,Pulse,0
cmp_03550,reasoning,Zenith,1
cmp_02085,math,Nova,0
cmp_02085,math,Pulse,1
cmp_03111,reasoning,Astra,1
cmp_03111,reasoning,Zenith,0
cmp_02176,math,Nova,0
cmp_02176,math,Zenith,1
cmp_02084,math,Nova,1
cmp_02084,math,Pulse,0
cmp_01174,coding,Pulse,1
cmp_01174,coding,Nimbus,0
cmp_05023,safety,Zenith,1
cmp_05023,safety,Nimbus,0
cmp_03677,reasoning,Pulse,1
cmp_03677,reasoning,Nimbus,0
cmp_00671,coding,Astra,1
cmp_00671,coding,Zenith,0
cmp_03760,reasoning,Zenith,0
cmp_03760,reasoning,Nimbus,1
cmp_01926,math,Astra,0
cmp_01926,math,Zenith,1
cmp_00991,coding,Nova,1
cmp_00991,coding,Nimbus,0
cmp_00898,coding,Nova,1
cmp_00898,coding,Zenith,0
cmp_02417,math,Pulse,0
cmp_02417,math,Nimbus,1
cmp_00345,coding,Orion,1
cmp_00345,coding,Nimbus,0
cmp_02000,math,Astra,1
cmp_02000,math,Nimbus,0
cmp_01675,math,Orion,1
cmp_01675,math,Nimbus,0
cmp_03911,safety,Orion,1
cmp_03911,safety,Nova,0
cmp_00101,coding,Orion,0
cmp_00101,coding,Nova,1
cmp_00773,coding,Nova,0
cmp_00773,coding,Pulse,1
cmp_02014,math,Astra,1
cmp_02014,math,Nimbus,0
cmp_01881,math,Astra,1
cmp_01881,math,Zenith,0
cmp_03509,reasoning,Nova,1
cmp_03509,reasoning,Nimbus,0
cmp_02327,math,Pulse,1
cmp_02327,math,Zenith,0
cmp_00954,coding,Nova,0
cmp_00954,coding,Nimbus,1
cmp_00782,coding,Nova,0
cmp_00782,coding,Pulse,1
cmp_04228,safety,Astra,1
cmp_04228,safety,Nova,0
cmp_04339,safety,Astra,0
cmp_04339,safety,Pulse,1
cmp_00882,coding,Nova,0
cmp_00882,coding,Zenith,1
cmp_02035,math,Nova,1
cmp_02035,math,Pulse,0
cmp_04728,safety,Nova,1
cmp_04728,safety,Nimbus,0
cmp_02124,math,Nova,0
cmp_02124,math,Zenith,1
cmp_02650,reasoning,Orion,1
cmp_02650,reasoning,Nova,0
cmp_03637,reasoning,Pulse,1
cmp_03637,reasoning,Nimbus,0
cmp_01038,coding,Pulse,1
cmp_01038,coding,Zenith,0
cmp_01751,math,Astra,0
cmp_01751,math,Nova,1
cmp_00845,coding,Nova,0
cmp_00845,coding,Zenith,1
cmp_00728,coding,Astra,1
cmp_00728,coding,Nimbus,0
cmp_04481,safety,Astra,1
cmp_04481,safety,Nimbus,0
cmp_00259,coding,Orion,0
cmp_00259,coding,Zenith,1
cmp_04118,safety,Orion,1
cmp_04118,safety,Nimbus,0
cmp_01046,coding,Pulse,0
cmp_01046,coding,Zenith,1
cmp_02344,math,Pulse,1
cmp_02344,math,Zenith,0
cmp_01609,math,Orion,1
cmp_01609,math,Nimbus,0
cmp_00411,coding,Orion,1
cmp_00411,coding,Nimbus,0
cmp_03438,reasoning,Nova,0
cmp_03438,reasoning,Zenith,1
cmp_00214,coding,Orion,0
cmp_00214,coding,Pulse,1
cmp_04681,safety,Nova,0
cmp_04681,safety,Zenith,1
cmp_02777,reasoning,Orion,0
cmp_02777,reasoning,Zenith,1
cmp_03412,reasoning,Nova,0
cmp_03412,reasoning,Zenith,1
cmp_03945,safety,Orion,1
cmp_03945,safety,Nova,0
cmp_00039,coding,Orion,1
cmp_00039,coding,Astra,0
cmp_04133,safety,Orion,1
cmp_04133,safety,Nimbus,0
cmp_04709,safety,Nova,1
cmp_04709,safety,Nimbus,0
cmp_01167,coding,Pulse,1
cmp_01167,coding,Nimbus,0
cmp_03629,reasoning,Pulse,0
cmp_03629,reasoning,Nimbus,1
cmp_03430,reasoning,Nova,1
cmp_03430,reasoning,Zenith,0
cmp_02335,math,Pulse,0
cmp_02335,math,Zenith,1
cmp_04554,safety,Nova,0
cmp_04554,safety,Pulse,1
cmp_02698,reasoning,Orion,0
cmp_02698,reasoning,Pulse,1
cmp_03903,safety,Orion,1
cmp_03903,safety,Nova,0
cmp_04315,safety,Astra,0
cmp_04315,safety,Pulse,1
cmp_00756,coding,Astra,1
cmp_00756,coding,Nimbus,0
cmp_03946,safety,Orion,1
cmp_03946,safety,Nova,0
cmp_00505,coding,Astra,1
cmp_00505,coding,Pulse,0
cmp_00919,coding,Nova,0
cmp_00919,coding,Zenith,1
cmp_04298,safety,Astra,1
cmp_04298,safety,Pulse,0
cmp_00963,coding,Nova,1
cmp_00963,coding,Nimbus,0
cmp_01975,math,Astra,1
cmp_01975,math,Nimbus,0
cmp_00757,coding,Nova,0
cmp_00757,coding,Pulse,1
cmp_00574,coding,Astra,1
cmp_00574,coding,Pulse,0
cmp_00040,coding,Orion,0
cmp_00040,coding,Astra,1
cmp_03330,reasoning,Nova,1
cmp_03330,reasoning,Pulse,0
cmp_00141,coding,Orion,1
cmp_00141,coding,Nova,0
cmp_04280,safety,Astra,0
cmp_04280,safety,Nova,1
cmp_04977,safety,Zenith,0
cmp_04977,safety,Nimbus,1
cmp_03909,safety,Orion,0
cmp_03909,safety,Nova,1
cmp_02350,math,Pulse,1
cmp_02350,math,Zenith,0
cmp_01091,coding,Pulse,0
cmp_01091,coding,Zenith,1
cmp_00664,coding,Astra,0
cmp_00664,coding,Zenith,1
cmp_03276,reasoning,Astra,1
cmp_03276,reasoning,Nimbus,0
cmp_00829,coding,Nova,1
cmp_00829,coding,Pulse,0
cmp_02322,math,Pulse,0
cmp_02322,math,Zenith,1
cmp_00639,coding,Astra,1
cmp_00639,coding,Zenith,0
cmp_04633,safety,Nova,0
cmp_04633,safety,Zenith,1
cmp_02715,reasoning,Orion,1
cmp_02715,reasoning,Pulse,0
cmp_02143,math,Nova,1
cmp_02143,math,Zenith,0
cmp_04171,safety,Orion,0
cmp_04171,safety,Nimbus,1
cmp_02164,math,Nova,1
cmp_02164,math,Zenith,0
cmp_00880,coding,Nova,0
cmp_00880,coding,Zenith,1
cmp_00502,coding,Astra,1
cmp_00502,coding,Nova,0
cmp_02750,reasoning,Orion,1
cmp_02750,reasoning,Pulse,0
cmp_01561,math,Orion,0
cmp_01561,math,Zenith,1
cmp_01886,math,Astra,1
cmp_01886,math,Zenith,0
cmp_03795,safety,Orion,1
cmp_03795,safety,Astra,0
cmp_03711,reasoning,Zenith,0
cmp_03711,reasoning,Nimbus,1
cmp_02914,reasoning,Orion,1
cmp_02914,reasoning,Nimbus,0
cmp_00547,coding,Astra,0
cmp_00547,coding,Pulse,1
cmp_02389,math,Pulse,1
cmp_02389,math,Nimbus,0
cmp_04639,safety,Nova,0
cmp_04639,safety,Zenith,1
cmp_04734,safety,Nova,1
cmp_04734,safety,Nimbus,0
cmp_00364,coding,Orion,0
cmp_00364,coding,Nimbus,1
cmp_02044,math,Nova,1
cmp_02044,math,Pulse,0
cmp_02211,math,Nova,0
cmp_02211,math,Nimbus,1
cmp_02930,reasoning,Orion,1
cmp_02930,reasoning,Nimbus,0
cmp_03097,reasoning,Astra,1
cmp_03097,reasoning,Pulse,0
cmp_04227,safety,Astra,1
cmp_04227,safety,Nova,0
cmp_02209,math,Nova,1
cmp_02209,math,Nimbus,0
cmp_04482,safety,Astra,1
cmp_04482,safety,Nimbus,0
cmp_00812,coding,Nova,1
cmp_00812,coding,Pulse,0
cmp_00545,coding,Astra,1
cmp_00545,coding,Pulse,0
cmp_04196,safety,Orion,1
cmp_04196,safety,Nimbus,0
cmp_03099,reasoning,Astra,0
cmp_03099,reasoning,Pulse,1
cmp_03278,reasoning,Nova,1
cmp_03278,reasoning,Pulse,0
cmp_01149,coding,Pulse,1
cmp_01149,coding,Nimbus,0
cmp_01373,math,Orion,1
cmp_01373,math,Nova,0
cmp_04144,safety,Orion,1
cmp_04144,safety,Nimbus,0
cmp_01263,math,Orion,1
cmp_01263,math,Astra,0
cmp_02865,reasoning,Orion,0
cmp_02865,reasoning,Nimbus,1
cmp_04399,safety,Astra,1
cmp_04399,safety,Zenith,0
cmp_01944,math,Astra,1
cmp_01944,math,Nimbus,0
cmp_01659,math,Orion,0
cmp_01659,math,Nimbus,1
cmp_03517,reasoning,Nova,1
cmp_03517,reasoning,Nimbus,0
cmp_04553,safety,Nova,0
cmp_04553,safety,Pulse,1
cmp_01210,coding,Zenith,0
cmp_01210,coding,Nimbus,1
cmp_02170,math,Nova,1
cmp_02170,math,Zenith,0
cmp_02732,reasoning,Orion,1
cmp_02732,reasoning,Pulse,0
cmp_01763,math,Astra,1
cmp_01763,math,Nova,0
cmp_04905,safety,Pulse,1
cmp_04905,safety,Nimbus,0
cmp_01390,math,Orion,0
cmp_01390,math,Nova,1
cmp_04067,safety,Orion,0
cmp_04067,safety,Zenith,1
cmp_01736,math,Astra,0
cmp_01736,math,Nova,1
cmp_04804,safety,Pulse,0
cmp_04804,safety,Zenith,1
cmp_01967,math,Astra,1
cmp_01967,math,Nimbus,0
cmp_04056,safety,Orion,0
cmp_04056,safety,Zenith,1
cmp_00173,coding,Orion,1
cmp_00173,coding,Pulse,0
cmp_04934,safety,Pulse,0
cmp_04934,safety,Nimbus,1
cmp_02496,math,Zenith,0
cmp_02496,math,Nimbus,1
cmp_01398,math,Orion,0
cmp_01398,math,Nova,1
cmp_01104,coding,Pulse,1
cmp_01104,coding,Nimbus,0
cmp_02540,reasoning,Orion,1
cmp_02540,reasoning,Astra,0
cmp_01216,coding,Zenith,1
cmp_01216,coding,Nimbus,0
cmp_03216,reasoning,Astra,1
cmp_03216,reasoning,Nimbus,0
cmp_00184,coding,Orion,1
cmp_00184,coding,Pulse,0
cmp_04279,safety,Astra,0
cmp_04279,safety,Nova,1
cmp_01998,math,Astra,1
cmp_01998,math,Nimbus,0
cmp_01028,coding,Pulse,1
cmp_01028,coding,Zenith,0
cmp_00520,coding,Astra,0
cmp_00520,coding,Pulse,1
cmp_00197,coding,Orion,1
cmp_00197,coding,Pulse,0
cmp_02612,reasoning,Orion,1
cmp_02612,reasoning,Nova,0
cmp_04858,safety,Pulse,1
cmp_04858,safety,Zenith,0
cmp_01961,math,Astra,1
cmp_01961,math,Nimbus,0
cmp_02381,math,Pulse,0
cmp_02381,math,Nimbus,1
cmp_00549,coding,Astra,0
cmp_00549,coding,Pulse,1
cmp_01938,math,Astra,0
cmp_01938,math,Nimbus,1
cmp_04309,safety,Astra,1
cmp_04309,safety,Pulse,0
cmp_00295,coding,Orion,0
cmp_00295,coding,Zenith,1
cmp_03431,reasoning,Nova,1
cmp_03431,reasoning,Zenith,0
cmp_01343,math,Orion,1
cmp_01343,math,Astra,0
cmp_01623,math,Orion,1
cmp_01623,math,Nimbus,0
cmp_04194,safety,Orion,1
cmp_04194,safety,Nimbus,0
cmp_03401,reasoning,Nova,1
cmp_03401,reasoning,Zenith,0
cmp_00135,coding,Orion,0
cmp_00135,coding,Nova,1
cmp_00703,coding,Astra,1
cmp_00703,coding,Nimbus,0
cmp_02516,math,Zenith,0
cmp_02516,math,Nimbus,1
cmp_00544,coding,Astra,1
cmp_00544,coding,Pulse,0
cmp_01040,coding,Pulse,0
cmp_01040,coding,Zenith,1
cmp_04408,safety,Astra,1
cmp_04408,safety,Zenith,0
cmp_00233,coding,Orion,1
cmp_00233,coding,Pulse,0
cmp_03536,reasoning,Pulse,1
cmp_03536,reasoning,Zenith,0
cmp_03901,safety,Orion,0
cmp_03901,safety,Nova,1
cmp_00079,coding,Orion,0
cmp_00079,coding,Astra,1
cmp_00985,coding,Nova,1
cmp_00985,coding,Nimbus,0
cmp_02561,reasoning,Orion,1
cmp_02561,reasoning,Astra,0
cmp_04909,safety,Pulse,1
cmp_04909,safety,Nimbus,0
cmp_03228,reasoning,Astra,1
cmp_03228,reasoning,Nimbus,0
cmp_03019,reasoning,Astra,1
cmp_03019,reasoning,Nova,0
cmp_02932,reasoning,Orion,1
cmp_02932,reasoning,Nimbus,0
cmp_00393,coding,Orion,1
cmp_00393,coding,Nimbus,0
cmp_03889,safety,Orion,0
cmp_03889,safety,Nova,1
cmp_03062,reasoning,Astra,1
cmp_03062,reasoning,Pulse,0
cmp_00230,coding,Orion,0
cmp_00230,coding,Pulse,1
cmp_03316,reasoning,Nova,1
cmp_03316,reasoning,Pulse,0
cmp_03720,reasoning,Zenith,1
cmp_03720,reasoning,Nimbus,0
cmp_00421,coding,Astra,1
cmp_00421,coding,Nova,0
cmp_03577,reasoning,Pulse,1
cmp_03577,reasoning,Zenith,0
cmp_03161,reasoning,Astra,0
cmp_03161,reasoning,Zenith,1
cmp_01995,math,Astra,1
cmp_01995,math,Nimbus,0
cmp_03746,reasoning,Zenith,1
cmp_03746,reasoning,Nimbus,0
cmp_03956,safety,Orion,0
cmp_03956,safety,Pulse,1
cmp_01603,math,Orion,1
cmp_01603,math,Nimbus,0
cmp_02039,math,Nova,1
cmp_02039,math,Pulse,0
cmp_00242,coding,Orion,1
cmp_00242,coding,Pulse,0
cmp_01320,math,Orion,1
cmp_01320,math,Astra,0
cmp_04239,safety,Astra,1
cmp_04239,safety,Nova,0
cmp_00147,coding,Orion,1
cmp_00147,coding,Nova,0
cmp_00735,coding,Astra,1
cmp_00735,coding,Nimbus,0
cmp_03416,reasoning,Nova,1
cmp_03416,reasoning,Zenith,0
cmp_00734,coding,Astra,1
cmp_00734,coding,Nimbus,0
cmp_00103,coding,Orion,1
cmp_00103,coding,Nova,0
cmp_01916,math,Astra,1
cmp_01916,math,Zenith,0
cmp_02034,math,Nova,1
cmp_02034,math,Pulse,0
cmp_00716,coding,Astra,1
cmp_00716,coding,Nimbus,0
cmp_01550,math,Orion,1
cmp_01550,math,Zenith,0
cmp_01143,coding,Pulse,1
cmp_01143,coding,Nimbus,0
cmp_04454,safety,Astra,1
cmp_04454,safety,Nimbus,0
cmp_04669,safety,Nova,1
cmp_04669,safety,Zenith,0
cmp_03380,reasoning,Nova,0
cmp_03380,reasoning,Zenith,1
cmp_01053,coding,Pulse,1
cmp_01053,coding,Zenith,0
cmp_00961,coding,Nova,0
cmp_00961,coding,Nimbus,1
cmp_00874,coding,Nova,0
cmp_00874,coding,Zenith,1
cmp_02558,reasoning,Orion,1
cmp_02558,reasoning,Astra,0
cmp_01516,math,Orion,1
cmp_01516,math,Zenith,0
cmp_02674,reasoning,Orion,0
cmp_02674,reasoning,Nova,1
cmp_00893,coding,Nova,0
cmp_00893,coding,Zenith,1
cmp_02055,math,Nova,1
cmp_02055,math,Pulse,0
cmp_00441,coding,Astra,0
cmp_00441,coding,Nova,1
cmp_01512,math,Orion,1
cmp_01512,math,Pulse,0
cmp_03560,reasoning,Pulse,0
cmp_03560,reasoning,Zenith,1
cmp_03213,reasoning,Astra,0
cmp_03213,reasoning,Nimbus,1
cmp_00172,coding,Orion,1
cmp_00172,coding,Pulse,0
cmp_00840,coding,Nova,0
cmp_00840,coding,Pulse,1
cmp_04721,safety,Nova,0
cmp_04721,safety,Nimbus,1
cmp_03034,reasoning,Astra,0
cmp_03034,reasoning,Pulse,1
cmp_04808,safety,Pulse,0
cmp_04808,safety,Zenith,1
cmp_04773,safety,Nova,0
cmp_04773,safety,Nimbus,1
cmp_00921,coding,Nova,0
cmp_00921,coding,Zenith,1
cmp_04419,safety,Astra,1
cmp_04419,safety,Zenith,0
cmp_02577,reasoning,Orion,0
cmp_02577,reasoning,Astra,1
cmp_00752,coding,Astra,1
cmp_00752,coding,Nimbus,0
cmp_03004,reasoning,Astra,0
cmp_03004,reasoning,Nova,1
cmp_00468,coding,Astra,1
cmp_00468,coding,Nova,0
cmp_04942,safety,Pulse,1
cmp_04942,safety,Nimbus,0
cmp_03854,safety,Orion,1
cmp_03854,safety,Astra,0
cmp_00910,coding,Nova,0
cmp_00910,coding,Zenith,1
cmp_00749,coding,Astra,1
cmp_00749,coding,Nimbus,0
cmp_02666,reasoning,Orion,1
cmp_02666,reasoning,Nova,0
cmp_00813,coding,Nova,0
cmp_00813,coding,Pulse,1
cmp_04758,safety,Nova,0
cmp_04758,safety,Nimbus,1
cmp_00413,coding,Orion,1
cmp_00413,coding,Nimbus,0
cmp_04811,safety,Pulse,0
cmp_04811,safety,Zenith,1
cmp_05012,safety,Zenith,1
cmp_05012,safety,Nimbus,0
cmp_04159,safety,Orion,1
cmp_04159,safety,Nimbus,0
cmp_00672,coding,Astra,1
cmp_00672,coding,Zenith,0
cmp_00109,coding,Orion,1
cmp_00109,coding,Nova,0
cmp_02051,math,Nova,0
cmp_02051,math,Pulse,1
cmp_04001,safety,Orion,1
cmp_04001,safety,Pulse,0
cmp_03519,reasoning,Nova,1
cmp_03519,reasoning,Nimbus,0
cmp_01612,math,Orion,1
cmp_01612,math,Nimbus,0
cmp_00579,coding,Astra,1
cmp_00579,coding,Pulse,0
cmp_01241,coding,Zenith,1
cmp_01241,coding,Nimbus,0
cmp_03695,reasoning,Pulse,0
cmp_03695,reasoning,Nimbus,1
cmp_03031,reasoning,Astra,1
cmp_03031,reasoning,Pulse,0
cmp_00682,coding,Astra,1
cmp_00682,coding,Nimbus,0
cmp_03212,reasoning,Astra,1
cmp_03212,reasoning,Nimbus,0
cmp_01758,math,Astra,1
cmp_01758,math,Nova,0
cmp_02394,math,Pulse,0
cmp_02394,math,Nimbus,1
cmp_00258,coding,Orion,0
cmp_00258,coding,Zenith,1
cmp_02021,math,Nova,0
cmp_02021,math,Pulse,1
cmp_03415,reasoning,Nova,1
cmp_03415,reasoning,Zenith,0
cmp_01606,math,Orion,1
cmp_01606,math,Nimbus,0
cmp_01212,coding,Zenith,0
cmp_01212,coding,Nimbus,1
cmp_04826,safety,Pulse,1
cmp_04826,safety,Zenith,0
cmp_02924,reasoning,Orion,0
cmp_02924,reasoning,Nimbus,1
cmp_05040,safety,Zenith,1
cmp_05040,safety,Nimbus,0
cmp_02781,reasoning,Orion,1
cmp_02781,reasoning,Zenith,0
cmp_00777,coding,Nova,1
cmp_00777,coding,Pulse,0
cmp_04600,safety,Nova,0
cmp_04600,safety,Pulse,1
cmp_04527,safety,Astra,0
cmp_04527,safety,Nimbus,1
cmp_02703,reasoning,Orion,1
cmp_02703,reasoning,Pulse,0
cmp_01024,coding,Pulse,1
cmp_01024,coding,Zenith,0
cmp_01665,math,Orion,0
cmp_01665,math,Nimbus,1
cmp_02379,math,Pulse,1
cmp_02379,math,Nimbus,0
cmp_03381,reasoning,Nova,0
cmp_03381,reasoning,Zenith,1
cmp_01514,math,Orion,0
cmp_01514,math,Zenith,1
cmp_00931,coding,Nova,1
cmp_00931,coding,Nimbus,0
cmp_02565,reasoning,Orion,0
cmp_02565,reasoning,Astra,1
cmp_00180,coding,Orion,1
cmp_00180,coding,Pulse,0
cmp_00293,coding,Orion,1
cmp_00293,coding,Zenith,0
cmp_00657,coding,Astra,1
cmp_00657,coding,Zenith,0
cmp_01622,math,Orion,1
cmp_01622,math,Nimbus,0
cmp_00832,coding,Nova,0
cmp_00832,coding,Pulse,1
cmp_01505,math,Orion,1
cmp_01505,math,Pulse,0
cmp_03124,reasoning,Astra,1
cmp_03124,reasoning,Zenith,0
cmp_00850,coding,Nova,1
cmp_00850,coding,Zenith,0
cmp_00861,coding,Nova,1
cmp_00861,coding,Zenith,0
cmp_04930,safety,Pulse,1
cmp_04930,safety,Nimbus,0
cmp_02356,math,Pulse,1
cmp_02356,math,Nimbus,0
cmp_03141,reasoning,Astra,1
cmp_03141,reasoning,Zenith,0
cmp_03324,reasoning,Nova,1
cmp_03324,reasoning,Pulse,0
cmp_00111,coding,Orion,1
cmp_00111,coding,Nova,0
cmp_00643,coding,Astra,1
cmp_00643,coding,Zenith,0
cmp_01285,math,Orion,1
cmp_01285,math,Astra,0
cmp_01268,math,Orion,1
cmp_01268,math,Astra,0
cmp_03468,reasoning,Nova,0
cmp_03468,reasoning,Nimbus,1
cmp_04242,safety,Astra,0
cmp_04242,safety,Nova,1
cmp_01925,math,Astra,0
cmp_01925,math,Zenith,1
cmp_02425,math,Pulse,1
cmp_02425,math,Nimbus,0
cmp_01166,coding,Pulse,0
cmp_01166,coding,Nimbus,1
cmp_03084,reasoning,Astra,0
cmp_03084,reasoning,Pulse,1
cmp_03242,reasoning,Astra,1
cmp_03242,reasoning,Nimbus,0
cmp_04755,safety,Nova,1
cmp_04755,safety,Nimbus,0
cmp_01748,math,Astra,1
cmp_01748,math,Nova,0
cmp_00715,coding,Astra,1
cmp_00715,coding,Nimbus,0
cmp_03788,safety,Orion,1
cmp_03788,safety,Astra,0
cmp_00553,coding,Astra,1
cmp_00553,coding,Pulse,0
cmp_04571,safety,Nova,1
cmp_04571,safety,Pulse,0
cmp_01010,coding,Pulse,1
cmp_01010,coding,Zenith,0
cmp_00745,coding,Astra,1
cmp_00745,coding,Nimbus,0
cmp_04028,safety,Orion,1
cmp_04028,safety,Pulse,0
cmp_03601,reasoning,Pulse,1
cmp_03601,reasoning,Zenith,0
cmp_04273,safety,Astra,1
cmp_04273,safety,Nova,0
cmp_02290,math,Pulse,0
cmp_02290,math,Zenith,1
cmp_02370,math,Pulse,1
cmp_02370,math,Nimbus,0
cmp_00751,coding,Astra,1
cmp_00751,coding,Nimbus,0
cmp_03131,reasoning,Astra,1
cmp_03131,reasoning,Zenith,0
cmp_00194,coding,Orion,1
cmp_00194,coding,Pulse,0
cmp_01164,coding,Pulse,1
cmp_01164,coding,Nimbus,0
cmp_05036,safety,Zenith,1
cmp_05036,safety,Nimbus,0
cmp_02289,math,Pulse,0
cmp_02289,math,Zenith,1
cmp_02106,math,Nova,1
cmp_02106,math,Zenith,0
cmp_03315,reasoning,Nova,0
cmp_03315,reasoning,Pulse,1
cmp_00144,coding,Orion,1
cmp_00144,coding,Nova,0
cmp_00876,coding,Nova,1
cmp_00876,coding,Zenith,0
cmp_04621,safety,Nova,0
cmp_04621,safety,Zenith,1
cmp_04638,safety,Nova,0
cmp_04638,safety,Zenith,1
cmp_04636,safety,Nova,0
cmp_04636,safety,Zenith,1
cmp_01906,math,Astra,1
cmp_01906,math,Zenith,0
cmp_02328,math,Pulse,1
cmp_02328,math,Zenith,0
cmp_03862,safety,Orion,0
cmp_03862,safety,Astra,1
cmp_02737,reasoning,Orion,1
cmp_02737,reasoning,Pulse,0
cmp_02293,math,Pulse,0
cmp_02293,math,Zenith,1
cmp_02910,reasoning,Orion,1
cmp_02910,reasoning,Nimbus,0
cmp_01133,coding,Pulse,1
cmp_01133,coding,Nimbus,0
cmp_02586,reasoning,Orion,1
cmp_02586,reasoning,Astra,0
cmp_03452,reasoning,Nova,0
cmp_03452,reasoning,Nimbus,1
cmp_02755,reasoning,Orion,1
cmp_02755,reasoning,Pulse,0
cmp_03121,reasoning,Astra,1
cmp_03121,reasoning,Zenith,0
cmp_00368,coding,Orion,0
cmp_00368,coding,Nimbus,1
cmp_02677,reasoning,Orion,0
cmp_02677,reasoning,Nova,1
cmp_00457,coding,Astra,0
cmp_00457,coding,Nova,1
cmp_03297,reasoning,Nova,0
cmp_03297,reasoning,Pulse,1
cmp_03507,reasoning,Nova,1
cmp_03507,reasoning,Nimbus,0
cmp_02504,math,Zenith,1
cmp_02504,math,Nimbus,0
cmp_04442,safety,Astra,1
cmp_04442,safety,Zenith,0
cmp_03399,reasoning,Nova,1
cmp_03399,reasoning,Zenith,0
cmp_03105,reasoning,Astra,1
cmp_03105,reasoning,Pulse,0
cmp_02488,math,Zenith,0
cmp_02488,math,Nimbus,1
cmp_01862,math,Astra,1
cmp_01862,math,Zenith,0
cmp_04492,safety,Astra,1
cmp_04492,safety,Nimbus,0
cmp_01940,math,Astra,1
cmp_01940,math,Nimbus,0
cmp_00651,coding,Astra,0
cmp_00651,coding,Zenith,1
cmp_01488,math,Orion,1
cmp_01488,math,Pulse,0
cmp_01106,coding,Pulse,0
cmp_01106,coding,Nimbus,1
cmp_00530,coding,Astra,1
cmp_00530,coding,Pulse,0
cmp_04654,safety,Nova,1
cmp_04654,safety,Zenith,0
cmp_03957,safety,Orion,1
cmp_03957,safety,Pulse,0
cmp_00953,coding,Nova,1
cmp_00953,coding,Nimbus,0
cmp_03652,reasoning,Pulse,1
cmp_03652,reasoning,Nimbus,0
cmp_03980,safety,Orion,1
cmp_03980,safety,Pulse,0
cmp_00068,coding,Orion,1
cmp_00068,coding,Astra,0
cmp_02825,reasoning,Orion,0
cmp_02825,reasoning,Zenith,1
cmp_00513,coding,Astra,1
cmp_00513,coding,Pulse,0
cmp_04305,safety,Astra,0
cmp_04305,safety,Pulse,1
cmp_02112,math,Nova,1
cmp_02112,math,Zenith,0
cmp_04737,safety,Nova,1
cmp_04737,safety,Nimbus,0
cmp_03048,reasoning,Astra,1
cmp_03048,reasoning,Pulse,0
cmp_01663,math,Orion,1
cmp_01663,math,Nimbus,0
cmp_03272,reasoning,Astra,0
cmp_03272,reasoning,Nimbus,1
cmp_04182,safety,Orion,1
cmp_04182,safety,Nimbus,0
cmp_02162,math,Nova,1
cmp_02162,math,Zenith,0
cmp_02366,math,Pulse,1
cmp_02366,math,Nimbus,0
cmp_01836,math,Astra,1
cmp_01836,math,Pulse,0
cmp_03989,safety,Orion,1
cmp_03989,safety,Pulse,0
cmp_04091,safety,Orion,1
cmp_04091,safety,Zenith,0
cmp_01499,math,Orion,0
cmp_01499,math,Pulse,1
cmp_03761,reasoning,Zenith,0
cmp_03761,reasoning,Nimbus,1
cmp_01306,math,Orion,1
cmp_01306,math,Astra,0
cmp_02714,reasoning,Orion,0
cmp_02714,reasoning,Pulse,1
cmp_04822,safety,Pulse,1
cmp_04822,safety,Zenith,0
cmp_01673,math,Orion,1
cmp_01673,math,Nimbus,0
cmp_01852,math,Astra,1
cmp_01852,math,Zenith,0
cmp_01261,math,Orion,0
cmp_01261,math,Astra,1
cmp_04502,safety,Astra,0
cmp_04502,safety,Nimbus,1
cmp_03285,reasoning,Nova,0
cmp_03285,reasoning,Pulse,1
cmp_02876,reasoning,Orion,0
cmp_02876,reasoning,Nimbus,1
cmp_00570,coding,Astra,1
cmp_00570,coding,Pulse,0
cmp_02421,math,Pulse,1
cmp_02421,math,Nimbus,0
cmp_01098,coding,Pulse,1
cmp_01098,coding,Nimbus,0
cmp_02993,reasoning,Astra,1
cmp_02993,reasoning,Nova,0
cmp_03127,reasoning,Astra,1
cmp_03127,reasoning,Zenith,0
cmp_04437,safety,Astra,0
cmp_04437,safety,Zenith,1
cmp_04178,safety,Orion,0
cmp_04178,safety,Nimbus,1
cmp_03236,reasoning,Astra,0
cmp_03236,reasoning,Nimbus,1
cmp_04806,safety,Pulse,1
cmp_04806,safety,Zenith,0
cmp_03289,reasoning,Nova,1
cmp_03289,reasoning,Pulse,0
cmp_00193,coding,Orion,1
cmp_00193,coding,Pulse,0
cmp_02862,reasoning,Orion,1
cmp_02862,reasoning,Nimbus,0
cmp_00554,coding,Astra,0
cmp_00554,coding,Pulse,1
cmp_00225,coding,Orion,0
cmp_00225,coding,Pulse,1
cmp_02105,math,Nova,1
cmp_02105,math,Zenith,0
cmp_02598,reasoning,Orion,1
cmp_02598,reasoning,Astra,0
cmp_03095,reasoning,Astra,0
cmp_03095,reasoning,Pulse,1
cmp_02952,reasoning,Astra,0
cmp_02952,reasoning,Nova,1
cmp_03815,safety,Orion,1
cmp_03815,safety,Astra,0
cmp_03552,reasoning,Pulse,1
cmp_03552,reasoning,Zenith,0
cmp_00102,coding,Orion,0
cmp_00102,coding,Nova,1
cmp_02694,reasoning,Orion,1
cmp_02694,reasoning,Pulse,0
cmp_00082,coding,Orion,0
cmp_00082,coding,Astra,1
cmp_03038,reasoning,Astra,1
cmp_03038,reasoning,Pulse,0
cmp_02094,math,Nova,1
cmp_02094,math,Pulse,0
cmp_00721,coding,Astra,1
cmp_00721,coding,Nimbus,0
cmp_03215,reasoning,Astra,1
cmp_03215,reasoning,Nimbus,0
cmp_04478,safety,Astra,1
cmp_04478,safety,Nimbus,0
cmp_00169,coding,Orion,0
cmp_00169,coding,Pulse,1
cmp_02882,reasoning,Orion,1
cmp_02882,reasoning,Nimbus,0
cmp_01994,math,Astra,1
cmp_01994,math,Nimbus,0
cmp_03290,reasoning,Nova,1
cmp_03290,reasoning,Pulse,0
cmp_00669,coding,Astra,1
cmp_00669,coding,Zenith,0
cmp_04818,safety,Pulse,0
cmp_04818,safety,Zenith,1
cmp_01100,coding,Pulse,1
cmp_01100,coding,Nimbus,0
cmp_01466,math,Orion,1
cmp_01466,math,Pulse,0
cmp_02169,math,Nova,1
cmp_02169,math,Zenith,0
cmp_03477,reasoning,Nova,1
cmp_03477,reasoning,Nimbus,0
cmp_04815,safety,Pulse,0
cmp_04815,safety,Zenith,1
cmp_02096,math,Nova,1
cmp_02096,math,Pulse,0
cmp_01041,coding,Pulse,0
cmp_01041,coding,Zenith,1
cmp_00363,coding,Orion,1
cmp_00363,coding,Nimbus,0
cmp_04238,safety,Astra,0
cmp_04238,safety,Nova,1
cmp_00480,coding,Astra,1
cmp_00480,coding,Nova,0
cmp_03238,reasoning,Astra,1
cmp_03238,reasoning,Nimbus,0
cmp_03781,safety,Orion,1
cmp_03781,safety,Astra,0
cmp_04965,safety,Zenith,0
cmp_04965,safety,Nimbus,1
cmp_02859,reasoning,Orion,1
cmp_02859,reasoning,Nimbus,0
cmp_00977,coding,Nova,1
cmp_00977,coding,Nimbus,0
cmp_03470,reasoning,Nova,1
cmp_03470,reasoning,Nimbus,0
cmp_01601,math,Orion,1
cmp_01601,math,Nimbus,0
cmp_02912,reasoning,Orion,1
cmp_02912,reasoning,Nimbus,0
cmp_02287,math,Pulse,1
cmp_02287,math,Zenith,0
cmp_03525,reasoning,Nova,1
cmp_03525,reasoning,Nimbus,0
cmp_00540,coding,Astra,1
cmp_00540,coding,Pulse,0
cmp_02744,reasoning,Orion,0
cmp_02744,reasoning,Pulse,1
cmp_04383,safety,Astra,1
cmp_04383,safety,Zenith,0
cmp_01449,math,Orion,1
cmp_01449,math,Pulse,0
cmp_02041,math,Nova,1
cmp_02041,math,Pulse,0
cmp_04859,safety,Pulse,0
cmp_04859,safety,Zenith,1
cmp_04538,safety,Nova,0
cmp_04538,safety,Pulse,1
cmp_03502,reasoning,Nova,1
cmp_03502,reasoning,Nimbus,0
cmp_00344,coding,Orion,1
cmp_00344,coding,Nimbus,0
cmp_04827,safety,Pulse,0
cmp_04827,safety,Zenith,1
cmp_04212,safety,Astra,0
cmp_04212,safety,Nova,1
cmp_04102,safety,Orion,1
cmp_04102,safety,Zenith,0
cmp_04291,safety,Astra,1
cmp_04291,safety,Pulse,0
cmp_02892,reasoning,Orion,1
cmp_02892,reasoning,Nimbus,0
cmp_03453,reasoning,Nova,1
cmp_03453,reasoning,Nimbus,0
cmp_00426,coding,Astra,0
cmp_00426,coding,Nova,1
cmp_03675,reasoning,Pulse,0
cmp_03675,reasoning,Nimbus,1
cmp_01965,math,Astra,1
cmp_01965,math,Nimbus,0
cmp_01370,math,Orion,1
cmp_01370,math,Nova,0
cmp_00815,coding,Nova,0
cmp_00815,coding,Pulse,1
cmp_01155,coding,Pulse,1
cmp_01155,coding,Nimbus,0
cmp_00817,coding,Nova,0
cmp_00817,coding,Pulse,1
cmp_02385,math,Pulse,1
cmp_02385,math,Nimbus,0
cmp_03887,safety,Orion,1
cmp_03887,safety,Nova,0
cmp_03427,reasoning,Nova,1
cmp_03427,reasoning,Zenith,0
cmp_03334,reasoning,Nova,1
cmp_03334,reasoning,Pulse,0
cmp_03437,reasoning,Nova,1
cmp_03437,reasoning,Zenith,0
cmp_01680,math,Orion,0
cmp_01680,math,Nimbus,1
cmp_01891,math,Astra,1
cmp_01891,math,Zenith,0
cmp_01713,math,Astra,0
cmp_01713,math,Nova,1
cmp_01401,math,Orion,0
cmp_01401,math,Nova,1
cmp_03448,reasoning,Nova,0
cmp_03448,reasoning,Nimbus,1
cmp_02493,math,Zenith,1
cmp_02493,math,Nimbus,0
cmp_04446,safety,Astra,0
cmp_04446,safety,Zenith,1
cmp_04810,safety,Pulse,1
cmp_04810,safety,Zenith,0
cmp_00902,coding,Nova,1
cmp_00902,coding,Zenith,0
cmp_00830,coding,Nova,1
cmp_00830,coding,Pulse,0
cmp_00627,coding,Astra,1
cmp_00627,coding,Zenith,0
cmp_02888,reasoning,Orion,1
cmp_02888,reasoning,Nimbus,0
cmp_00081,coding,Orion,0
cmp_00081,coding,Astra,1
cmp_01835,math,Astra,0
cmp_01835,math,Pulse,1
cmp_02757,reasoning,Orion,1
cmp_02757,reasoning,Pulse,0
cmp_02860,reasoning,Orion,1
cmp_02860,reasoning,Nimbus,0
cmp_02918,reasoning,Orion,1
cmp_02918,reasoning,Nimbus,0
cmp_04170,safety,Orion,1
cmp_04170,safety,Nimbus,0
cmp_04946,safety,Pulse,1
cmp_04946,safety,Nimbus,0
cmp_02820,reasoning,Orion,1
cmp_02820,reasoning,Zenith,0
cmp_04537,safety,Nova,1
cmp_04537,safety,Pulse,0
cmp_04156,safety,Orion,0
cmp_04156,safety,Nimbus,1
cmp_04598,safety,Nova,1
cmp_04598,safety,Pulse,0
cmp_00174,coding,Orion,0
cmp_00174,coding,Pulse,1
cmp_03280,reasoning,Nova,1
cmp_03280,reasoning,Pulse,0
cmp_00998,coding,Nova,1
cmp_00998,coding,Nimbus,0
cmp_01823,math,Astra,1
cmp_01823,math,Pulse,0
cmp_04710,safety,Nova,1
cmp_04710,safety,Nimbus,0
cmp_01689,math,Astra,0
cmp_01689,math,Nova,1
cmp_04358,safety,Astra,0
cmp_04358,safety,Pulse,1
cmp_04292,safety,Astra,1
cmp_04292,safety,Pulse,0
cmp_03772,reasoning,Zenith,0
cmp_03772,reasoning,Nimbus,1
cmp_00743,coding,Astra,1
cmp_00743,coding,Nimbus,0
cmp_00191,coding,Orion,1
cmp_00191,coding,Pulse,0
cmp_00769,coding,Nova,0
cmp_00769,coding,Pulse,1
cmp_04570,safety,Nova,1
cmp_04570,safety,Pulse,0
cmp_00317,coding,Orion,0
cmp_00317,coding,Zenith,1
cmp_00680,coding,Astra,1
cmp_00680,coding,Nimbus,0
cmp_02517,math,Zenith,0
cmp_02517,math,Nimbus,1
cmp_00448,coding,Astra,1
cmp_00448,coding,Nova,0
cmp_05031,safety,Zenith,1
cmp_05031,safety,Nimbus,0
cmp_04842,safety,Pulse,0
cmp_04842,safety,Zenith,1
cmp_00134,coding,Orion,1
cmp_00134,coding,Nova,0
cmp_03533,reasoning,Pulse,1
cmp_03533,reasoning,Zenith,0
cmp_02237,math,Nova,1
cmp_02237,math,Nimbus,0
cmp_02336,math,Pulse,1
cmp_02336,math,Zenith,0
cmp_02854,reasoning,Orion,1
cmp_02854,reasoning,Zenith,0
cmp_01359,math,Orion,1
cmp_01359,math,Nova,0
cmp_03128,reasoning,Astra,1
cmp_03128,reasoning,Zenith,0
cmp_03737,reasoning,Zenith,0
cmp_03737,reasoning,Nimbus,1
cmp_01632,math,Orion,1
cmp_01632,math,Nimbus,0
cmp_03898,safety,Orion,0
cmp_03898,safety,Nova,1
cmp_01334,math,Orion,1
cmp_01334,math,Astra,0
cmp_01006,coding,Nova,1
cmp_01006,coding,Nimbus,0
cmp_03296,reasoning,Nova,0
cmp_03296,reasoning,Pulse,1
cmp_01383,math,Orion,1
cmp_01383,math,Nova,0
cmp_00328,coding,Orion,1
cmp_00328,coding,Zenith,0
cmp_03184,reasoning,Astra,1
cmp_03184,reasoning,Zenith,0
cmp_03968,safety,Orion,0
cmp_03968,safety,Pulse,1
cmp_04733,safety,Nova,0
cmp_04733,safety,Nimbus,1
cmp_02199,math,Nova,1
cmp_02199,math,Nimbus,0
cmp_01360,math,Orion,1
cmp_01360,math,Nova,0
cmp_00542,coding,Astra,1
cmp_00542,coding,Pulse,0
cmp_04906,safety,Pulse,1
cmp_04906,safety,Nimbus,0
cmp_03474,reasoning,Nova,1
cmp_03474,reasoning,Nimbus,0
cmp_00021,coding,Orion,0
cmp_00021,coding,Astra,1
cmp_00290,coding,Orion,1
cmp_00290,coding,Zenith,0
cmp_02696,reasoning,Orion,1
cmp_02696,reasoning,Pulse,0
cmp_03506,reasoning,Nova,0
cmp_03506,reasoning,Nimbus,1
cmp_04746,safety,Nova,1
cmp_04746,safety,Nimbus,0
cmp_04256,safety,Astra,0
cmp_04256,safety,Nova,1
cmp_01883,math,Astra,1
cmp_01883,math,Zenith,0
cmp_00234,coding,Orion,0
cmp_00234,coding,Pulse,1
cmp_00557,coding,Astra,1
cmp_00557,coding,Pulse,0
cmp_03692,reasoning,Pulse,0
cmp_03692,reasoning,Nimbus,1
cmp_04680,safety,Nova,0
cmp_04680,safety,Zenith,1
cmp_03684,reasoning,Pulse,1
cmp_03684,reasoning,Nimbus,0
cmp_01388,math,Orion,1
cmp_01388,math,Nova,0
cmp_04259,safety,Astra,0
cmp_04259,safety,Nova,1
cmp_01443,math,Orion,1
cmp_01443,math,Pulse,0
cmp_04999,safety,Zenith,1
cmp_04999,safety,Nimbus,0
cmp_00568,coding,Astra,0
cmp_00568,coding,Pulse,1
cmp_01407,math,Orion,1
cmp_01407,math,Nova,0
cmp_04032,safety,Orion,0
cmp_04032,safety,Pulse,1
cmp_02342,math,Pulse,0
cmp_02342,math,Zenith,1
cmp_03741,reasoning,Zenith,1
cmp_03741,reasoning,Nimbus,0
cmp_04460,safety,Astra,0
cmp_04460,safety,Nimbus,1
cmp_02102,math,Nova,1
cmp_02102,math,Zenith,0
cmp_04717,safety,Nova,1
cmp_04717,safety,Nimbus,0
cmp_02181,math,Nova,1
cmp_02181,math,Zenith,0
cmp_02401,math,Pulse,1
cmp_02401,math,Nimbus,0
cmp_04525,safety,Astra,0
cmp_04525,safety,Nimbus,1
cmp_04684,safety,Nova,1
cmp_04684,safety,Zenith,0
cmp_02307,math,Pulse,0
cmp_02307,math,Zenith,1
cmp_01355,math,Orion,1
cmp_01355,math,Nova,0
cmp_01765,math,Astra,1
cmp_01765,math,Pulse,0
cmp_03530,reasoning,Pulse,0
cmp_03530,reasoning,Zenith,1
cmp_03729,reasoning,Zenith,1
cmp_03729,reasoning,Nimbus,0
cmp_00104,coding,Orion,0
cmp_00104,coding,Nova,1
cmp_04062,safety,Orion,1
cmp_04062,safety,Zenith,0
cmp_00302,coding,Orion,1
cmp_00302,coding,Zenith,0
cmp_01169,coding,Pulse,1
cmp_01169,coding,Nimbus,0
cmp_04679,safety,Nova,1
cmp_04679,safety,Zenith,0
cmp_02465,math,Zenith,0
cmp_02465,math,Nimbus,1
cmp_01305,math,Orion,1
cmp_01305,math,Astra,0
cmp_00067,coding,Orion,1
cmp_00067,coding,Astra,0
cmp_00650,coding,Astra,1
cmp_00650,coding,Zenith,0
cmp_01088,coding,Pulse,1
cmp_01088,coding,Zenith,0
cmp_02054,math,Nova,1
cmp_02054,math,Pulse,0
cmp_01583,math,Orion,1
cmp_01583,math,Zenith,0
cmp_04732,safety,Nova,0
cmp_04732,safety,Nimbus,1
cmp_00314,coding,Orion,1
cmp_00314,coding,Zenith,0
cmp_04306,safety,Astra,1
cmp_04306,safety,Pulse,0
cmp_01375,math,Orion,0
cmp_01375,math,Nova,1
cmp_04730,safety,Nova,0
cmp_04730,safety,Nimbus,1
cmp_04617,safety,Nova,0
cmp_04617,safety,Pulse,1
cmp_01295,math,Orion,0
cmp_01295,math,Astra,1
cmp_04943,safety,Pulse,0
cmp_04943,safety,Nimbus,1
cmp_03176,reasoning,Astra,0
cmp_03176,reasoning,Zenith,1
cmp_03861,safety,Orion,1
cmp_03861,safety,Astra,0
cmp_03742,reasoning,Zenith,1
cmp_03742,reasoning,Nimbus,0
cmp_00374,coding,Orion,1
cmp_00374,coding,Nimbus,0
cmp_04115,safety,Orion,1
cmp_04115,safety,Zenith,0
cmp_04231,safety,Astra,1
cmp_04231,safety,Nova,0
cmp_02958,reasoning,Astra,1
cmp_02958,reasoning,Nova,0
cmp_03497,reasoning,Nova,1
cmp_03497,reasoning,Nimbus,0
cmp_01993,math,Astra,0
cmp_01993,math,Nimbus,1
cmp_03355,reasoning,Nova,0
cmp_03355,reasoning,Pulse,1
cmp_00784,coding,Nova,0
cmp_00784,coding,Pulse,1
cmp_00466,coding,Astra,1
cmp_00466,coding,Nova,0
cmp_04765,safety,Nova,1
cmp_04765,safety,Nimbus,0
cmp_00768,coding,Nova,1
cmp_00768,coding,Pulse,0
cmp_00442,coding,Astra,1
cmp_00442,coding,Nova,0
cmp_01872,math,Astra,0
cmp_01872,math,Zenith,1
cmp_04014,safety,Orion,0
cmp_04014,safety,Pulse,1
cmp_03819,safety,Orion,1
cmp_03819,safety,Astra,0
cmp_01945,math,Astra,1
cmp_01945,math,Nimbus,0
cmp_02398,math,Pulse,0
cmp_02398,math,Nimbus,1
cmp_02116,math,Nova,0
cmp_02116,math,Zenith,1
cmp_02478,math,Zenith,0
cmp_02478,math,Nimbus,1
cmp_01324,math,Orion,1
cmp_01324,math,Astra,0
cmp_00494,coding,Astra,1
cmp_00494,coding,Nova,0
cmp_03923,safety,Orion,1
cmp_03923,safety,Nova,0
cmp_00851,coding,Nova,0
cmp_00851,coding,Zenith,1
cmp_04209,safety,Astra,0
cmp_04209,safety,Nova,1
cmp_01171,coding,Pulse,1
cmp_01171,coding,Nimbus,0
cmp_04869,safety,Pulse,1
cmp_04869,safety,Zenith,0
cmp_00381,coding,Orion,1
cmp_00381,coding,Nimbus,0
cmp_02144,math,Nova,1
cmp_02144,math,Zenith,0
cmp_01228,coding,Zenith,1
cmp_01228,coding,Nimbus,0
cmp_03902,safety,Orion,0
cmp_03902,safety,Nova,1
cmp_03393,reasoning,Nova,1
cmp_03393,reasoning,Zenith,0
cmp_01797,math,Astra,0
cmp_01797,math,Pulse,1
cmp_01790,math,Astra,1
cmp_01790,math,Pulse,0
cmp_03160,reasoning,Astra,1
cmp_03160,reasoning,Zenith,0
cmp_00701,coding,Astra,1
cmp_00701,coding,Nimbus,0
cmp_01223,coding,Zenith,0
cmp_01223,coding,Nimbus,1
cmp_01409,math,Orion,0
cmp_01409,math,Nova,1
cmp_00616,coding,Astra,1
cmp_00616,coding,Zenith,0
cmp_03407,reasoning,Nova,0
cmp_03407,reasoning,Zenith,1
cmp_03566,reasoning,Pulse,1
cmp_03566,reasoning,Zenith,0
cmp_03282,reasoning,Nova,1
cmp_03282,reasoning,Pulse,0
cmp_00091,coding,Orion,1
cmp_00091,coding,Nova,0
cmp_00183,coding,Orion,0
cmp_00183,coding,Pulse,1
cmp_02791,reasoning,Orion,0
cmp_02791,reasoning,Zenith,1
cmp_01111,coding,Pulse,1
cmp_01111,coding,Nimbus,0
cmp_00005,coding,Orion,1
cmp_00005,coding,Astra,0
cmp_03352,reasoning,Nova,1
cmp_03352,reasoning,Pulse,0
cmp_03003,reasoning,Astra,1
cmp_03003,reasoning,Nova,0
cmp_02228,math,Nova,1
cmp_02228,math,Nimbus,0
cmp_00510,coding,Astra,0
cmp_00510,coding,Pulse,1
cmp_01671,math,Orion,1
cmp_01671,math,Nimbus,0
cmp_02579,reasoning,Orion,1
cmp_02579,reasoning,Astra,0
cmp_04300,safety,Astra,0
cmp_04300,safety,Pulse,1
cmp_02013,math,Astra,0
cmp_02013,math,Nimbus,1
cmp_02633,reasoning,Orion,1
cmp_02633,reasoning,Nova,0
cmp_01389,math,Orion,1
cmp_01389,math,Nova,0
cmp_04882,safety,Pulse,0
cmp_04882,safety,Nimbus,1
cmp_03743,reasoning,Zenith,0
cmp_03743,reasoning,Nimbus,1
cmp_02339,math,Pulse,0
cmp_02339,math,Zenith,1
cmp_02502,math,Zenith,0
cmp_02502,math,Nimbus,1
cmp_03230,reasoning,Astra,1
cmp_03230,reasoning,Nimbus,0
cmp_01849,math,Astra,0
cmp_01849,math,Zenith,1
cmp_02877,reasoning,Orion,1
cmp_02877,reasoning,Nimbus,0
cmp_03022,reasoning,Astra,1
cmp_03022,reasoning,Nova,0
cmp_00870,coding,Nova,1
cmp_00870,coding,Zenith,0
cmp_00289,coding,Orion,1
cmp_00289,coding,Zenith,0
cmp_03190,reasoning,Astra,1
cmp_03190,reasoning,Zenith,0
cmp_02015,math,Astra,1
cmp_02015,math,Nimbus,0
cmp_01977,math,Astra,1
cmp_01977,math,Nimbus,0
cmp_03419,reasoning,Nova,0
cmp_03419,reasoning,Zenith,1
cmp_02953,reasoning,Astra,1
cmp_02953,reasoning,Nova,0
cmp_04276,safety,Astra,1
cmp_04276,safety,Nova,0
cmp_01095,coding,Pulse,0
cmp_01095,coding,Nimbus,1
cmp_00958,coding,Nova,1
cmp_00958,coding,Nimbus,0
cmp_04137,safety,Orion,1
cmp_04137,safety,Nimbus,0
cmp_01456,math,Orion,0
cmp_01456,math,Pulse,1
cmp_01565,math,Orion,0
cmp_01565,math,Zenith,1
cmp_03644,reasoning,Pulse,1
cmp_03644,reasoning,Nimbus,0
cmp_03984,safety,Orion,1
cmp_03984,safety,Pulse,0
cmp_04792,safety,Pulse,1
cmp_04792,safety,Zenith,0
cmp_03306,reasoning,Nova,0
cmp_03306,reasoning,Pulse,1
cmp_00400,coding,Orion,1
cmp_00400,coding,Nimbus,0
cmp_01369,math,Orion,1
cmp_01369,math,Nova,0
cmp_04192,safety,Orion,1
cmp_04192,safety,Nimbus,0
cmp_01854,math,Astra,1
cmp_01854,math,Zenith,0
cmp_03859,safety,Orion,0
cmp_03859,safety,Astra,1
cmp_04948,safety,Pulse,1
cmp_04948,safety,Nimbus,0
cmp_04893,safety,Pulse,1
cmp_04893,safety,Nimbus,0
cmp_00562,coding,Astra,0
cmp_00562,coding,Pulse,1
cmp_03174,reasoning,Astra,1
cmp_03174,reasoning,Zenith,0
cmp_02821,reasoning,Orion,1
cmp_02821,reasoning,Zenith,0
cmp_00250,coding,Orion,0
cmp_00250,coding,Pulse,1
cmp_04153,safety,Orion,1
cmp_04153,safety,Nimbus,0
cmp_00477,coding,Astra,0
cmp_00477,coding,Nova,1
cmp_04459,safety,Astra,1
cmp_04459,safety,Nimbus,0
cmp_01292,math,Orion,0
cmp_01292,math,Astra,1
cmp_00725,coding,Astra,1
cmp_00725,coding,Nimbus,0
cmp_01718,math,Astra,1
cmp_01718,math,Nova,0
cmp_04630,safety,Nova,1
cmp_04630,safety,Zenith,0
cmp_00569,coding,Astra,1
cmp_00569,coding,Pulse,0
cmp_04695,safety,Nova,0
cmp_04695,safety,Zenith,1
cmp_00930,coding,Nova,1
cmp_00930,coding,Nimbus,0
cmp_01712,math,Astra,0
cmp_01712,math,Nova,1
cmp_01518,math,Orion,0
cmp_01518,math,Zenith,1
cmp_00379,coding,Orion,1
cmp_00379,coding,Nimbus,0
cmp_03943,safety,Orion,1
cmp_03943,safety,Nova,0
cmp_01700,math,Astra,0
cmp_01700,math,Nova,1
cmp_03639,reasoning,Pulse,0
cmp_03639,reasoning,Nimbus,1
cmp_02080,math,Nova,0
cmp_02080,math,Pulse,1
cmp_01116,coding,Pulse,0
cmp_01116,coding,Nimbus,1
cmp_03540,reasoning,Pulse,0
cmp_03540,reasoning,Zenith,1
cmp_04629,safety,Nova,1
cmp_04629,safety,Zenith,0
cmp_00453,coding,Astra,1
cmp_00453,coding,Nova,0
cmp_02308,math,Pulse,0
cmp_02308,math,Zenith,1
cmp_03873,safety,Orion,1
cmp_03873,safety,Nova,0
cmp_00825,coding,Nova,0
cmp_00825,coding,Pulse,1
cmp_01912,math,Astra,1
cmp_01912,math,Zenith,0
cmp_02536,reasoning,Orion,1
cmp_02536,reasoning,Astra,0
cmp_00590,coding,Astra,1
cmp_00590,coding,Zenith,0
cmp_01185,coding,Zenith,1
cmp_01185,coding,Nimbus,0
cmp_04532,safety,Astra,0
cmp_04532,safety,Nimbus,1
cmp_04081,safety,Orion,0
cmp_04081,safety,Zenith,1
cmp_02776,reasoning,Orion,1
cmp_02776,reasoning,Zenith,0
cmp_04775,safety,Nova,1
cmp_04775,safety,Nimbus,0
cmp_05026,safety,Zenith,0
cmp_05026,safety,Nimbus,1
cmp_02384,math,Pulse,1
cmp_02384,math,Nimbus,0
cmp_04385,safety,Astra,0
cmp_04385,safety,Zenith,1
cmp_02855,reasoning,Orion,1
cmp_02855,reasoning,Zenith,0
cmp_02264,math,Nova,0
cmp_02264,math,Nimbus,1
cmp_02708,reasoning,Orion,1
cmp_02708,reasoning,Pulse,0
cmp_02507,math,Zenith,0
cmp_02507,math,Nimbus,1
cmp_00956,coding,Nova,1
cmp_00956,coding,Nimbus,0
cmp_02850,reasoning,Orion,1
cmp_02850,reasoning,Zenith,0
cmp_04435,safety,Astra,1
cmp_04435,safety,Zenith,0
cmp_04531,safety,Astra,0
cmp_04531,safety,Nimbus,1
cmp_02814,reasoning,Orion,1
cmp_02814,reasoning,Zenith,0
cmp_00595,coding,Astra,1
cmp_00595,coding,Zenith,0
cmp_03696,reasoning,Pulse,1
cmp_03696,reasoning,Nimbus,0
cmp_01773,math,Astra,1
cmp_01773,math,Pulse,0
cmp_03818,safety,Orion,1
cmp_03818,safety,Astra,0
cmp_02187,math,Nova,0
cmp_02187,math,Nimbus,1
cmp_03353,reasoning,Nova,1
cmp_03353,reasoning,Pulse,0
cmp_02810,reasoning,Orion,1
cmp_02810,reasoning,Zenith,0
cmp_04388,safety,Astra,1
cmp_04388,safety,Zenith,0
cmp_00249,coding,Orion,0
cmp_00249,coding,Pulse,1
cmp_03838,safety,Orion,1
cmp_03838,safety,Astra,0
cmp_01848,math,Astra,0
cmp_01848,math,Pulse,1
cmp_03750,reasoning,Zenith,0
cmp_03750,reasoning,Nimbus,1
cmp_03432,reasoning,Nova,1
cmp_03432,reasoning,Zenith,0
cmp_04384,safety,Astra,1
cmp_04384,safety,Zenith,0
cmp_04954,safety,Pulse,1
cmp_04954,safety,Nimbus,0
cmp_00512,coding,Astra,0
cmp_00512,coding,Pulse,1
cmp_02996,reasoning,Astra,0
cmp_02996,reasoning,Nova,1
cmp_01256,coding,Zenith,1
cmp_01256,coding,Nimbus,0
cmp_04027,safety,Orion,1
cmp_04027,safety,Pulse,0
cmp_01329,math,Orion,1
cmp_01329,math,Astra,0
cmp_00780,coding,Nova,1
cmp_00780,coding,Pulse,0
cmp_03459,reasoning,Nova,1
cmp_03459,reasoning,Nimbus,0
cmp_00304,coding,Orion,0
cmp_00304,coding,Zenith,1
cmp_04320,safety,Astra,1
cmp_04320,safety,Pulse,0
cmp_03075,reasoning,Astra,1
cmp_03075,reasoning,Pulse,0
cmp_04046,safety,Orion,0
cmp_04046,safety,Zenith,1
cmp_01459,math,Orion,1
cmp_01459,math,Pulse,0
cmp_01077,coding,Pulse,1
cmp_01077,coding,Zenith,0
cmp_01026,coding,Pulse,1
cmp_01026,coding,Zenith,0
cmp_01626,math,Orion,1
cmp_01626,math,Nimbus,0
cmp_02069,math,Nova,0
cmp_02069,math,Pulse,1
cmp_00762,coding,Nova,1
cmp_00762,coding,Pulse,0
cmp_04078,safety,Orion,0
cmp_04078,safety,Zenith,1
cmp_02822,reasoning,Orion,0
cmp_02822,reasoning,Zenith,1
cmp_04296,safety,Astra,0
cmp_04296,safety,Pulse,1
cmp_02884,reasoning,Orion,0
cmp_02884,reasoning,Nimbus,1
cmp_02729,reasoning,Orion,1
cmp_02729,reasoning,Pulse,0
cmp_04899,safety,Pulse,0
cmp_04899,safety,Nimbus,1
cmp_01546,math,Orion,1
cmp_01546,math,Zenith,0
cmp_02925,reasoning,Orion,1
cmp_02925,reasoning,Nimbus,0
cmp_04455,safety,Astra,0
cmp_04455,safety,Nimbus,1
cmp_02803,reasoning,Orion,1
cmp_02803,reasoning,Zenith,0
cmp_04302,safety,Astra,1
cmp_04302,safety,Pulse,0
cmp_02005,math,Astra,0
cmp_02005,math,Nimbus,1
cmp_00609,coding,Astra,1
cmp_00609,coding,Zenith,0
cmp_01147,coding,Pulse,1
cmp_01147,coding,Nimbus,0
cmp_01227,coding,Zenith,0
cmp_01227,coding,Nimbus,1
cmp_03730,reasoning,Zenith,1
cmp_03730,reasoning,Nimbus,0
cmp_00338,coding,Orion,1
cmp_00338,coding,Nimbus,0
cmp_03410,reasoning,Nova,1
cmp_03410,reasoning,Zenith,0
cmp_01656,math,Orion,0
cmp_01656,math,Nimbus,1
cmp_03167,reasoning,Astra,1
cmp_03167,reasoning,Zenith,0
cmp_00541,coding,Astra,1
cmp_00541,coding,Pulse,0
cmp_04835,safety,Pulse,1
cmp_04835,safety,Zenith,0
cmp_03163,reasoning,Astra,1
cmp_03163,reasoning,Zenith,0
cmp_04863,safety,Pulse,1
cmp_04863,safety,Zenith,0
cmp_05000,safety,Zenith,1
cmp_05000,safety,Nimbus,0
cmp_00789,coding,Nova,0
cmp_00789,coding,Pulse,1
cmp_04204,safety,Astra,1
cmp_04204,safety,Nova,0
cmp_03703,reasoning,Zenith,1
cmp_03703,reasoning,Nimbus,0
cmp_00619,coding,Astra,1
cmp_00619,coding,Zenith,0
cmp_00257,coding,Orion,1
cmp_00257,coding,Zenith,0
cmp_04277,safety,Astra,0
cmp_04277,safety,Nova,1
cmp_04356,safety,Astra,1
cmp_04356,safety,Pulse,0
cmp_03774,reasoning,Zenith,0
cmp_03774,reasoning,Nimbus,1
cmp_04139,safety,Orion,1
cmp_04139,safety,Nimbus,0
cmp_02081,math,Nova,0
cmp_02081,math,Pulse,1
cmp_02020,math,Nova,1
cmp_02020,math,Pulse,0
cmp_04393,safety,Astra,1
cmp_04393,safety,Zenith,0
cmp_03112,reasoning,Astra,1
cmp_03112,reasoning,Zenith,0
cmp_01381,math,Orion,1
cmp_01381,math,Nova,0
cmp_03621,reasoning,Pulse,1
cmp_03621,reasoning,Nimbus,0
cmp_00385,coding,Orion,1
cmp_00385,coding,Nimbus,0
cmp_01313,math,Orion,1
cmp_01313,math,Astra,0
cmp_04855,safety,Pulse,1
cmp_04855,safety,Zenith,0
cmp_02663,reasoning,Orion,0
cmp_02663,reasoning,Nova,1
cmp_00017,coding,Orion,1
cmp_00017,coding,Astra,0
cmp_01860,math,Astra,1
cmp_01860,math,Zenith,0
cmp_04221,safety,Astra,1
cmp_04221,safety,Nova,0
cmp_04051,safety,Orion,1
cmp_04051,safety,Zenith,0
cmp_02726,reasoning,Orion,1
cmp_02726,reasoning,Pulse,0
cmp_04299,safety,Astra,1
cmp_04299,safety,Pulse,0
cmp_01332,math,Orion,0
cmp_01332,math,Astra,1
cmp_00416,coding,Orion,1
cmp_00416,coding,Nimbus,0
cmp_03693,reasoning,Pulse,0
cmp_03693,reasoning,Nimbus,1
cmp_00913,coding,Nova,1
cmp_00913,coding,Zenith,0
cmp_03308,reasoning,Nova,0
cmp_03308,reasoning,Pulse,1
cmp_02704,reasoning,Orion,1
cmp_02704,reasoning,Pulse,0
cmp_00327,coding,Orion,1
cmp_00327,coding,Zenith,0
cmp_00608,coding,Astra,1
cmp_00608,coding,Zenith,0
cmp_02302,math,Pulse,1
cmp_02302,math,Zenith,0
cmp_02410,math,Pulse,1
cmp_02410,math,Nimbus,0
cmp_03307,reasoning,Nova,1
cmp_03307,reasoning,Pulse,0
cmp_02648,reasoning,Orion,1
cmp_02648,reasoning,Nova,0
cmp_01648,math,Orion,1
cmp_01648,math,Nimbus,0
cmp_01199,coding,Zenith,0
cmp_01199,coding,Nimbus,1
cmp_02214,math,Nova,1
cmp_02214,math,Nimbus,0
cmp_01554,math,Orion,1
cmp_01554,math,Zenith,0
cmp_02161,math,Nova,1
cmp_02161,math,Zenith,0
cmp_04544,safety,Nova,1
cmp_04544,safety,Pulse,0
cmp_03390,reasoning,Nova,1
cmp_03390,reasoning,Zenith,0
cmp_03616,reasoning,Pulse,0
cmp_03616,reasoning,Nimbus,1
cmp_04707,safety,Nova,1
cmp_04707,safety,Nimbus,0
cmp_02688,reasoning,Orion,0
cmp_02688,reasoning,Nova,1
cmp_02316,math,Pulse,0
cmp_02316,math,Zenith,1
cmp_00674,coding,Astra,1
cmp_00674,coding,Nimbus,0
cmp_00834,coding,Nova,1
cmp_00834,coding,Pulse,0
cmp_01207,coding,Zenith,0
cmp_01207,coding,Nimbus,1
cmp_01501,math,Orion,1
cmp_01501,math,Pulse,0
cmp_04128,safety,Orion,1
cmp_04128,safety,Nimbus,0
cmp_04131,safety,Orion,1
cmp_04131,safety,Nimbus,0
cmp_00349,coding,Orion,1
cmp_00349,coding,Nimbus,0
cmp_02796,reasoning,Orion,1
cmp_02796,reasoning,Zenith,0
cmp_03699,reasoning,Zenith,0
cmp_03699,reasoning,Nimbus,1
cmp_01941,math,Astra,1
cmp_01941,math,Nimbus,0
cmp_00692,coding,Astra,1
cmp_00692,coding,Nimbus,0
cmp_00615,coding,Astra,0
cmp_00615,coding,Zenith,1
cmp_02117,math,Nova,0
cmp_02117,math,Zenith,1
cmp_03070,reasoning,Astra,0
cmp_03070,reasoning,Pulse,1
cmp_04264,safety,Astra,1
cmp_04264,safety,Nova,0
cmp_02527,reasoning,Orion,0
cmp_02527,reasoning,Astra,1
cmp_02636,reasoning,Orion,1
cmp_02636,reasoning,Nova,0
cmp_00403,coding,Orion,1
cmp_00403,coding,Nimbus,0
cmp_03685,reasoning,Pulse,0
cmp_03685,reasoning,Nimbus,1
cmp_02533,reasoning,Orion,1
cmp_02533,reasoning,Astra,0
cmp_04224,safety,Astra,0
cmp_04224,safety,Nova,1
cmp_03593,reasoning,Pulse,1
cmp_03593,reasoning,Zenith,0
cmp_01182,coding,Zenith,0
cmp_01182,coding,Nimbus,1
cmp_03042,reasoning,Astra,1
cmp_03042,reasoning,Pulse,0
cmp_02468,math,Zenith,1
cmp_02468,math,Nimbus,0
cmp_01585,math,Orion,1
cmp_01585,math,Zenith,0
cmp_01023,coding,Pulse,0
cmp_01023,coding,Zenith,1
cmp_03301,reasoning,Nova,1
cmp_03301,reasoning,Pulse,0
cmp_02515,math,Zenith,1
cmp_02515,math,Nimbus,0
cmp_01519,math,Orion,0
cmp_01519,math,Zenith,1
cmp_04143,safety,Orion,1
cmp_04143,safety,Nimbus,0
cmp_00145,coding,Orion,0
cmp_00145,coding,Nova,1
cmp_03354,reasoning,Nova,0
cmp_03354,reasoning,Pulse,1
cmp_03935,safety,Orion,1
cmp_03935,safety,Nova,0
cmp_03061,reasoning,Astra,0
cmp_03061,reasoning,Pulse,1
cmp_02458,math,Zenith,1
cmp_02458,math,Nimbus,0
cmp_02434,math,Pulse,1
cmp_02434,math,Nimbus,0
cmp_02114,math,Nova,0
cmp_02114,math,Zenith,1
cmp_02812,reasoning,Orion,0
cmp_02812,reasoning,Zenith,1
cmp_03964,safety,Orion,1
cmp_03964,safety,Pulse,0
cmp_04591,safety,Nova,1
cmp_04591,safety,Pulse,0
cmp_00232,coding,Orion,1
cmp_00232,coding,Pulse,0
cmp_04970,safety,Zenith,0
cmp_04970,safety,Nimbus,1
cmp_04012,safety,Orion,1
cmp_04012,safety,Pulse,0
cmp_04923,safety,Pulse,0
cmp_04923,safety,Nimbus,1
cmp_05024,safety,Zenith,1
cmp_05024,safety,Nimbus,0
cmp_02498,math,Zenith,0
cmp_02498,math,Nimbus,1
cmp_00446,coding,Astra,0
cmp_00446,coding,Nova,1
cmp_02440,math,Zenith,1
cmp_02440,math,Nimbus,0
cmp_01245,coding,Zenith,1
cmp_01245,coding,Nimbus,0
cmp_01081,coding,Pulse,1
cmp_01081,coding,Zenith,0
cmp_04696,safety,Nova,1
cmp_04696,safety,Zenith,0
cmp_00662,coding,Astra,1
cmp_00662,coding,Zenith,0
cmp_01340,math,Orion,0
cmp_01340,math,Astra,1
cmp_01821,math,Astra,0
cmp_01821,math,Pulse,1
cmp_03271,reasoning,Astra,1
cmp_03271,reasoning,Nimbus,0
cmp_03752,reasoning,Zenith,0
cmp_03752,reasoning,Nimbus,1
cmp_02109,math,Nova,0
cmp_02109,math,Zenith,1
cmp_01556,math,Orion,1
cmp_01556,math,Zenith,0
cmp_01754,math,Astra,0
cmp_01754,math,Nova,1
cmp_01144,coding,Pulse,1
cmp_01144,coding,Nimbus,0
cmp_03149,reasoning,Astra,0
cmp_03149,reasoning,Zenith,1
cmp_04450,safety,Astra,1
cmp_04450,safety,Zenith,0
cmp_00605,coding,Astra,1
cmp_00605,coding,Zenith,0
cmp_00955,coding,Nova,1
cmp_00955,coding,Nimbus,0
cmp_03630,reasoning,Pulse,1
cmp_03630,reasoning,Nimbus,0
cmp_03986,safety,Orion,0
cmp_03986,safety,Pulse,1
cmp_03869,safety,Orion,0
cmp_03869,safety,Nova,1
cmp_03634,reasoning,Pulse,1
cmp_03634,reasoning,Nimbus,0
cmp_02905,reasoning,Orion,1
cmp_02905,reasoning,Nimbus,0
cmp_04676,safety,Nova,1
cmp_04676,safety,Zenith,0
cmp_04202,safety,Astra,0
cmp_04202,safety,Nova,1
cmp_01017,coding,Pulse,0
cmp_01017,coding,Zenith,1
cmp_03080,reasoning,Astra,0
cmp_03080,reasoning,Pulse,1
cmp_04183,safety,Orion,1
cmp_04183,safety,Nimbus,0
cmp_00020,coding,Orion,1
cmp_00020,coding,Astra,0
cmp_04534,safety,Astra,1
cmp_04534,safety,Nimbus,0
cmp_02786,reasoning,Orion,1
cmp_02786,reasoning,Zenith,0
cmp_02158,math,Nova,1
cmp_02158,math,Zenith,0
cmp_00753,coding,Astra,1
cmp_00753,coding,Nimbus,0
cmp_02204,math,Nova,1
cmp_02204,math,Nimbus,0
cmp_01828,math,Astra,1
cmp_01828,math,Pulse,0
cmp_02172,math,Nova,1
cmp_02172,math,Zenith,0
cmp_01688,math,Astra,0
cmp_01688,math,Nova,1
cmp_01950,math,Astra,1
cmp_01950,math,Nimbus,0
cmp_03841,safety,Orion,1
cmp_03841,safety,Astra,0
cmp_00644,coding,Astra,1
cmp_00644,coding,Zenith,0
cmp_04448,safety,Astra,1
cmp_04448,safety,Zenith,0
cmp_00333,coding,Orion,1
cmp_00333,coding,Zenith,0
cmp_01420,math,Orion,1
cmp_01420,math,Nova,0
cmp_03220,reasoning,Astra,1
cmp_03220,reasoning,Nimbus,0
cmp_00940,coding,Nova,1
cmp_00940,coding,Nimbus,0
cmp_01963,math,Astra,1
cmp_01963,math,Nimbus,0
cmp_01426,math,Orion,1
cmp_01426,math,Nova,0
cmp_00719,coding,Astra,1
cmp_00719,coding,Nimbus,0
cmp_02412,math,Pulse,0
cmp_02412,math,Nimbus,1
cmp_02375,math,Pulse,1
cmp_02375,math,Nimbus,0
cmp_04891,safety,Pulse,0
cmp_04891,safety,Nimbus,1
cmp_03439,reasoning,Nova,0
cmp_03439,reasoning,Zenith,1
cmp_01014,coding,Pulse,0
cmp_01014,coding,Zenith,1
cmp_00927,coding,Nova,0
cmp_00927,coding,Nimbus,1
cmp_04851,safety,Pulse,0
cmp_04851,safety,Zenith,1
cmp_00033,coding,Orion,0
cmp_00033,coding,Astra,1
cmp_00617,coding,Astra,1
cmp_00617,coding,Zenith,0
cmp_04136,safety,Orion,0
cmp_04136,safety,Nimbus,1
cmp_04614,safety,Nova,1
cmp_04614,safety,Pulse,0
cmp_01163,coding,Pulse,0
cmp_01163,coding,Nimbus,1
cmp_03669,reasoning,Pulse,1
cmp_03669,reasoning,Nimbus,0
cmp_00375,coding,Orion,1
cmp_00375,coding,Nimbus,0
cmp_00864,coding,Nova,1
cmp_00864,coding,Zenith,0
cmp_01271,math,Orion,1
cmp_01271,math,Astra,0
cmp_03348,reasoning,Nova,1
cmp_03348,reasoning,Pulse,0
cmp_04623,safety,Nova,1
cmp_04623,safety,Zenith,0
cmp_03977,safety,Orion,1
cmp_03977,safety,Pulse,0
cmp_01964,math,Astra,1
cmp_01964,math,Nimbus,0
cmp_00920,coding,Nova,0
cmp_00920,coding,Zenith,1
cmp_01986,math,Astra,1
cmp_01986,math,Nimbus,0
cmp_04914,safety,Pulse,1
cmp_04914,safety,Nimbus,0
cmp_01677,math,Orion,1
cmp_01677,math,Nimbus,0
cmp_00922,coding,Nova,0
cmp_00922,coding,Zenith,1
cmp_02185,math,Nova,1
cmp_02185,math,Nimbus,0
cmp_00819,coding,Nova,0
cmp_00819,coding,Pulse,1
cmp_03361,reasoning,Nova,1
cmp_03361,reasoning,Zenith,0
cmp_00481,coding,Astra,1
cmp_00481,coding,Nova,0
cmp_04687,safety,Nova,1
cmp_04687,safety,Zenith,0
cmp_01145,coding,Pulse,1
cmp_01145,coding,Nimbus,0
cmp_02257,math,Nova,1
cmp_02257,math,Nimbus,0
cmp_02739,reasoning,Orion,1
cmp_02739,reasoning,Pulse,0
cmp_02404,math,Pulse,0
cmp_02404,math,Nimbus,1
cmp_04647,safety,Nova,1
cmp_04647,safety,Zenith,0
cmp_02748,reasoning,Orion,0
cmp_02748,reasoning,Pulse,1
cmp_03886,safety,Orion,1
cmp_03886,safety,Nova,0
cmp_01525,math,Orion,1
cmp_01525,math,Zenith,0
cmp_04414,safety,Astra,1
cmp_04414,safety,Zenith,0
cmp_01304,math,Orion,0
cmp_01304,math,Astra,1
cmp_04708,safety,Nova,1
cmp_04708,safety,Nimbus,0
cmp_00244,coding,Orion,1
cmp_00244,coding,Pulse,0
cmp_00563,coding,Astra,0
cmp_00563,coding,Pulse,1
cmp_04791,safety,Pulse,1
cmp_04791,safety,Zenith,0
cmp_02456,math,Zenith,0
cmp_02456,math,Nimbus,1
cmp_04004,safety,Orion,1
cmp_04004,safety,Pulse,0
cmp_01473,math,Orion,1
cmp_01473,math,Pulse,0
cmp_00526,coding,Astra,1
cmp_00526,coding,Pulse,0
cmp_03914,safety,Orion,1
cmp_03914,safety,Nova,0
cmp_02685,reasoning,Orion,1
cmp_02685,reasoning,Nova,0
cmp_02340,math,Pulse,1
cmp_02340,math,Zenith,0
cmp_02072,math,Nova,0
cmp_02072,math,Pulse,1
cmp_04410,safety,Astra,0
cmp_04410,safety,Zenith,1
cmp_04861,safety,Pulse,0
cmp_04861,safety,Zenith,1
cmp_01281,math,Orion,1
cmp_01281,math,Astra,0
cmp_02413,math,Pulse,1
cmp_02413,math,Nimbus,0
cmp_02559,reasoning,Orion,0
cmp_02559,reasoning,Astra,1
cmp_03959,safety,Orion,0
cmp_03959,safety,Pulse,1
cmp_04594,safety,Nova,1
cmp_04594,safety,Pulse,0
cmp_01535,math,Orion,0
cmp_01535,math,Zenith,1
cmp_04697,safety,Nova,1
cmp_04697,safety,Zenith,0
cmp_04318,safety,Astra,0
cmp_04318,safety,Pulse,1
cmp_02418,math,Pulse,0
cmp_02418,math,Nimbus,1
cmp_00215,coding,Orion,1
cmp_00215,coding,Pulse,0
cmp_02936,reasoning,Orion,1
cmp_02936,reasoning,Nimbus,0
cmp_01812,math,Astra,0
cmp_01812,math,Pulse,1
cmp_03069,reasoning,Astra,1
cmp_03069,reasoning,Pulse,0
cmp_04444,safety,Astra,1
cmp_04444,safety,Zenith,0
cmp_04165,safety,Orion,1
cmp_04165,safety,Nimbus,0
cmp_01103,coding,Pulse,1
cmp_01103,coding,Nimbus,0
cmp_00185,coding,Orion,1
cmp_00185,coding,Pulse,0
cmp_02300,math,Pulse,1
cmp_02300,math,Zenith,0
cmp_04939,safety,Pulse,0
cmp_04939,safety,Nimbus,1
cmp_02009,math,Astra,1
cmp_02009,math,Nimbus,0
cmp_01678,math,Orion,1
cmp_01678,math,Nimbus,0
cmp_00763,coding,Nova,1
cmp_00763,coding,Pulse,0
cmp_03392,reasoning,Nova,1
cmp_03392,reasoning,Zenith,0
cmp_00380,coding,Orion,1
cmp_00380,coding,Nimbus,0
cmp_01508,math,Orion,1
cmp_01508,math,Pulse,0
cmp_01536,math,Orion,0
cmp_01536,math,Zenith,1
cmp_03690,reasoning,Pulse,1
cmp_03690,reasoning,Nimbus,0
cmp_01638,math,Orion,1
cmp_01638,math,Nimbus,0
cmp_03261,reasoning,Astra,0
cmp_03261,reasoning,Nimbus,1
cmp_04929,safety,Pulse,1
cmp_04929,safety,Nimbus,0
cmp_00227,coding,Orion,0
cmp_00227,coding,Pulse,1
cmp_02866,reasoning,Orion,1
cmp_02866,reasoning,Nimbus,0
cmp_02762,reasoning,Orion,1
cmp_02762,reasoning,Pulse,0
cmp_04395,safety,Astra,1
cmp_04395,safety,Zenith,0
cmp_02103,math,Nova,1
cmp_02103,math,Zenith,0
cmp_03298,reasoning,Nova,1
cmp_03298,reasoning,Pulse,0
cmp_01413,math,Orion,1
cmp_01413,math,Nova,0
cmp_04641,safety,Nova,0
cmp_04641,safety,Zenith,1
cmp_02155,math,Nova,1
cmp_02155,math,Zenith,0
cmp_03606,reasoning,Pulse,0
cmp_03606,reasoning,Zenith,1
cmp_03836,safety,Orion,0
cmp_03836,safety,Astra,1
cmp_04378,safety,Astra,0
cmp_04378,safety,Zenith,1
cmp_00434,coding,Astra,1
cmp_00434,coding,Nova,0
cmp_01674,math,Orion,1
cmp_01674,math,Nimbus,0
cmp_01549,math,Orion,1
cmp_01549,math,Zenith,0
cmp_04831,safety,Pulse,0
cmp_04831,safety,Zenith,1
cmp_04876,safety,Pulse,1
cmp_04876,safety,Nimbus,0
cmp_02886,reasoning,Orion,1
cmp_02886,reasoning,Nimbus,0
cmp_02613,reasoning,Orion,1
cmp_02613,reasoning,Nova,0
cmp_03375,reasoning,Nova,0
cmp_03375,reasoning,Zenith,1
cmp_03918,safety,Orion,1
cmp_03918,safety,Nova,0
cmp_02654,reasoning,Orion,0
cmp_02654,reasoning,Nova,1
cmp_00831,coding,Nova,1
cmp_00831,coding,Pulse,0
cmp_01984,math,Astra,0
cmp_01984,math,Nimbus,1
cmp_01792,math,Astra,1
cmp_01792,math,Pulse,0
cmp_02099,math,Nova,1
cmp_02099,math,Pulse,0
cmp_04632,safety,Nova,1
cmp_04632,safety,Zenith,0
cmp_00272,coding,Orion,1
cmp_00272,coding,Zenith,0
cmp_00759,coding,Nova,1
cmp_00759,coding,Pulse,0
cmp_00151,coding,Orion,1
cmp_00151,coding,Nova,0
cmp_04953,safety,Pulse,1
cmp_04953,safety,Nimbus,0
cmp_03366,reasoning,Nova,0
cmp_03366,reasoning,Zenith,1
cmp_03147,reasoning,Astra,1
cmp_03147,reasoning,Zenith,0
cmp_03067,reasoning,Astra,1
cmp_03067,reasoning,Pulse,0
cmp_03640,reasoning,Pulse,1
cmp_03640,reasoning,Nimbus,0
cmp_00114,coding,Orion,0
cmp_00114,coding,Nova,1
cmp_04692,safety,Nova,1
cmp_04692,safety,Zenith,0
cmp_01244,coding,Zenith,1
cmp_01244,coding,Nimbus,0
cmp_04427,safety,Astra,0
cmp_04427,safety,Zenith,1
cmp_01592,math,Orion,1
cmp_01592,math,Zenith,0
cmp_01068,coding,Pulse,1
cmp_01068,coding,Zenith,0
cmp_01947,math,Astra,0
cmp_01947,math,Nimbus,1
cmp_00022,coding,Orion,1
cmp_00022,coding,Astra,0
cmp_04290,safety,Astra,0
cmp_04290,safety,Pulse,1
cmp_04206,safety,Astra,1
cmp_04206,safety,Nova,0
cmp_04245,safety,Astra,0
cmp_04245,safety,Nova,1
cmp_01282,math,Orion,1
cmp_01282,math,Astra,0
cmp_03757,reasoning,Zenith,0
cmp_03757,reasoning,Nimbus,1
cmp_01919,math,Astra,1
cmp_01919,math,Zenith,0
cmp_04901,safety,Pulse,0
cmp_04901,safety,Nimbus,1
cmp_05021,safety,Zenith,1
cmp_05021,safety,Nimbus,0
cmp_00679,coding,Astra,1
cmp_00679,coding,Nimbus,0
cmp_03478,reasoning,Nova,0
cmp_03478,reasoning,Nimbus,1
cmp_03510,reasoning,Nova,1
cmp_03510,reasoning,Nimbus,0
cmp_04788,safety,Nova,1
cmp_04788,safety,Nimbus,0
cmp_00647,coding,Astra,1
cmp_00647,coding,Zenith,0
cmp_03358,reasoning,Nova,0
cmp_03358,reasoning,Pulse,1
cmp_02074,math,Nova,1
cmp_02074,math,Pulse,0
cmp_00994,coding,Nova,0
cmp_00994,coding,Nimbus,1
cmp_02731,reasoning,Orion,1
cmp_02731,reasoning,Pulse,0
cmp_05017,safety,Zenith,0
cmp_05017,safety,Nimbus,1
cmp_03187,reasoning,Astra,1
cmp_03187,reasoning,Zenith,0
cmp_01839,math,Astra,1
cmp_01839,math,Pulse,0
cmp_04505,safety,Astra,1
cmp_04505,safety,Nimbus,0
cmp_04955,safety,Pulse,0
cmp_04955,safety,Nimbus,1
cmp_02445,math,Zenith,0
cmp_02445,math,Nimbus,1
cmp_03383,reasoning,Nova,1
cmp_03383,reasoning,Zenith,0
cmp_01644,math,Orion,1
cmp_01644,math,Nimbus,0
cmp_02872,reasoning,Orion,1
cmp_02872,reasoning,Nimbus,0
cmp_01605,math,Orion,1
cmp_01605,math,Nimbus,0
cmp_00857,coding,Nova,0
cmp_00857,coding,Zenith,1
cmp_02236,math,Nova,1
cmp_02236,math,Nimbus,0
cmp_02405,math,Pulse,1
cmp_02405,math,Nimbus,0
cmp_01433,math,Orion,1
cmp_01433,math,Pulse,0
cmp_03719,reasoning,Zenith,0
cmp_03719,reasoning,Nimbus,1
cmp_03512,reasoning,Nova,1
cmp_03512,reasoning,Nimbus,0
cmp_02637,reasoning,Orion,1
cmp_02637,reasoning,Nova,0
cmp_04368,safety,Astra,0
cmp_04368,safety,Pulse,1
cmp_01574,math,Orion,0
cmp_01574,math,Zenith,1
cmp_02716,reasoning,Orion,0
cmp_02716,reasoning,Pulse,1
cmp_02212,math,Nova,0
cmp_02212,math,Nimbus,1
cmp_02583,reasoning,Orion,0
cmp_02583,reasoning,Astra,1
cmp_01291,math,Orion,1
cmp_01291,math,Astra,0
cmp_02213,math,Nova,1
cmp_02213,math,Nimbus,0
cmp_04496,safety,Astra,1
cmp_04496,safety,Nimbus,0
cmp_02742,reasoning,Orion,0
cmp_02742,reasoning,Pulse,1
cmp_04795,safety,Pulse,1
cmp_04795,safety,Zenith,0
cmp_00747,coding,Astra,1
cmp_00747,coding,Nimbus,0
cmp_03156,reasoning,Astra,1
cmp_03156,reasoning,Zenith,0
cmp_03199,reasoning,Astra,0
cmp_03199,reasoning,Nimbus,1
cmp_01079,coding,Pulse,1
cmp_01079,coding,Zenith,0
cmp_00539,coding,Astra,0
cmp_00539,coding,Pulse,1
cmp_01633,math,Orion,0
cmp_01633,math,Nimbus,1
cmp_04235,safety,Astra,0
cmp_04235,safety,Nova,1
cmp_04120,safety,Orion,0
cmp_04120,safety,Nimbus,1
cmp_02432,math,Pulse,1
cmp_02432,math,Nimbus,0
cmp_00240,coding,Orion,1
cmp_00240,coding,Pulse,0
cmp_01614,math,Orion,1
cmp_01614,math,Nimbus,0
cmp_04060,safety,Orion,0
cmp_04060,safety,Zenith,1
cmp_03495,reasoning,Nova,0
cmp_03495,reasoning,Nimbus,1
cmp_04057,safety,Orion,1
cmp_04057,safety,Zenith,0
cmp_00463,coding,Astra,1
cmp_00463,coding,Nova,0
cmp_02900,reasoning,Orion,1
cmp_02900,reasoning,Nimbus,0
cmp_02976,reasoning,Astra,0
cmp_02976,reasoning,Nova,1
cmp_04363,safety,Astra,1
cmp_04363,safety,Pulse,0
cmp_03535,reasoning,Pulse,0
cmp_03535,reasoning,Zenith,1
cmp_00348,coding,Orion,1
cmp_00348,coding,Nimbus,0
cmp_05016,safety,Zenith,1
cmp_05016,safety,Nimbus,0
cmp_04321,safety,Astra,1
cmp_04321,safety,Pulse,0
cmp_03797,safety,Orion,1
cmp_03797,safety,Astra,0
cmp_01842,math,Astra,1
cmp_01842,math,Pulse,0
cmp_01582,math,Orion,1
cmp_01582,math,Zenith,0
cmp_02480,math,Zenith,1
cmp_02480,math,Nimbus,0
cmp_02232,math,Nova,1
cmp_02232,math,Nimbus,0
cmp_00790,coding,Nova,1
cmp_00790,coding,Pulse,0
cmp_04941,safety,Pulse,1
cmp_04941,safety,Nimbus,0
cmp_01607,math,Orion,1
cmp_01607,math,Nimbus,0
cmp_00084,coding,Orion,0
cmp_00084,coding,Astra,1
cmp_00136,coding,Orion,1
cmp_00136,coding,Nova,0
cmp_04071,safety,Orion,1
cmp_04071,safety,Zenith,0
cmp_02088,math,Nova,0
cmp_02088,math,Pulse,1
cmp_02048,math,Nova,1
cmp_02048,math,Pulse,0
cmp_05039,safety,Zenith,0
cmp_05039,safety,Nimbus,1
cmp_04976,safety,Zenith,0
cmp_04976,safety,Nimbus,1
cmp_00917,coding,Nova,0
cmp_00917,coding,Zenith,1
cmp_01364,math,Orion,1
cmp_01364,math,Nova,0
cmp_01293,math,Orion,1
cmp_01293,math,Astra,0
cmp_02281,math,Pulse,1
cmp_02281,math,Zenith,0
cmp_03924,safety,Orion,1
cmp_03924,safety,Nova,0
cmp_03462,reasoning,Nova,1
cmp_03462,reasoning,Nimbus,0
cmp_02721,reasoning,Orion,1
cmp_02721,reasoning,Pulse,0
cmp_01034,coding,Pulse,0
cmp_01034,coding,Zenith,1
cmp_01552,math,Orion,1
cmp_01552,math,Zenith,0
cmp_03320,reasoning,Nova,1
cmp_03320,reasoning,Pulse,0
cmp_02818,reasoning,Orion,0
cmp_02818,reasoning,Zenith,1
cmp_01814,math,Astra,1
cmp_01814,math,Pulse,0
cmp_03745,reasoning,Zenith,0
cmp_03745,reasoning,Nimbus,1
cmp_01895,math,Astra,1
cmp_01895,math,Zenith,0
cmp_03335,reasoning,Nova,0
cmp_03335,reasoning,Pulse,1
cmp_04956,safety,Pulse,1
cmp_04956,safety,Nimbus,0
cmp_00231,coding,Orion,1
cmp_00231,coding,Pulse,0
cmp_02325,math,Pulse,1
cmp_02325,math,Zenith,0
cmp_00588,coding,Astra,1
cmp_00588,coding,Pulse,0
cmp_00408,coding,Orion,0
cmp_00408,coding,Nimbus,1
cmp_03028,reasoning,Astra,1
cmp_03028,reasoning,Pulse,0
cmp_00447,coding,Astra,1
cmp_00447,coding,Nova,0
cmp_01303,math,Orion,1
cmp_01303,math,Astra,0
cmp_02441,math,Zenith,0
cmp_02441,math,Nimbus,1
cmp_01108,coding,Pulse,0
cmp_01108,coding,Nimbus,1
cmp_03718,reasoning,Zenith,1
cmp_03718,reasoning,Nimbus,0
cmp_01492,math,Orion,0
cmp_01492,math,Pulse,1
cmp_03501,reasoning,Nova,0
cmp_03501,reasoning,Nimbus,1
cmp_02702,reasoning,Orion,1
cmp_02702,reasoning,Pulse,0
cmp_03848,safety,Orion,1
cmp_03848,safety,Astra,0
cmp_02566,reasoning,Orion,1
cmp_02566,reasoning,Astra,0
cmp_00807,coding,Nova,0
cmp_00807,coding,Pulse,1
cmp_03912,safety,Orion,0
cmp_03912,safety,Nova,1
cmp_02115,math,Nova,1
cmp_02115,math,Zenith,0
cmp_04461,safety,Astra,0
cmp_04461,safety,Nimbus,1
cmp_04129,safety,Orion,1
cmp_04129,safety,Nimbus,0
cmp_00436,coding,Astra,0
cmp_00436,coding,Nova,1
cmp_03241,reasoning,Astra,1
cmp_03241,reasoning,Nimbus,0
cmp_00484,coding,Astra,1
cmp_00484,coding,Nova,0
cmp_00217,coding,Orion,0
cmp_00217,coding,Pulse,1
cmp_01082,coding,Pulse,1
cmp_01082,coding,Zenith,0
cmp_03029,reasoning,Astra,1
cmp_03029,reasoning,Pulse,0
cmp_02595,reasoning,Orion,1
cmp_02595,reasoning,Astra,0
cmp_02334,math,Pulse,1
cmp_02334,math,Zenith,0
cmp_01743,math,Astra,0
cmp_01743,math,Nova,1
cmp_01198,coding,Zenith,0
cmp_01198,coding,Nimbus,1
cmp_04936,safety,Pulse,1
cmp_04936,safety,Nimbus,0
cmp_01416,math,Orion,1
cmp_01416,math,Nova,0
cmp_05005,safety,Zenith,1
cmp_05005,safety,Nimbus,0
cmp_03123,reasoning,Astra,0
cmp_03123,reasoning,Zenith,1
cmp_00733,coding,Astra,1
cmp_00733,coding,Nimbus,0
cmp_03169,reasoning,Astra,0
cmp_03169,reasoning,Zenith,1
cmp_01932,math,Astra,1
cmp_01932,math,Zenith,0
cmp_00698,coding,Astra,1
cmp_00698,coding,Nimbus,0
cmp_00886,coding,Nova,1
cmp_00886,coding,Zenith,0
cmp_03056,reasoning,Astra,1
cmp_03056,reasoning,Pulse,0
cmp_04151,safety,Orion,1
cmp_04151,safety,Nimbus,0
cmp_04751,safety,Nova,1
cmp_04751,safety,Nimbus,0
cmp_00972,coding,Nova,0
cmp_00972,coding,Nimbus,1
