phenotype,sample_id,LDpred2,AnnoPred,lassosum2,SCT,LDpred-funct,lassosum,LDpred2-auto,SBayesR,PRS-CS,DBSLMM,PRS-CS-auto,LDpred2-inf,LDpred,C+T
Body Mass Index,p00_0000,0.885799,0.799994,0.768088,0.668621,0.678087,0.696316,0.660834,0.561655,0.537531,0.432636,0.482946,0.437295,0.434377,0.307253
Body Mass Index,p00_0001,0.870958,0.797291,0.75852,0.698607,0.690542,0.695349,0.655523,0.567102,0.538811,0.452184,0.468169,0.416591,0.437242,0.313809
Body Mass Index,p00_0002,0.895597,0.821897,0.737506,0.670751,0.668308,0.69925,0.658017,0.564732,0.525827,0.442009,0.456544,0.411339,0.446112,0.312388
Body Mass Index,p00_0003,0.887111,0.821681,0.757221,0.689665,0.700019,0.70052,0.653597,0.571381,0.543072,0.444645,0.46,0.425134,0.433328,0.293456
Body Mass Index,p00_0004,0.876915,0.803083,0.759354,0.691357,0.696815,0.679657,0.660928,0.569905,0.515251,0.44866,0.438667,0.410588,0.434815,0.299619
Body Mass Index,p00_0005,0.878722,0.809901,0.759401,0.674786,0.666791,0.680704,0.668843,0.573095,0.53747,0.429169,0.452353,0.412486,0.447599,0.308705
Body Mass Index,p00_0006,0.894395,0.810812,0.770389,0.692133,0.67434,0.702194,0.684547,0.576679,0.528644,0.448057,0.45279,0.429088,0.4511,0.29909
Body Mass Index,p00_0007,0.862104,0.791311,0.753265,0.67374,0.69473,0.698432,0.664475,0.56228,0.523389,0.453897,0.449575,0.41275,0.434091,0.289479
Body Mass Index,p00_0008,0.884238,0.804996,0.754999,0.655719,0.68698,0.684912,0.657603,0.561922,0.519326,0.460594,0.455111,0.421271,0.425827,0.305545
Body Mass Index,p00_0009,0.885021,0.795175,0.767028,0.665306,0.682381,0.693873,0.660243,0.553949,0.521682,0.443537,0.453397,0.430308,0.447279,0.296954
Body Mass Index,p00_0010,0.892778,0.818002,0.778418,0.673089,0.683659,0.691205,0.657198,0.578737,0.521651,0.460303,0.460386,0.415017,0.439385,0.292079
Body Mass Index,p00_0011,0.885603,0.797686,0.760145,0.670275,0.694631,0.708431,0.643347,0.577798,0.544208,0.469804,0.442296,0.429769,0.418712,0.305669
Body Mass Index,p00_0012,0.890089,0.806434,0.751575,0.671564,0.69412,0.688682,0.657628,0.576792,0.542258,0.439313,0.462494,0.411424,0.438112,0.307417
Body Mass Index,p00_0013,0.896116,0.822445,0.766104,0.687668,0.681348,0.693199,0.647886,0.567692,0.541275,0.448495,0.440927,0.427284,0.437301,0.29565
Body Mass Index,p00_0014,0.886911,0.813734,0.773352,0.671489,0.651327,0.699743,0.655078,0.56489,0.540321,0.451549,0.455827,0.417163,0.420445,0.295717
Body Mass Index,p00_0015,0.879851,0.816936,0.756913,0.669726,0.657585,0.712784,0.652844,0.563456,0.538623,0.456262,0.450382,0.442366,0.424658,0.291153
Body Mass Index,p00_0016,0.887324,0.800894,0.756866,0.658974,0.683526,0.702121,0.664703,0.582295,0.538351,0.474953,0.452825,0.420172,0.431475,0.30432
Body Mass Index,p00_0017,0.885059,0.805416,0.775941,0.669953,0.684832,0.704061,0.644638,0.575499,0.522832,0.44365,0.444582,0.431482,0.418098,0.298738
Body Mass Index,p00_0018,0.884991,0.795895,0.745901,0.694726,0.683275,0.691349,0.670733,0.588203,0.524906,0.444108,0.477864,0.429858,0.412278,0.308155
Body Mass Index,p00_0019,0.90175,0.800771,0.75512,0.688128,0.676358,0.695323,0.670018,0.55964,0.5186,0.450246,0.475495,0.434872,0.414719,0.300182
Body Mass Index,p00_0020,0.886468,0.808459,0.758503,0.691461,0.677062,0.697377,0.655665,0.576409,0.53341,0.459477,0.467129,0.425325,0.441592,0.291947
Body Mass Index,p00_0021,0.874055,0.797117,0.771167,0.680851,0.685158,0.702475,0.665274,0.586819,0.543668,0.47009,0.458565,0.408224,0.432745,0.321327
Body Mass Index,p00_0022,0.873348,0.816386,0.77116,0.678991,0.691606,0.702194,0.655196,0.570498,0.537022,0.461151,0.465768,0.408987,0.433755,0.296235
Body Mass Index,p00_0023,0.872003,0.802412,0.751411,0.684451,0.673683,0.708397,0.674709,0.596959,0.517479,0.448575,0.452637,0.424892,0.426795,0.281372
Body Mass Index,p00_0024,0.887245,0.80551,0.752849,0.666762,0.693337,0.700423,0.657736,0.582951,0.539374,0.445834,0.453438,0.412157,0.44674,0.306276
Body Mass Index,p00_0025,0.893169,0.820042,0.760305,0.666571,0.693796,0.68547,0.646129,0.57091,0.540602,0.449392,0.449102,0.412525,0.440244,0.305795
Body Mass Index,p00_0026,0.89189,0.804221,0.778258,0.679791,0.688353,0.683541,0.654423,0.555143,0.531476,0.447393,0.457928,0.423413,0.424916,0.2971
Body Mass Index,p00_0027,0.890773,0.810396,0.758541,0.677044,0.679374,0.686632,0.639521,0.563256,0.536776,0.451211,0.454866,0.419001,0.440347,0.331666
Body Mass Index,p00_0028,0.893097,0.811193,0.748814,0.680503,0.690533,0.692929,0.644569,0.559328,0.541625,0.453338,0.473762,0.424,0.428599,0.302354
Body Mass Index,p00_0029,0.893926,0.803152,0.776384,0.70821,0.690375,0.706105,0.656944,0.576627,0.530229,0.454784,0.471965,0.436749,0.422103,0.296116
Body Mass Index,p00_0030,0.868456,0.80423,0.743017,0.689207,0.68348,0.695127,0.663113,0.560108,0.538825,0.428267,0.465583,0.421629,0.445767,0.315595
Body Mass Index,p00_0031,0.877856,0.813111,0.756503,0.682125,0.671816,0.707532,0.653298,0.555428,0.543917,0.45949,0.457359,0.41046,0.437823,0.30521
Body Mass Index,p00_0032,0.894186,0.808377,0.746699,0.68522,0.686056,0.710798,0.664568,0.57031,0.525674,0.451325,0.453984,0.413792,0.433731,0.311339
Body Mass Index,p00_0033,0.890938,0.815548,0.761333,0.67317,0.687247,0.69846,0.650883,0.565134,0.520259,0.452655,0.456731,0.415364,0.417423,0.303158
Body Mass Index,p00_0034,0.872305,0.784147,0.746227,0.654911,0.674526,0.701282,0.660296,0.561309,0.534493,0.448263,0.465992,0.405648,0.433127,0.315445
Body Mass Index,p00_0035,0.881597,0.816298,0.754351,0.678701,0.699088,0.689298,0.655551,0.579557,0.529287,0.465388,0.438599,0.426652,0.428236,0.305553
Body Mass Index,p00_0036,0.891421,0.792858,0.76223,0.675626,0.690385,0.696962,0.661459,0.574259,0.527562,0.460186,0.438208,0.418244,0.418049,0.296905
Body Mass Index,p00_0037,0.883049,0.804644,0.762593,0.696202,0.676546,0.698348,0.664161,0.569025,0.518625,0.449627,0.44996,0.408879,0.422419,0.320819
Body Mass Index,p00_0038,0.87939,0.813928,0.759529,0.680053,0.705031,0.704326,0.673606,0.558838,0.527942,0.448854,0.455772,0.421419,0.429726,0.297392
Body Mass Index,p00_0039,0.875658,0.799688,0.768766,0.684565,0.67688,0.706458,0.636369,0.57831,0.518169,0.457369,0.464538,0.431999,0.43671,0.297718
Body Mass Index,p00_0040,0.882844,0.80428,0.770001,0.675747,0.687622,0.694646,0.664737,0.574896,0.522258,0.44377,0.464478,0.416249,0.438896,0.318643
Body Mass Index,p00_0041,0.8906,0.808694,0.761305,0.678947,0.690014,0.690441,0.653882,0.570578,0.529919,0.443799,0.454173,0.406943,0.437793,0.294826
Body Mass Index,p00_0042,0.889722,0.806344,0.762357,0.679672,0.676258,0.703294,0.673237,0.57372,0.534191,0.449604,0.436116,0.4216,0.428827,0.29568
Body Mass Index,p00_0043,0.880889,0.808066,0.764679,0.677175,0.670681,0.695979,0.654047,0.567989,0.536677,0.457277,0.460001,0.40333,0.449063,0.294818
Body Mass Index,p00_0044,0.881258,0.821855,0.746747,0.67606,0.692571,0.675093,0.664324,0.583727,0.521169,0.438554,0.444927,0.422486,0.449518,0.28905
Body Mass Index,p00_0045,0.884961,0.812985,0.760358,0.676877,0.687405,0.693678,0.656418,0.570536,0.547822,0.463342,0.46449,0.407792,0.423345,0.303709
Body Mass Index,p00_0046,0.898701,0.824107,0.774534,0.686654,0.678823,0.7078,0.633142,0.576687,0.540053,0.455568,0.45363,0.424665,0.427941,0.295633
Body Mass Index,p00_0047,0.894867,0.814032,0.742703,0.677931,0.692161,0.712841,0.650323,0.572121,0.522218,0.448612,0.457428,0.413332,0.427611,0.30944
Body Mass Index,p00_0048,0.884763,0.805596,0.777008,0.688922,0.69546,0.681538,0.66219,0.594943,0.537718,0.445796,0.450716,0.422656,0.433978,0.307423
Body Mass Index,p00_0049,0.896209,0.799445,0.76005,0.685965,0.691966,0.71772,0.664115,0.575913,0.519294,0.464543,0.4603,0.421466,0.400765,0.287177
Body Mass Index,p00_0050,0.885473,0.830323,0.733696,0.676557,0.67501,0.70811,0.647328,0.568622,0.536568,0.456212,0.457933,0.412809,0.427291,0.292131
Body Mass Index,p00_0051,0.88197,0.811469,0.764499,0.692375,0.693205,0.702555,0.680175,0.583155,0.525534,0.45051,0.459109,0.425914,0.434645,0.290342
Body Mass Index,p00_0052,0.873375,0.806067,0.760621,0.676373,0.68839,0.699937,0.655655,0.559573,0.531455,0.462681,0.453955,0.436805,0.427544,0.296021
Body Mass Index,p00_0053,0.875337,0.788744,0.776165,0.679706,0.684789,0.689358,0.636782,0.576793,0.53139,0.456968,0.449361,0.423409,0.446768,0.302429
Body Mass Index,p00_0054,0.898009,0.794181,0.775781,0.667836,0.673302,0.697613,0.677756,0.572963,0.542712,0.46297,0.44444,0.440609,0.430021,0.296235
Height,p01_0000,0.888062,0.813509,0.761468,0.718805,0.664845,0.693197,0.54243,0.617594,0.516481,0.478009,0.506027,0.439007,0.375775,0.302844
Height,p01_0001,0.907027,0.794588,0.744422,0.713367,0.677185,0.708093,0.571938,0.621623,0.507393,0.505249,0.507125,0.416484,0.385893,0.300124
Height,p01_0002,0.88121,0.808807,0.758044,0.708745,0.695598,0.686144,0.553983,0.617334,0.547236,0.485095,0.503613,0.416609,0.390173,0.305948
Height,p01_0003,0.886633,0.77713,0.752404,0.742804,0.67223,0.674448,0.562023,0.614716,0.520577,0.485178,0.510858,0.416246,0.389531,0.303706
Height,p01_0004,0.885831,0.81312,0.743708,0.730986,0.681944,0.685991,0.574685,0.616584,0.527801,0.476506,0.502561,0.424247,0.384115,0.299198
Height,p01_0005,0.897411,0.805911,0.760642,0.716481,0.690356,0.704987,0.565528,0.623052,0.543608,0.498517,0.494565,0.422418,0.372533,0.279713
Height,p01_0006,0.875865,0.811047,0.761271,0.726711,0.678515,0.702862,0.556141,0.618525,0.522603,0.494956,0.515716,0.418966,0.37791,0.28222
Height,p01_0007,0.901797,0.78053,0.770859,0.742636,0.67267,0.692257,0.572637,0.611998,0.537682,0.505009,0.493204,0.437044,0.367054,0.306408
Height,p01_0008,0.89978,0.809068,0.759833,0.735596,0.690463,0.689716,0.567433,0.622977,0.534287,0.490973,0.512231,0.414253,0.373134,0.301598
Height,p01_0009,0.885349,0.795737,0.773118,0.731581,0.678631,0.674269,0.556104,0.600925,0.543359,0.492902,0.50322,0.415516,0.401164,0.284913
Height,p01_0010,0.887115,0.791761,0.760792,0.708869,0.696048,0.68223,0.571769,0.632452,0.526176,0.499784,0.506005,0.416743,0.377649,0.302602
Height,p01_0011,0.899693,0.810651,0.756091,0.722788,0.695767,0.693109,0.551494,0.649171,0.536688,0.488073,0.509198,0.429651,0.380336,0.282727
Height,p01_0012,0.88239,0.790689,0.760984,0.722058,0.694673,0.690441,0.58925,0.600104,0.537909,0.500483,0.500148,0.408133,0.374339,0.295804
Height,p01_0013,0.877003,0.800026,0.756381,0.722724,0.685779,0.702318,0.54381,0.611316,0.52765,0.507152,0.504165,0.422203,0.376116,0.296637
Height,p01_0014,0.883584,0.791736,0.752847,0.726246,0.685166,0.705684,0.58002,0.633074,0.548901,0.521865,0.519816,0.426565,0.373346,0.300175
Height,p01_0015,0.888266,0.796043,0.756322,0.723588,0.698297,0.691506,0.557036,0.632305,0.517148,0.497546,0.493758,0.424712,0.373274,0.283173
Height,p01_0016,0.904987,0.786303,0.768393,0.712696,0.6865,0.697945,0.557024,0.616624,0.54889,0.504101,0.503061,0.410057,0.383482,0.294976
Height,p01_0017,0.889704,0.789347,0.749804,0.717581,0.702832,0.690405,0.566406,0.625938,0.541871,0.499016,0.51346,0.421013,0.387574,0.296864
Height,p01_0018,0.89849,0.806341,0.76397,0.715991,0.678326,0.676238,0.585336,0.617861,0.52832,0.496841,0.515715,0.418257,0.382967,0.325925
Height,p01_0019,0.87463,0.790753,0.775878,0.744574,0.678988,0.70687,0.570132,0.632981,0.544947,0.489554,0.515147,0.420459,0.377035,0.306694
Height,p01_0020,0.895931,0.803198,0.754179,0.726145,0.674863,0.685119,0.548599,0.625538,0.533993,0.510166,0.516288,0.41576,0.380006,0.287952
Height,p01_0021,0.889325,0.80515,0.74633,0.718649,0.69008,0.682826,0.581748,0.62555,0.542382,0.486672,0.504523,0.420669,0.377728,0.294721
Height,p01_0022,0.89933,0.815799,0.755562,0.72647,0.661207,0.69119,0.557942,0.620959,0.524984,0.485252,0.503708,0.420308,0.359053,0.296504
Height,p01_0023,0.891677,0.811886,0.759071,0.724756,0.683799,0.704281,0.567547,0.625541,0.527755,0.505661,0.497607,0.421182,0.390701,0.310566
Height,p01_0024,0.890736,0.799791,0.74421,0.719814,0.685527,0.699947,0.574908,0.624782,0.522463,0.490708,0.500261,0.419229,0.383816,0.300939
Height,p01_0025,0.882131,0.816366,0.770283,0.710642,0.688584,0.697104,0.581268,0.626962,0.534044,0.49842,0.500512,0.418565,0.382394,0.303009
Height,p01_0026,0.891063,0.798719,0.758724,0.739634,0.675367,0.68642,0.572443,0.613177,0.531736,0.494072,0.520857,0.426405,0.387089,0.295179
Height,p01_0027,0.884369,0.807268,0.746662,0.714507,0.676616,0.714371,0.570791,0.62352,0.531297,0.51192,0.504969,0.427969,0.391808,0.311409
Height,p01_0028,0.880303,0.825347,0.767256,0.72686,0.676481,0.706982,0.559277,0.603584,0.529667,0.473018,0.512409,0.430754,0.367456,0.293112
Height,p01_0029,0.870707,0.80729,0.765477,0.723264,0.68144,0.677647,0.565415,0.606953,0.526323,0.503233,0.520373,0.422772,0.376526,0.297656
Height,p01_0030,0.868176,0.823903,0.746058,0.725186,0.671544,0.684353,0.57457,0.623472,0.520884,0.50194,0.509066,0.416354,0.381036,0.321213
Height,p01_0031,0.888751,0.815727,0.750673,0.728551,0.690765,0.698444,0.546532,0.638941,0.543941,0.489767,0.513189,0.40436,0.38141,0.302459
Height,p01_0032,0.876643,0.785234,0.751955,0.707528,0.67677,0.692283,0.56932,0.604749,0.519944,0.481512,0.512292,0.418671,0.375104,0.283074
Height,p01_0033,0.898196,0.798087,0.76628,0.725605,0.683506,0.69239,0.546179,0.600183,0.538553,0.4942,0.496472,0.426365,0.368583,0.297809
Height,p01_0034,0.859116,0.816969,0.762675,0.722569,0.677971,0.699837,0.579978,0.612918,0.534103,0.48193,0.523513,0.426771,0.384491,0.290552
Height,p01_0035,0.894297,0.813116,0.758534,0.73587,0.679609,0.684775,0.56152,0.621426,0.516345,0.498085,0.524868,0.421014,0.395905,0.294784
Height,p01_0036,0.871343,0.809621,0.760133,0.725386,0.686713,0.683826,0.561357,0.600038,0.540299,0.49993,0.519076,0.434468,0.381059,0.296876
Height,p01_0037,0.884492,0.801403,0.762425,0.709342,0.675605,0.693107,0.567463,0.609778,0.53,0.49834,0.521565,0.4094,0.376223,0.312226
Height,p01_0038,0.877323,0.813357,0.754042,0.720376,0.691716,0.713492,0.5705,0.617866,0.531795,0.500662,0.521755,0.43012,0.394992,0.302163
Height,p01_0039,0.87273,0.819209,0.765097,0.723372,0.672353,0.691524,0.571142,0.615643,0.534919,0.500494,0.495568,0.413782,0.374594,0.297472
Height,p01_0040,0.87885,0.807798,0.760685,0.735499,0.661136,0.715255,0.566561,0.603768,0.55049,0.484477,0.519839,0.412888,0.386045,0.295414
Height,p01_0041,0.856871,0.815128,0.735195,0.717862,0.687836,0.699847,0.558475,0.613661,0.529939,0.488424,0.510018,0.422634,0.404078,0.292718
Height,p01_0042,0.879642,0.802445,0.746028,0.731076,0.685044,0.689017,0.566911,0.627218,0.534701,0.501273,0.516103,0.411743,0.399248,0.29777
Height,p01_0043,0.88854,0.803317,0.758881,0.720411,0.697153,0.707573,0.571782,0.60634,0.526001,0.484702,0.508919,0.413717,0.379856,0.300805
Height,p01_0044,0.875283,0.815236,0.752223,0.713201,0.672782,0.692069,0.57626,0.614664,0.545233,0.507003,0.49765,0.400647,0.374127,0.296744
Height,p01_0045,0.883966,0.794923,0.738912,0.735795,0.670953,0.71084,0.579909,0.624435,0.539179,0.498203,0.504415,0.428125,0.394547,0.299629
Height,p01_0046,0.882531,0.791216,0.766968,0.715968,0.688284,0.69365,0.560626,0.624724,0.533718,0.480336,0.50782,0.407164,0.384503,0.32005
Height,p01_0047,0.883062,0.788837,0.755817,0.728425,0.692829,0.716274,0.56271,0.621376,0.547136,0.480343,0.500944,0.414817,0.40241,0.296827
Height,p01_0048,0.887987,0.804021,0.758982,0.725777,0.669611,0.701584,0.559256,0.618977,0.520719,0.482042,0.501325,0.404715,0.38579,0.300439
Height,p01_0049,0.898714,0.808616,0.778326,0.723643,0.678344,0.687653,0.578175,0.620161,0.533352,0.500478,0.511572,0.438748,0.392247,0.297243
Height,p01_0050,0.897782,0.802925,0.74645,0.717831,0.693967,0.696869,0.564105,0.621042,0.539648,0.503979,0.515265,0.409975,0.380974,0.323574
Height,p01_0051,0.875811,0.805299,0.744615,0.725335,0.663445,0.693803,0.550169,0.604983,0.517073,0.489376,0.524524,0.407212,0.390341,0.295553
Height,p01_0052,0.888266,0.811597,0.76082,0.720558,0.688884,0.698965,0.564126,0.616564,0.526143,0.502328,0.510905,0.418864,0.40455,0.297319
Height,p01_0053,0.8765,0.799883,0.762252,0.727229,0.673498,0.702111,0.575206,0.624106,0.536237,0.505414,0.509092,0.42015,0.36793,0.304928
Height,p01_0054,0.889398,0.803804,0.758138,0.738566,0.684468,0.696284,0.568031,0.643787,0.539912,0.500906,0.4989,0.424587,0.361663,0.307414
Intelligence,p02_0000,0.875283,0.826408,0.767623,0.710124,0.69876,0.592444,0.644371,0.523965,0.496559,0.460258,0.490454,0.422708,0.370293,0.285939
Intelligence,p02_0001,0.886806,0.827992,0.772391,0.723895,0.674566,0.60165,0.654599,0.534802,0.493811,0.46023,0.521247,0.422587,0.376204,0.328312
Intelligence,p02_0002,0.876912,0.821563,0.748571,0.740581,0.689375,0.617135,0.663946,0.530016,0.496243,0.467281,0.509593,0.41852,0.382244,0.306526
Intelligence,p02_0003,0.850504,0.829131,0.758417,0.723217,0.686768,0.602516,0.645351,0.507869,0.490034,0.45111,0.503809,0.418426,0.369942,0.288626
Intelligence,p02_0004,0.89181,0.801752,0.73861,0.72458,0.678134,0.602092,0.666264,0.512239,0.498121,0.446251,0.504681,0.414441,0.370819,0.305537
Intelligence,p02_0005,0.887992,0.815421,0.759501,0.724084,0.666774,0.61391,0.660425,0.529231,0.496885,0.455415,0.519394,0.42308,0.387751,0.291894
Intelligence,p02_0006,0.900978,0.812806,0.756989,0.738673,0.682883,0.605895,0.655087,0.52261,0.480481,0.441778,0.497783,0.428948,0.372198,0.293166
Intelligence,p02_0007,0.883986,0.817608,0.742897,0.711993,0.686752,0.607582,0.661826,0.537312,0.492256,0.459769,0.511659,0.417816,0.375884,0.291265
Intelligence,p02_0008,0.876313,0.818324,0.762486,0.715704,0.686475,0.595951,0.674888,0.518608,0.472858,0.451959,0.502165,0.40869,0.398909,0.316334
Intelligence,p02_0009,0.875382,0.816381,0.752804,0.717708,0.697243,0.60329,0.657441,0.525259,0.496739,0.442894,0.526128,0.426966,0.379154,0.27942
Intelligence,p02_0010,0.889765,0.825518,0.770686,0.72771,0.680372,0.602518,0.652952,0.53115,0.490997,0.435608,0.508569,0.422675,0.382128,0.283125
Intelligence,p02_0011,0.870727,0.810331,0.758786,0.742064,0.677568,0.590146,0.648852,0.531228,0.505119,0.46049,0.501569,0.405064,0.370523,0.297062
Intelligence,p02_0012,0.890454,0.811202,0.746808,0.72653,0.687758,0.599472,0.65093,0.539388,0.497104,0.444845,0.509825,0.419707,0.394881,0.289939
Intelligence,p02_0013,0.878055,0.809869,0.763079,0.708917,0.689276,0.601969,0.66889,0.527726,0.488609,0.452961,0.501039,0.420711,0.381896,0.290896
Intelligence,p02_0014,0.896701,0.797861,0.776637,0.730496,0.67536,0.604947,0.662175,0.524904,0.493058,0.462844,0.488128,0.424273,0.364211,0.296495
Intelligence,p02_0015,0.868414,0.814643,0.757165,0.728942,0.671435,0.627137,0.630006,0.515764,0.487235,0.45277,0.492537,0.419721,0.381518,0.297808
Intelligence,p02_0016,0.884783,0.833115,0.766088,0.722902,0.693772,0.581673,0.664229,0.518175,0.502675,0.452833,0.498205,0.4106,0.371828,0.297612
Intelligence,p02_0017,0.876393,0.82374,0.752361,0.711714,0.677774,0.597558,0.657995,0.527519,0.47216,0.454645,0.508032,0.419669,0.394054,0.291727
Intelligence,p02_0018,0.883708,0.81242,0.755267,0.725885,0.692882,0.587928,0.675933,0.51703,0.494227,0.457329,0.482144,0.428499,0.38418,0.310621
Intelligence,p02_0019,0.884118,0.817498,0.754137,0.72845,0.686561,0.614463,0.6541,0.519746,0.49463,0.446555,0.506668,0.427746,0.385549,0.301419
Intelligence,p02_0020,0.876107,0.815135,0.736591,0.709896,0.682598,0.607777,0.652526,0.51781,0.491727,0.455081,0.506495,0.406197,0.377089,0.285292
Intelligence,p02_0021,0.888811,0.827194,0.748439,0.734857,0.683188,0.615474,0.656344,0.535758,0.473212,0.444203,0.495867,0.427578,0.367679,0.300238
Intelligence,p02_0022,0.892788,0.811504,0.764218,0.69335,0.681034,0.606735,0.658428,0.532926,0.477737,0.443988,0.503174,0.428335,0.382755,0.294139
Intelligence,p02_0023,0.886135,0.802157,0.757634,0.73916,0.67378,0.588233,0.67026,0.53284,0.490331,0.448434,0.488243,0.412552,0.37454,0.295487
Intelligence,p02_0024,0.868435,0.80695,0.757158,0.733544,0.687403,0.58485,0.669767,0.524743,0.493343,0.45099,0.513912,0.42355,0.388099,0.301664
Intelligence,p02_0025,0.876537,0.806334,0.764526,0.72193,0.683663,0.598135,0.657177,0.549022,0.477609,0.456962,0.500194,0.406356,0.376751,0.308959
Intelligence,p02_0026,0.881973,0.818935,0.762696,0.735846,0.683091,0.603566,0.647178,0.516673,0.485877,0.442794,0.508382,0.434302,0.378314,0.304789
Intelligence,p02_0027,0.887426,0.803305,0.760854,0.721029,0.689578,0.617992,0.676928,0.537081,0.489289,0.45564,0.512531,0.404503,0.394082,0.274595
Intelligence,p02_0028,0.883857,0.806557,0.752391,0.71462,0.6826,0.608458,0.667427,0.520032,0.496466,0.453023,0.513631,0.411975,0.376111,0.301713
Intelligence,p02_0029,0.889583,0.804674,0.761698,0.70864,0.687179,0.610463,0.646822,0.525033,0.495971,0.45425,0.518321,0.407069,0.377643,0.300121
Intelligence,p02_0030,0.907319,0.82422,0.76346,0.724733,0.682413,0.601724,0.646765,0.509857,0.499898,0.460719,0.491066,0.408806,0.373694,0.302476
Intelligence,p02_0031,0.877401,0.804294,0.755534,0.717759,0.674678,0.600403,0.668976,0.510242,0.500208,0.44614,0.508735,0.42376,0.371154,0.307953
Intelligence,p02_0032,0.895181,0.820063,0.762432,0.698455,0.684283,0.596583,0.675626,0.530706,0.492883,0.464436,0.501552,0.403043,0.386203,0.303163
Intelligence,p02_0033,0.894973,0.817863,0.757598,0.73512,0.698046,0.598127,0.658162,0.527755,0.474099,0.428165,0.526808,0.413466,0.384472,0.294671
Intelligence,p02_0034,0.872273,0.812714,0.770089,0.716633,0.689816,0.61779,0.678359,0.523181,0.485962,0.46239,0.501256,0.414376,0.371888,0.294133
Intelligence,p02_0035,0.904034,0.824061,0.761283,0.724362,0.682295,0.588273,0.642228,0.520233,0.487655,0.451873,0.520845,0.411647,0.380112,0.300035
Intelligence,p02_0036,0.885701,0.844232,0.751528,0.722141,0.678824,0.59736,0.646766,0.508293,0.490069,0.470621,0.518732,0.420677,0.393181,0.321676
Intelligence,p02_0037,0.877332,0.824719,0.744561,0.725981,0.682433,0.5924,0.669407,0.533627,0.491406,0.448988,0.499713,0.412633,0.379821,0.304653
Intelligence,p02_0038,0.872577,0.812953,0.757819,0.699305,0.670567,0.618222,0.662318,0.525573,0.489835,0.459136,0.506123,0.418562,0.376173,0.301741
Intelligence,p02_0039,0.884779,0.823403,0.773362,0.726461,0.679569,0.593283,0.657029,0.520771,0.492403,0.458379,0.499721,0.424626,0.383443,0.295791
Intelligence,p02_0040,0.871754,0.820376,0.759133,0.723371,0.682266,0.593397,0.660807,0.526964,0.488739,0.452603,0.496027,0.419087,0.378888,0.309088
Intelligence,p02_0041,0.878151,0.821106,0.754448,0.71062,0.674891,0.603845,0.673065,0.528086,0.476735,0.453622,0.504888,0.418426,0.371178,0.300183
Intelligence,p02_0042,0.879981,0.83939,0.754039,0.721363,0.702577,0.605149,0.664374,0.520126,0.485546,0.436941,0.513728,0.426878,0.386352,0.290267
Intelligence,p02_0043,0.87892,0.813094,0.764624,0.725151,0.682202,0.588772,0.665316,0.50708,0.48467,0.456228,0.516008,0.416501,0.370347,0.293788
Intelligence,p02_0044,0.878353,0.811581,0.749763,0.737598,0.67668,0.594927,0.654003,0.512784,0.491178,0.464164,0.527809,0.419436,0.379332,0.294271
Intelligence,p02_0045,0.881364,0.828851,0.750788,0.735047,0.692249,0.592384,0.649285,0.529502,0.485349,0.431127,0.526487,0.42007,0.375095,0.299346
Intelligence,p02_0046,0.896665,0.821588,0.763847,0.703196,0.683911,0.599773,0.642309,0.529049,0.491376,0.449949,0.501008,0.42407,0.372752,0.292612
Intelligence,p02_0047,0.8915,0.839449,0.768667,0.712499,0.707873,0.600343,0.651202,0.533653,0.481217,0.455422,0.520006,0.422246,0.378087,0.300713
Intelligence,p02_0048,0.884958,0.809609,0.762479,0.728667,0.66408,0.60094,0.659244,0.510495,0.475604,0.455407,0.517534,0.427806,0.372706,0.306635
Intelligence,p02_0049,0.8871,0.811363,0.751273,0.737593,0.681876,0.611817,0.665714,0.525441,0.483731,0.449622,0.499349,0.405957,0.381069,0.297154
Intelligence,p02_0050,0.896979,0.819709,0.768852,0.723379,0.668116,0.587254,0.647689,0.534066,0.487952,0.453225,0.515578,0.408505,0.384507,0.307047
Intelligence,p02_0051,0.879976,0.810274,0.747386,0.738125,0.687093,0.610845,0.652982,0.527449,0.479299,0.43982,0.52237,0.420117,0.383165,0.307603
Intelligence,p02_0052,0.882203,0.810579,0.75111,0.729408,0.688328,0.603709,0.661028,0.519626,0.493694,0.453876,0.506892,0.414932,0.369049,0.300633
Intelligence,p02_0053,0.875444,0.827408,0.768501,0.707243,0.677057,0.606074,0.657881,0.528136,0.486446,0.445304,0.52399,0.41729,0.388026,0.326483
Intelligence,p02_0054,0.892504,0.806881,0.761796,0.719014,0.669371,0.589108,0.654226,0.530847,0.479071,0.4517,0.485241,0.431089,0.366722,0.312076
Systolic Blood Pressure,p03_0000,0.883672,0.822416,0.793078,0.737676,0.735209,0.598881,0.558082,0.569536,0.486845,0.565491,0.416645,0.38106,0.379186,0.296891
Systolic Blood Pressure,p03_0001,0.88668,0.825094,0.829621,0.747252,0.718337,0.597084,0.57323,0.56228,0.508904,0.547012,0.42229,0.363678,0.379836,0.287155
Systolic Blood Pressure,p03_0002,0.88014,0.812958,0.813309,0.730096,0.738711,0.581197,0.548746,0.578552,0.484781,0.545263,0.405324,0.380366,0.363891,0.296484
Systolic Blood Pressure,p03_0003,0.883734,0.808158,0.815477,0.748989,0.718515,0.601091,0.569195,0.574519,0.495841,0.570235,0.41356,0.382575,0.405498,0.287055
Systolic Blood Pressure,p03_0004,0.885403,0.825346,0.803792,0.736356,0.737777,0.604495,0.552895,0.575342,0.490216,0.543665,0.416279,0.375988,0.384661,0.316584
Systolic Blood Pressure,p03_0005,0.888449,0.812084,0.807908,0.729041,0.730093,0.594079,0.578553,0.565703,0.467241,0.542823,0.421356,0.367786,0.364276,0.303477
Systolic Blood Pressure,p03_0006,0.88388,0.839954,0.78997,0.738094,0.719156,0.589504,0.557196,0.571155,0.481899,0.559122,0.417699,0.36657,0.379562,0.300946
Systolic Blood Pressure,p03_0007,0.889703,0.807734,0.804177,0.749932,0.724329,0.600466,0.561361,0.574031,0.483416,0.536351,0.410148,0.37926,0.38607,0.287745
Systolic Blood Pressure,p03_0008,0.881761,0.805793,0.820417,0.73345,0.734926,0.590205,0.579406,0.566589,0.464852,0.54146,0.418088,0.362218,0.38091,0.29465
Systolic Blood Pressure,p03_0009,0.870998,0.804392,0.800989,0.757623,0.726763,0.602857,0.572226,0.5782,0.492881,0.550044,0.40358,0.377839,0.388164,0.308538
Systolic Blood Pressure,p03_0010,0.877696,0.809546,0.813711,0.733768,0.724672,0.602868,0.566495,0.558354,0.484588,0.554714,0.41533,0.377602,0.378467,0.308
Systolic Blood Pressure,p03_0011,0.879417,0.810991,0.800011,0.74032,0.735656,0.603805,0.547681,0.554468,0.475746,0.531812,0.426454,0.385606,0.373196,0.299216
Systolic Blood Pressure,p03_0012,0.878442,0.819821,0.809206,0.738588,0.732742,0.596546,0.549507,0.586459,0.483137,0.551943,0.408058,0.371413,0.361785,0.314996
Systolic Blood Pressure,p03_0013,0.869999,0.799594,0.821611,0.742981,0.752207,0.606286,0.569744,0.558041,0.488361,0.545537,0.409918,0.390224,0.374889,0.296919
Systolic Blood Pressure,p03_0014,0.894625,0.823368,0.813089,0.74138,0.739151,0.622753,0.575687,0.576295,0.484583,0.536303,0.433513,0.368245,0.385284,0.303535
Systolic Blood Pressure,p03_0015,0.87434,0.800658,0.80196,0.738979,0.736474,0.61481,0.560161,0.575989,0.492471,0.539737,0.416725,0.373358,0.37986,0.305
Systolic Blood Pressure,p03_0016,0.903438,0.83213,0.79588,0.74522,0.734225,0.574036,0.55001,0.568826,0.492692,0.531096,0.423508,0.374462,0.384846,0.303891
Systolic Blood Pressure,p03_0017,0.891467,0.835072,0.795201,0.761236,0.730276,0.589852,0.555698,0.578366,0.487631,0.54662,0.412597,0.383334,0.376671,0.300767
Systolic Blood Pressure,p03_0018,0.892448,0.81244,0.813263,0.759232,0.754612,0.593214,0.572954,0.572182,0.50204,0.539145,0.421381,0.354634,0.372989,0.29135
Systolic Blood Pressure,p03_0019,0.880516,0.810685,0.790008,0.749187,0.726296,0.612014,0.552831,0.568867,0.486917,0.543991,0.407616,0.385546,0.373279,0.30764
Systolic Blood Pressure,p03_0020,0.885958,0.83801,0.826343,0.748865,0.737169,0.601845,0.566554,0.582955,0.488597,0.539323,0.42011,0.383924,0.375597,0.290425
Systolic Blood Pressure,p03_0021,0.890726,0.820707,0.81581,0.743848,0.728514,0.602167,0.562382,0.56596,0.4966,0.54446,0.417462,0.361326,0.367812,0.305056
Systolic Blood Pressure,p03_0022,0.879456,0.828158,0.805168,0.741443,0.728376,0.583948,0.562306,0.575738,0.509742,0.55515,0.421295,0.381429,0.404328,0.297813
Systolic Blood Pressure,p03_0023,0.89291,0.832106,0.816803,0.741773,0.742742,0.61436,0.540835,0.572854,0.503816,0.550374,0.403345,0.372143,0.377371,0.296868
Systolic Blood Pressure,p03_0024,0.88405,0.807495,0.811398,0.734649,0.72983,0.620479,0.581406,0.573485,0.507124,0.55431,0.419086,0.369106,0.377246,0.298793
Systolic Blood Pressure,p03_0025,0.875348,0.808979,0.805853,0.737356,0.745304,0.6072,0.558534,0.566514,0.501462,0.533432,0.419152,0.378407,0.376656,0.30918
Systolic Blood Pressure,p03_0026,0.866838,0.816816,0.804548,0.731184,0.739369,0.606088,0.553996,0.573498,0.487652,0.552458,0.416411,0.386012,0.372195,0.308333
Systolic Blood Pressure,p03_0027,0.881955,0.806803,0.813911,0.742627,0.723893,0.584384,0.55897,0.559122,0.497102,0.555905,0.40613,0.376093,0.364984,0.283694
Systolic Blood Pressure,p03_0028,0.895234,0.832911,0.812712,0.756217,0.74051,0.608486,0.560871,0.57788,0.482467,0.539015,0.425203,0.376315,0.379867,0.288099
Systolic Blood Pressure,p03_0029,0.871233,0.816592,0.819201,0.72926,0.726662,0.608969,0.552788,0.562907,0.496853,0.532417,0.409311,0.373378,0.38806,0.287946
Systolic Blood Pressure,p03_0030,0.87839,0.833352,0.81155,0.74668,0.738731,0.602556,0.571875,0.563634,0.484389,0.528979,0.395651,0.364786,0.391888,0.296386
Systolic Blood Pressure,p03_0031,0.879084,0.824992,0.800429,0.734361,0.732963,0.607229,0.572818,0.56974,0.481745,0.559432,0.410167,0.377786,0.37499,0.289345
Systolic Blood Pressure,p03_0032,0.893522,0.811295,0.814029,0.725994,0.743618,0.592076,0.579092,0.561642,0.495086,0.554637,0.410941,0.387265,0.367027,0.313002
Systolic Blood Pressure,p03_0033,0.898911,0.832533,0.815608,0.732801,0.730561,0.605736,0.564571,0.55794,0.496702,0.554876,0.411487,0.357315,0.378064,0.282032
Systolic Blood Pressure,p03_0034,0.895041,0.827457,0.815269,0.750505,0.719585,0.599388,0.569888,0.565436,0.495419,0.559081,0.421848,0.349388,0.384157,0.282506
Systolic Blood Pressure,p03_0035,0.878051,0.811435,0.800064,0.738919,0.740647,0.597977,0.562093,0.585076,0.476072,0.544928,0.404277,0.388461,0.383129,0.294535
Systolic Blood Pressure,p03_0036,0.881854,0.826997,0.803642,0.739038,0.742332,0.600908,0.5629,0.552302,0.481705,0.538616,0.413315,0.383181,0.380528,0.291458
Systolic Blood Pressure,p03_0037,0.887742,0.822363,0.796401,0.745565,0.739466,0.609466,0.576091,0.565186,0.490525,0.521052,0.404442,0.369438,0.396949,0.299667
Systolic Blood Pressure,p03_0038,0.89613,0.840324,0.814741,0.749231,0.729809,0.609405,0.571851,0.549005,0.484725,0.538156,0.414974,0.359172,0.371689,0.317284
Systolic Blood Pressure,p03_0039,0.88159,0.814521,0.804818,0.716567,0.728751,0.609846,0.578558,0.572754,0.490723,0.525872,0.418087,0.362303,0.365017,0.285693
Systolic Blood Pressure,p03_0040,0.883651,0.816728,0.79948,0.735582,0.7274,0.59924,0.562359,0.573788,0.486603,0.554601,0.410257,0.38631,0.3789,0.298837
Systolic Blood Pressure,p03_0041,0.898216,0.812741,0.809314,0.732225,0.72116,0.592312,0.541712,0.56478,0.487363,0.549412,0.420229,0.363562,0.390704,0.29084
Systolic Blood Pressure,p03_0042,0.881298,0.810087,0.79642,0.745084,0.740645,0.605304,0.566352,0.578433,0.497312,0.543492,0.417527,0.375677,0.394424,0.29477
Systolic Blood Pressure,p03_0043,0.885024,0.805496,0.807565,0.737244,0.718692,0.607041,0.567556,0.585087,0.490696,0.547522,0.416099,0.388708,0.381498,0.306365
Systolic Blood Pressure,p03_0044,0.876137,0.80969,0.817846,0.732575,0.729305,0.597683,0.577457,0.566103,0.498275,0.549701,0.413643,0.375918,0.382377,0.297409
Systolic Blood Pressure,p03_0045,0.881572,0.801279,0.812891,0.745033,0.728861,0.611922,0.560628,0.578071,0.500038,0.541687,0.430096,0.361241,0.387976,0.303683
Systolic Blood Pressure,p03_0046,0.880476,0.828347,0.795568,0.740759,0.734965,0.599894,0.562597,0.573102,0.492306,0.54498,0.40535,0.357832,0.372633,0.289054
Systolic Blood Pressure,p03_0047,0.887192,0.822537,0.810956,0.748203,0.740871,0.608405,0.568221,0.587399,0.492859,0.546361,0.413936,0.377054,0.367929,0.299825
Systolic Blood Pressure,p03_0048,0.886354,0.827619,0.804462,0.730513,0.734465,0.629731,0.551381,0.580091,0.474571,0.535208,0.420362,0.377555,0.364742,0.309495
Systolic Blood Pressure,p03_0049,0.894994,0.8342,0.821787,0.738322,0.727124,0.609615,0.568333,0.573169,0.497285,0.553163,0.431059,0.363866,0.385008,0.301574
Systolic Blood Pressure,p03_0050,0.874775,0.838321,0.79527,0.73926,0.735112,0.59059,0.584262,0.559771,0.496602,0.531807,0.423905,0.377811,0.379023,0.314053
Systolic Blood Pressure,p03_0051,0.874937,0.822285,0.818668,0.732511,0.720825,0.605179,0.583751,0.580212,0.453332,0.550632,0.415743,0.377355,0.361019,0.305658
Systolic Blood Pressure,p03_0052,0.873927,0.816725,0.793901,0.751881,0.739688,0.5997,0.560804,0.563462,0.48516,0.546426,0.421499,0.380523,0.390865,0.285087
Systolic Blood Pressure,p03_0053,0.898619,0.804947,0.817508,0.756523,0.727418,0.599586,0.543089,0.559346,0.480899,0.543839,0.413986,0.379916,0.374243,0.300242
Systolic Blood Pressure,p03_0054,0.883352,0.823557,0.782546,0.726444,0.740433,0.605407,0.558769,0.550414,0.500357,0.541072,0.407442,0.385791,0.365284,0.298484
Hemoglobin A1c,p04_0000,0.881514,0.803485,0.76264,0.750499,0.693578,0.612442,0.663257,0.508673,0.584329,0.482151,0.406329,0.356711,0.318511,0.31567
Hemoglobin A1c,p04_0001,0.903247,0.794191,0.774708,0.77157,0.68265,0.600105,0.647277,0.515734,0.576307,0.488648,0.42248,0.377982,0.340034,0.312008
Hemoglobin A1c,p04_0002,0.896216,0.799076,0.735563,0.778003,0.679873,0.585346,0.648653,0.533563,0.584823,0.502287,0.419947,0.363707,0.3402,0.302681
Hemoglobin A1c,p04_0003,0.892761,0.802945,0.747168,0.76995,0.686516,0.610596,0.655797,0.520673,0.588685,0.480742,0.406367,0.365525,0.320705,0.289763
Hemoglobin A1c,p04_0004,0.888955,0.773156,0.744693,0.776956,0.670721,0.585025,0.677847,0.530232,0.574579,0.499021,0.421104,0.37286,0.345105,0.312759
Hemoglobin A1c,p04_0005,0.894042,0.800888,0.743845,0.757856,0.681375,0.602478,0.662463,0.538496,0.58555,0.498406,0.417816,0.378961,0.346191,0.311096
Hemoglobin A1c,p04_0006,0.871464,0.797259,0.764428,0.776859,0.696538,0.611505,0.654545,0.527122,0.580886,0.495709,0.418566,0.35629,0.334053,0.299998
Hemoglobin A1c,p04_0007,0.897326,0.791847,0.765517,0.759975,0.691764,0.617612,0.644584,0.528382,0.570531,0.506168,0.415816,0.365876,0.332099,0.310487
Hemoglobin A1c,p04_0008,0.879614,0.808599,0.756535,0.77497,0.687504,0.586249,0.639524,0.536346,0.60078,0.492723,0.409385,0.385342,0.342886,0.314028
Hemoglobin A1c,p04_0009,0.898111,0.796098,0.762524,0.791136,0.690683,0.609206,0.657222,0.542452,0.56907,0.493989,0.427777,0.376243,0.341047,0.295438
Hemoglobin A1c,p04_0010,0.903258,0.798292,0.754182,0.779909,0.701271,0.609127,0.665885,0.514769,0.586426,0.497034,0.410166,0.363466,0.344137,0.287942
Hemoglobin A1c,p04_0011,0.884911,0.80056,0.763448,0.781054,0.678416,0.618656,0.658059,0.549803,0.591643,0.508252,0.416413,0.37851,0.338025,0.290333
Hemoglobin A1c,p04_0012,0.866918,0.795454,0.759073,0.761354,0.672429,0.595,0.65947,0.538976,0.569412,0.49027,0.425976,0.367947,0.334402,0.292538
Hemoglobin A1c,p04_0013,0.890167,0.793575,0.771495,0.778832,0.687403,0.604219,0.66434,0.541258,0.573118,0.486183,0.407324,0.37512,0.329307,0.304939
Hemoglobin A1c,p04_0014,0.885589,0.814848,0.764227,0.783942,0.676732,0.60473,0.661617,0.506189,0.563346,0.513142,0.397513,0.395789,0.351014,0.287126
Hemoglobin A1c,p04_0015,0.878982,0.797598,0.77183,0.767197,0.68545,0.601524,0.681108,0.535772,0.594326,0.491936,0.420693,0.377884,0.334149,0.299283
Hemoglobin A1c,p04_0016,0.902313,0.781056,0.75022,0.771189,0.686962,0.596317,0.650764,0.527032,0.591035,0.484609,0.418973,0.359551,0.337203,0.310202
Hemoglobin A1c,p04_0017,0.885658,0.790284,0.752676,0.776413,0.702042,0.603592,0.661038,0.517504,0.577823,0.472291,0.415217,0.394273,0.334425,0.298092
Hemoglobin A1c,p04_0018,0.899638,0.80738,0.74891,0.769859,0.679237,0.583122,0.662175,0.529315,0.575364,0.491481,0.405231,0.382102,0.349475,0.298699
Hemoglobin A1c,p04_0019,0.873902,0.790971,0.753195,0.770289,0.68493,0.591681,0.644691,0.53226,0.581276,0.503679,0.436756,0.369052,0.348705,0.288842
Hemoglobin A1c,p04_0020,0.889135,0.795849,0.768428,0.767503,0.672303,0.599603,0.676792,0.534245,0.586662,0.473372,0.423757,0.371358,0.320888,0.294151
Hemoglobin A1c,p04_0021,0.875382,0.7998,0.761672,0.773602,0.673163,0.590717,0.657094,0.544776,0.5802,0.489248,0.419872,0.348736,0.333533,0.310714
Hemoglobin A1c,p04_0022,0.871995,0.791417,0.778988,0.757574,0.671772,0.623458,0.648729,0.519887,0.594143,0.503947,0.395158,0.385918,0.340604,0.317415
Hemoglobin A1c,p04_0023,0.887062,0.789961,0.758422,0.789129,0.686397,0.599358,0.664193,0.528352,0.591816,0.497693,0.41299,0.359337,0.327184,0.29364
Hemoglobin A1c,p04_0024,0.864739,0.794078,0.743723,0.766778,0.670021,0.595188,0.656829,0.524909,0.575732,0.490661,0.407951,0.380337,0.349568,0.304765
Hemoglobin A1c,p04_0025,0.88278,0.790522,0.76444,0.761108,0.701878,0.598545,0.661954,0.525592,0.576696,0.486836,0.408201,0.373044,0.341945,0.303959
Hemoglobin A1c,p04_0026,0.881966,0.805872,0.767951,0.774673,0.696476,0.590435,0.641493,0.528915,0.587365,0.503236,0.414836,0.37934,0.328028,0.302044
Hemoglobin A1c,p04_0027,0.885998,0.816008,0.744703,0.749489,0.664223,0.596331,0.665614,0.532215,0.578467,0.496923,0.402569,0.3884,0.342102,0.298453
Hemoglobin A1c,p04_0028,0.862422,0.800004,0.751013,0.771476,0.684932,0.615396,0.659457,0.521522,0.570471,0.493322,0.41591,0.375966,0.33196,0.309851
Hemoglobin A1c,p04_0029,0.892718,0.794785,0.762672,0.761204,0.681891,0.605085,0.671404,0.516829,0.596506,0.486367,0.420397,0.389976,0.339892,0.282876
Hemoglobin A1c,p04_0030,0.89352,0.782262,0.746946,0.760601,0.682042,0.591026,0.665055,0.518258,0.590344,0.489873,0.435569,0.379361,0.3603,0.315003
Hemoglobin A1c,p04_0031,0.892066,0.808067,0.751867,0.772949,0.688112,0.608523,0.667049,0.54307,0.5855,0.504179,0.422815,0.365554,0.343078,0.313385
Hemoglobin A1c,p04_0032,0.878702,0.79072,0.730977,0.757081,0.676368,0.594338,0.64568,0.502416,0.587583,0.492018,0.407311,0.359217,0.338987,0.289925
Hemoglobin A1c,p04_0033,0.894198,0.807646,0.767382,0.764093,0.675138,0.59648,0.641354,0.532403,0.565174,0.51376,0.414264,0.370285,0.341151,0.307676
Hemoglobin A1c,p04_0034,0.903374,0.792048,0.767429,0.773306,0.68006,0.622019,0.668616,0.522702,0.575798,0.488849,0.407164,0.386632,0.343537,0.292284
Hemoglobin A1c,p04_0035,0.879092,0.777359,0.760081,0.767919,0.673429,0.591376,0.664008,0.503727,0.588156,0.496413,0.423081,0.365317,0.3469,0.314993
Hemoglobin A1c,p04_0036,0.891242,0.788222,0.760483,0.774207,0.686627,0.621191,0.676745,0.542885,0.565158,0.494816,0.409379,0.385314,0.321507,0.302887
Hemoglobin A1c,p04_0037,0.888727,0.800967,0.747839,0.790191,0.678021,0.611181,0.668502,0.513211,0.581809,0.478414,0.419561,0.368897,0.339115,0.306749
Hemoglobin A1c,p04_0038,0.894384,0.795115,0.760924,0.773473,0.691272,0.594804,0.668275,0.541299,0.575187,0.485614,0.410799,0.371653,0.326743,0.309509
Hemoglobin A1c,p04_0039,0.885511,0.796674,0.7486,0.784418,0.694942,0.612294,0.663766,0.524237,0.589673,0.491759,0.410159,0.394454,0.335534,0.296273
Hemoglobin A1c,p04_0040,0.887146,0.80308,0.744967,0.762204,0.692969,0.598421,0.645454,0.527349,0.57818,0.497312,0.412416,0.373225,0.331045,0.301446
Hemoglobin A1c,p04_0041,0.883782,0.788751,0.755995,0.758762,0.69598,0.582805,0.642964,0.523009,0.561624,0.492547,0.423222,0.387908,0.33708,0.303393
Hemoglobin A1c,p04_0042,0.873729,0.807085,0.75457,0.783232,0.674398,0.591534,0.654782,0.537203,0.56086,0.517325,0.407066,0.365524,0.340831,0.320294
Hemoglobin A1c,p04_0043,0.884371,0.784768,0.769187,0.776681,0.681099,0.595524,0.657851,0.51889,0.580694,0.500705,0.407574,0.385317,0.341205,0.307219
Hemoglobin A1c,p04_0044,0.911213,0.812012,0.751025,0.768822,0.670057,0.589873,0.669293,0.522852,0.574336,0.499916,0.426961,0.362984,0.330314,0.315248
Hemoglobin A1c,p04_0045,0.891358,0.769491,0.759503,0.775864,0.68504,0.597814,0.640326,0.53238,0.597796,0.514123,0.431793,0.389521,0.33746,0.296033
Hemoglobin A1c,p04_0046,0.877322,0.806071,0.756523,0.772254,0.706444,0.601483,0.660168,0.516025,0.58748,0.488185,0.41423,0.365674,0.329798,0.298951
Hemoglobin A1c,p04_0047,0.892518,0.797115,0.746975,0.772843,0.678678,0.594744,0.641902,0.516552,0.582318,0.494056,0.414848,0.382784,0.344861,0.315602
Hemoglobin A1c,p04_0048,0.888505,0.796943,0.773426,0.768984,0.695697,0.600901,0.657233,0.528565,0.583576,0.49917,0.400432,0.374315,0.336846,0.293972
Hemoglobin A1c,p04_0049,0.880903,0.792207,0.757356,0.758561,0.654938,0.595077,0.676575,0.534285,0.575195,0.500289,0.418774,0.369469,0.333175,0.294434
Hemoglobin A1c,p04_0050,0.892586,0.813361,0.753322,0.779159,0.685036,0.604583,0.662517,0.519049,0.600682,0.506999,0.413723,0.376574,0.355595,0.302533
Hemoglobin A1c,p04_0051,0.876356,0.786835,0.759184,0.768555,0.686302,0.595038,0.668147,0.543263,0.576913,0.49372,0.419644,0.371687,0.32535,0.301485
Hemoglobin A1c,p04_0052,0.89408,0.796098,0.761993,0.768534,0.688002,0.595773,0.667097,0.511187,0.578034,0.492507,0.401184,0.391583,0.324312,0.309308
Hemoglobin A1c,p04_0053,0.884784,0.794854,0.764596,0.777513,0.680475,0.580865,0.661731,0.519286,0.578906,0.481171,0.413792,0.389941,0.338664,0.281582
Hemoglobin A1c,p04_0054,0.883527,0.803128,0.754017,0.768971,0.680576,0.596896,0.641572,0.532826,0.568845,0.497825,0.425663,0.381111,0.320933,0.305822
Cholesterol,p05_0000,0.791352,0.829751,0.759271,0.717505,0.685081,0.654258,0.592391,0.566148,0.482732,0.460267,0.460663,0.420841,0.417234,0.344829
Cholesterol,p05_0001,0.774225,0.805124,0.770948,0.71481,0.688371,0.648407,0.608386,0.559966,0.492836,0.435402,0.467554,0.417062,0.421767,0.34124
Cholesterol,p05_0002,0.772836,0.810726,0.778185,0.718717,0.680198,0.650393,0.586379,0.574389,0.486153,0.452048,0.46355,0.431691,0.423875,0.34039
Cholesterol,p05_0003,0.791416,0.818667,0.752324,0.713196,0.675914,0.643778,0.605095,0.552661,0.502559,0.444144,0.451181,0.39288,0.441101,0.347145
Cholesterol,p05_0004,0.783133,0.825533,0.759714,0.73405,0.683596,0.641676,0.598172,0.568669,0.486432,0.465458,0.465577,0.413061,0.439518,0.359026
Cholesterol,p05_0005,0.814081,0.805821,0.749573,0.729816,0.6699,0.633952,0.614016,0.566936,0.471443,0.459568,0.440466,0.426802,0.43822,0.341612
Cholesterol,p05_0006,0.792428,0.804652,0.743475,0.716606,0.688471,0.653442,0.617445,0.568913,0.480125,0.46789,0.457863,0.424138,0.432184,0.331584
Cholesterol,p05_0007,0.78899,0.814424,0.757983,0.708418,0.673842,0.666638,0.583933,0.581985,0.492063,0.444022,0.466281,0.430851,0.419057,0.32164
Cholesterol,p05_0008,0.79973,0.825291,0.744383,0.724861,0.690475,0.637353,0.602034,0.562317,0.501684,0.464292,0.441818,0.421546,0.426737,0.354362
Cholesterol,p05_0009,0.802623,0.807605,0.747871,0.722507,0.682827,0.64642,0.606019,0.565681,0.506001,0.459882,0.443041,0.419165,0.434917,0.349411
Cholesterol,p05_0010,0.776425,0.799738,0.738709,0.722042,0.687387,0.655493,0.582622,0.556708,0.501706,0.454762,0.463169,0.399813,0.417195,0.32479
Cholesterol,p05_0011,0.811785,0.820264,0.747136,0.703944,0.671739,0.639036,0.608193,0.579731,0.481416,0.442634,0.461865,0.417038,0.416886,0.339813
Cholesterol,p05_0012,0.780306,0.829489,0.771201,0.722051,0.692819,0.647598,0.610051,0.571811,0.486875,0.457635,0.451115,0.427082,0.420729,0.345576
Cholesterol,p05_0013,0.797682,0.803475,0.761869,0.718062,0.701205,0.654082,0.592721,0.573685,0.495168,0.478768,0.484385,0.424594,0.441002,0.349065
Cholesterol,p05_0014,0.803257,0.834781,0.759543,0.734145,0.675189,0.624222,0.597075,0.582484,0.488338,0.442736,0.453646,0.409077,0.422188,0.353024
Cholesterol,p05_0015,0.77721,0.824205,0.751655,0.706996,0.678488,0.656303,0.58892,0.558024,0.47556,0.455076,0.450847,0.424948,0.429893,0.34009
Cholesterol,p05_0016,0.793716,0.808135,0.764188,0.730614,0.662666,0.626701,0.606582,0.562827,0.494223,0.455202,0.453344,0.417873,0.438608,0.333401
Cholesterol,p05_0017,0.781576,0.818083,0.768687,0.716359,0.672857,0.650692,0.61627,0.569811,0.481519,0.45544,0.451416,0.427503,0.433834,0.356425
Cholesterol,p05_0018,0.791212,0.816757,0.765735,0.725833,0.672405,0.656445,0.592685,0.574943,0.492305,0.455917,0.452904,0.416578,0.422449,0.347901
Cholesterol,p05_0019,0.7847,0.826177,0.768205,0.738639,0.691512,0.648301,0.5915,0.547495,0.481847,0.444115,0.457279,0.407925,0.44319,0.348686
Cholesterol,p05_0020,0.780135,0.815393,0.754525,0.715167,0.683421,0.63178,0.605039,0.559227,0.497826,0.448019,0.468421,0.417454,0.427461,0.358265
Cholesterol,p05_0021,0.793421,0.814044,0.734916,0.72416,0.702433,0.654419,0.605897,0.565675,0.50193,0.454629,0.456192,0.414905,0.42652,0.347449
Cholesterol,p05_0022,0.793653,0.808165,0.766769,0.738927,0.696475,0.630204,0.591436,0.573072,0.496585,0.467124,0.452956,0.409631,0.423805,0.333981
Cholesterol,p05_0023,0.786792,0.806948,0.767956,0.718399,0.66234,0.64162,0.605043,0.558155,0.490163,0.453003,0.469404,0.419464,0.420468,0.332506
Cholesterol,p05_0024,0.803537,0.822862,0.76987,0.739178,0.683871,0.646528,0.608544,0.545841,0.503846,0.447639,0.451083,0.408361,0.43198,0.34185
Cholesterol,p05_0025,0.791979,0.827894,0.769346,0.72155,0.673645,0.643684,0.589244,0.565439,0.497201,0.448676,0.446068,0.440715,0.443956,0.359679
Cholesterol,p05_0026,0.779338,0.809605,0.765222,0.732157,0.695667,0.652796,0.601057,0.582669,0.48957,0.453572,0.460622,0.428361,0.437654,0.331165
Cholesterol,p05_0027,0.789477,0.806911,0.76461,0.72048,0.672814,0.651324,0.609839,0.562257,0.494429,0.466534,0.44888,0.421317,0.426667,0.349999
Cholesterol,p05_0028,0.799028,0.813051,0.756109,0.726399,0.679322,0.643654,0.604796,0.576617,0.47959,0.438395,0.46635,0.421981,0.428275,0.338156
Cholesterol,p05_0029,0.817285,0.808049,0.758484,0.726814,0.675483,0.645367,0.593926,0.536201,0.487738,0.460432,0.450043,0.416386,0.456712,0.339176
Cholesterol,p05_0030,0.794657,0.815865,0.780206,0.717361,0.670466,0.650944,0.592636,0.561321,0.47496,0.454682,0.473379,0.40531,0.417085,0.338011
Cholesterol,p05_0031,0.780366,0.820177,0.765952,0.727051,0.668198,0.63292,0.592089,0.578845,0.48457,0.443204,0.431049,0.412563,0.441096,0.345044
Cholesterol,p05_0032,0.798124,0.830078,0.750709,0.723308,0.679761,0.659317,0.613583,0.558186,0.49054,0.454607,0.458465,0.400975,0.444247,0.343198
Cholesterol,p05_0033,0.768409,0.819738,0.757143,0.72611,0.68868,0.648346,0.60091,0.569397,0.4808,0.441858,0.4499,0.417428,0.441903,0.35981
Cholesterol,p05_0034,0.811425,0.815709,0.765618,0.719192,0.706765,0.648982,0.606458,0.575369,0.468571,0.457382,0.459896,0.389408,0.412179,0.351946
Cholesterol,p05_0035,0.791128,0.822836,0.764587,0.741464,0.678726,0.653931,0.595959,0.565027,0.492623,0.444984,0.463437,0.412992,0.419223,0.324324
Cholesterol,p05_0036,0.785281,0.822054,0.764611,0.727822,0.708341,0.641553,0.586349,0.569101,0.493458,0.436673,0.454036,0.406757,0.444319,0.353964
Cholesterol,p05_0037,0.765302,0.818268,0.753537,0.739348,0.675573,0.647062,0.601441,0.559958,0.497884,0.458119,0.447409,0.40044,0.443691,0.33962
Cholesterol,p05_0038,0.788571,0.812531,0.771125,0.712973,0.68043,0.642502,0.598562,0.58492,0.488514,0.449262,0.453284,0.408706,0.430479,0.336953
Cholesterol,p05_0039,0.785119,0.799331,0.751591,0.728534,0.683311,0.634493,0.600456,0.570634,0.497961,0.446576,0.452226,0.405634,0.442581,0.341089
Cholesterol,p05_0040,0.784701,0.818733,0.763524,0.7226,0.674101,0.648855,0.59114,0.586016,0.484363,0.451334,0.471073,0.42756,0.419312,0.34384
Cholesterol,p05_0041,0.793752,0.811965,0.75807,0.718163,0.69237,0.658125,0.596519,0.564267,0.471504,0.427203,0.442459,0.430108,0.425439,0.322858
Cholesterol,p05_0042,0.80133,0.81056,0.744249,0.721767,0.686912,0.665044,0.615873,0.572714,0.477567,0.443754,0.450062,0.417431,0.44049,0.350267
Cholesterol,p05_0043,0.786689,0.812984,0.752794,0.707122,0.70163,0.655999,0.604017,0.55191,0.489746,0.457317,0.439642,0.413109,0.440366,0.344189
Cholesterol,p05_0044,0.817639,0.821992,0.751983,0.737084,0.676285,0.652973,0.622053,0.57854,0.492828,0.450151,0.468202,0.417546,0.441213,0.329627
Cholesterol,p05_0045,0.787485,0.806036,0.772301,0.718158,0.674154,0.639574,0.598169,0.570324,0.497911,0.45538,0.449264,0.422809,0.431944,0.354232
Cholesterol,p05_0046,0.782902,0.820446,0.767865,0.723375,0.69162,0.639732,0.609936,0.563454,0.488782,0.452117,0.4538,0.416538,0.432986,0.346015
Cholesterol,p05_0047,0.813752,0.814526,0.764768,0.721298,0.680088,0.641998,0.599025,0.571457,0.488513,0.445463,0.459467,0.423384,0.430412,0.335226
Cholesterol,p05_0048,0.786892,0.816028,0.773832,0.711324,0.704604,0.652624,0.583496,0.559621,0.495823,0.450115,0.457944,0.414792,0.434206,0.345041
Cholesterol,p05_0049,0.78376,0.825445,0.751806,0.709594,0.672386,0.646478,0.611899,0.557797,0.48387,0.464385,0.45802,0.417177,0.432933,0.345418
Cholesterol,p05_0050,0.782412,0.832383,0.767139,0.721849,0.6845,0.636163,0.601537,0.568173,0.478489,0.452332,0.454744,0.416764,0.442841,0.366391
Cholesterol,p05_0051,0.785041,0.81835,0.754804,0.726737,0.683072,0.668974,0.604802,0.555385,0.480747,0.465688,0.465045,0.410614,0.435881,0.355942
Cholesterol,p05_0052,0.782689,0.831244,0.75282,0.725171,0.656044,0.650459,0.599843,0.560908,0.49155,0.449639,0.44344,0.425253,0.428119,0.341701
Cholesterol,p05_0053,0.794532,0.843349,0.786927,0.716109,0.691513,0.642695,0.598379,0.581712,0.487206,0.448473,0.4683,0.438335,0.430992,0.333852
Cholesterol,p05_0054,0.779268,0.825118,0.76877,0.703636,0.679644,0.638023,0.588187,0.574892,0.482964,0.456016,0.470752,0.422522,0.431379,0.354828
High-Density Lipoprotein,p06_0000,0.886728,0.817182,0.81808,0.711147,0.664889,0.613825,0.613426,0.601884,0.579848,0.556553,0.421488,0.470646,0.335813,0.395373
High-Density Lipoprotein,p06_0001,0.888624,0.810858,0.795152,0.709364,0.673982,0.600126,0.620984,0.609602,0.581781,0.544518,0.39865,0.460746,0.32655,0.383159
High-Density Lipoprotein,p06_0002,0.887751,0.810648,0.800206,0.726161,0.676822,0.608963,0.604542,0.612711,0.578944,0.564102,0.402275,0.490699,0.320455,0.39202
High-Density Lipoprotein,p06_0003,0.898709,0.816433,0.814626,0.723293,0.685677,0.600428,0.590116,0.629788,0.564673,0.539358,0.430819,0.475708,0.350629,0.415049
High-Density Lipoprotein,p06_0004,0.864475,0.796912,0.816725,0.713239,0.679887,0.59902,0.611105,0.612079,0.601209,0.539112,0.424039,0.458061,0.339668,0.391357
High-Density Lipoprotein,p06_0005,0.880064,0.783802,0.803306,0.714137,0.665191,0.607582,0.598219,0.627934,0.587675,0.544597,0.407531,0.475737,0.333297,0.387691
High-Density Lipoprotein,p06_0006,0.886313,0.807522,0.793053,0.710027,0.68258,0.624394,0.580746,0.613814,0.582557,0.547936,0.42231,0.464903,0.344939,0.410405
High-Density Lipoprotein,p06_0007,0.882365,0.820091,0.799153,0.720525,0.671745,0.606349,0.60773,0.612399,0.576301,0.542315,0.415267,0.467272,0.340734,0.391641
High-Density Lipoprotein,p06_0008,0.868903,0.788844,0.804725,0.724615,0.676142,0.605943,0.612052,0.620162,0.561977,0.537919,0.427879,0.491818,0.330883,0.404842
High-Density Lipoprotein,p06_0009,0.895268,0.810032,0.808864,0.707114,0.691002,0.616803,0.605734,0.609988,0.594125,0.538342,0.415855,0.466517,0.329511,0.413504
High-Density Lipoprotein,p06_0010,0.886639,0.798229,0.792205,0.716327,0.674134,0.597089,0.627505,0.621178,0.577859,0.548487,0.40324,0.471201,0.334053,0.401366
High-Density Lipoprotein,p06_0011,0.883364,0.819767,0.817052,0.72653,0.677905,0.595297,0.610022,0.613242,0.595098,0.555884,0.416195,0.466665,0.360645,0.385201
High-Density Lipoprotein,p06_0012,0.891411,0.812103,0.795548,0.727529,0.680025,0.610193,0.606264,0.601962,0.580964,0.519623,0.402021,0.470648,0.325769,0.387848
High-Density Lipoprotein,p06_0013,0.890729,0.805472,0.819768,0.733993,0.673068,0.599574,0.609437,0.611671,0.592659,0.52916,0.417758,0.450629,0.325913,0.396454
High-Density Lipoprotein,p06_0014,0.87814,0.802417,0.823851,0.753404,0.67667,0.604905,0.608171,0.628269,0.592939,0.536129,0.412765,0.476717,0.323996,0.370635
High-Density Lipoprotein,p06_0015,0.861414,0.813808,0.801903,0.727435,0.686112,0.596483,0.602977,0.606375,0.582796,0.549396,0.416476,0.483131,0.340339,0.37788
High-Density Lipoprotein,p06_0016,0.895557,0.808145,0.805104,0.726526,0.66691,0.605519,0.617897,0.623799,0.592776,0.544532,0.394102,0.46456,0.317235,0.386159
High-Density Lipoprotein,p06_0017,0.891293,0.805118,0.825362,0.719215,0.686384,0.607647,0.594511,0.619595,0.586709,0.538687,0.420045,0.486478,0.346522,0.397852
High-Density Lipoprotein,p06_0018,0.910668,0.799108,0.808975,0.700873,0.671475,0.595702,0.598239,0.618231,0.585312,0.548736,0.410905,0.473122,0.351979,0.402955
High-Density Lipoprotein,p06_0019,0.882173,0.815176,0.817397,0.713719,0.672312,0.6124,0.613887,0.631414,0.570026,0.546507,0.408042,0.470573,0.350428,0.396317
High-Density Lipoprotein,p06_0020,0.881556,0.80175,0.820622,0.728466,0.664416,0.595931,0.596221,0.629282,0.56794,0.54093,0.407738,0.478684,0.330074,0.394099
High-Density Lipoprotein,p06_0021,0.890259,0.794085,0.814703,0.712816,0.691783,0.587833,0.601325,0.624013,0.574237,0.535735,0.415078,0.484898,0.329743,0.395041
High-Density Lipoprotein,p06_0022,0.881395,0.790174,0.813861,0.725604,0.686164,0.590561,0.605849,0.616912,0.583522,0.523354,0.416404,0.466229,0.340945,0.380285
High-Density Lipoprotein,p06_0023,0.888328,0.805354,0.810485,0.715617,0.693877,0.604756,0.611016,0.601464,0.582028,0.549814,0.405827,0.463053,0.336991,0.401047
High-Density Lipoprotein,p06_0024,0.881674,0.804698,0.812857,0.723114,0.694781,0.606918,0.605609,0.621857,0.573607,0.559671,0.408916,0.477824,0.330506,0.393416
High-Density Lipoprotein,p06_0025,0.888001,0.792296,0.825183,0.735934,0.694308,0.605283,0.615306,0.636727,0.594325,0.527009,0.440537,0.454284,0.340531,0.3813
High-Density Lipoprotein,p06_0026,0.888802,0.80849,0.809395,0.726333,0.678981,0.61241,0.630511,0.616184,0.585568,0.537903,0.424661,0.465319,0.321106,0.383299
High-Density Lipoprotein,p06_0027,0.883956,0.786592,0.819892,0.736787,0.662911,0.612442,0.596445,0.618828,0.593705,0.546131,0.409607,0.474483,0.323174,0.397374
High-Density Lipoprotein,p06_0028,0.899374,0.809076,0.814623,0.718646,0.677842,0.60502,0.610803,0.617364,0.593263,0.549582,0.42669,0.472106,0.348489,0.387695
High-Density Lipoprotein,p06_0029,0.899661,0.803694,0.821322,0.705828,0.684105,0.61,0.602966,0.606853,0.580884,0.526029,0.399189,0.455348,0.339103,0.374463
High-Density Lipoprotein,p06_0030,0.869748,0.802742,0.803437,0.720582,0.679204,0.59611,0.603684,0.61266,0.578389,0.55107,0.404184,0.478136,0.348403,0.385874
High-Density Lipoprotein,p06_0031,0.89441,0.818138,0.805439,0.721665,0.670431,0.590185,0.604333,0.629265,0.581339,0.51699,0.410799,0.466237,0.340102,0.389299
High-Density Lipoprotein,p06_0032,0.892814,0.804845,0.806391,0.703725,0.683047,0.603794,0.61453,0.611073,0.596972,0.525763,0.413363,0.462911,0.355517,0.404439
High-Density Lipoprotein,p06_0033,0.883443,0.78565,0.820795,0.727869,0.675893,0.593767,0.622672,0.630131,0.58635,0.557397,0.406448,0.478203,0.355762,0.386542
High-Density Lipoprotein,p06_0034,0.873466,0.805574,0.820298,0.718161,0.675679,0.596817,0.602899,0.639977,0.567448,0.530537,0.425648,0.460811,0.33702,0.410033
High-Density Lipoprotein,p06_0035,0.883415,0.80486,0.800365,0.713829,0.66277,0.604597,0.602769,0.631018,0.58325,0.545763,0.422414,0.473945,0.332376,0.400788
High-Density Lipoprotein,p06_0036,0.880994,0.815476,0.814742,0.728912,0.661173,0.594883,0.600402,0.63318,0.579369,0.548872,0.40489,0.476129,0.342309,0.370002
High-Density Lipoprotein,p06_0037,0.897107,0.804574,0.80707,0.728759,0.665244,0.600883,0.618603,0.604341,0.586826,0.541518,0.421847,0.466742,0.329246,0.391394
High-Density Lipoprotein,p06_0038,0.892656,0.777468,0.80406,0.730392,0.676788,0.606931,0.637587,0.637626,0.588607,0.551177,0.399457,0.456118,0.337425,0.392865
High-Density Lipoprotein,p06_0039,0.884325,0.810229,0.805848,0.735316,0.663951,0.606306,0.606238,0.625956,0.568583,0.547068,0.417568,0.466888,0.323487,0.395432
High-Density Lipoprotein,p06_0040,0.875229,0.81648,0.819942,0.731795,0.678799,0.620144,0.602791,0.630659,0.586014,0.539885,0.411937,0.46551,0.332731,0.386447
High-Density Lipoprotein,p06_0041,0.865284,0.792781,0.809658,0.715997,0.684462,0.59939,0.598165,0.606553,0.57577,0.551455,0.40071,0.458858,0.336826,0.385851
High-Density Lipoprotein,p06_0042,0.889679,0.796638,0.790843,0.707184,0.68204,0.613715,0.616039,0.625115,0.560406,0.557493,0.406292,0.478423,0.331533,0.400384
High-Density Lipoprotein,p06_0043,0.88397,0.793959,0.810778,0.743325,0.673532,0.596902,0.61064,0.617141,0.561537,0.533836,0.405698,0.466538,0.340238,0.410344
High-Density Lipoprotein,p06_0044,0.90013,0.786437,0.816831,0.699242,0.684493,0.616686,0.602712,0.631985,0.596405,0.559762,0.428852,0.456789,0.33141,0.398931
High-Density Lipoprotein,p06_0045,0.873465,0.792503,0.800366,0.704453,0.684886,0.603951,0.6045,0.636383,0.58796,0.536181,0.410864,0.468916,0.341748,0.40144
High-Density Lipoprotein,p06_0046,0.90923,0.801705,0.817639,0.742287,0.669373,0.602345,0.609934,0.614567,0.571973,0.531065,0.404313,0.475903,0.312969,0.40483
High-Density Lipoprotein,p06_0047,0.896487,0.814079,0.811268,0.743862,0.687153,0.592968,0.602683,0.630924,0.587931,0.542311,0.420983,0.460492,0.333848,0.397576
High-Density Lipoprotein,p06_0048,0.892425,0.810645,0.818395,0.72195,0.690302,0.602926,0.636981,0.616387,0.589086,0.536318,0.416372,0.471527,0.327356,0.381649
High-Density Lipoprotein,p06_0049,0.876332,0.806631,0.815519,0.732058,0.685408,0.596158,0.608623,0.616783,0.590241,0.556986,0.407743,0.477361,0.354328,0.387209
High-Density Lipoprotein,p06_0050,0.879702,0.807005,0.815156,0.714042,0.68933,0.60943,0.605145,0.620483,0.569707,0.527784,0.417168,0.487695,0.33917,0.396941
High-Density Lipoprotein,p06_0051,0.879593,0.799362,0.815565,0.723825,0.676623,0.601892,0.61006,0.612239,0.592767,0.550262,0.401034,0.466562,0.318738,0.386341
High-Density Lipoprotein,p06_0052,0.878371,0.784522,0.816784,0.713278,0.685329,0.577453,0.628344,0.624556,0.583347,0.544844,0.420965,0.464551,0.324858,0.378323
High-Density Lipoprotein,p06_0053,0.873094,0.800601,0.814706,0.724676,0.69252,0.595829,0.608171,0.612562,0.591138,0.545461,0.404239,0.463664,0.348112,0.393516
High-Density Lipoprotein,p06_0054,0.886446,0.7788,0.814324,0.734923,0.664486,0.610627,0.604284,0.62307,0.591841,0.534286,0.410545,0.464785,0.321632,0.398933
Low-Density Lipoprotein,p07_0000,0.882203,0.795035,0.70664,0.718855,0.691413,0.662961,0.648365,0.525911,0.491292,0.506338,0.423662,0.443397,0.376635,0.284727
Low-Density Lipoprotein,p07_0001,0.881117,0.817738,0.707422,0.711669,0.677806,0.662456,0.638783,0.512662,0.478823,0.492274,0.419512,0.43392,0.391479,0.320176
Low-Density Lipoprotein,p07_0002,0.880799,0.786452,0.723101,0.717615,0.680178,0.645246,0.648992,0.526957,0.496423,0.506601,0.401055,0.437984,0.379111,0.293909
Low-Density Lipoprotein,p07_0003,0.874824,0.796885,0.731053,0.730818,0.666162,0.641243,0.66797,0.54086,0.479784,0.506035,0.418893,0.433192,0.381152,0.290214
Low-Density Lipoprotein,p07_0004,0.881691,0.772569,0.719785,0.70944,0.678074,0.653616,0.645184,0.526455,0.482848,0.497253,0.413071,0.440976,0.383495,0.30258
Low-Density Lipoprotein,p07_0005,0.883957,0.801903,0.711474,0.698686,0.685332,0.630189,0.669944,0.506506,0.462258,0.487055,0.413034,0.436601,0.400378,0.300839
Low-Density Lipoprotein,p07_0006,0.88594,0.785559,0.720727,0.721401,0.69068,0.655534,0.652667,0.526133,0.465994,0.5021,0.412896,0.435357,0.369467,0.297244
Low-Density Lipoprotein,p07_0007,0.873977,0.78578,0.724918,0.723187,0.676466,0.641496,0.654398,0.541068,0.497027,0.478823,0.41103,0.424344,0.370194,0.296131
Low-Density Lipoprotein,p07_0008,0.893819,0.798554,0.704837,0.719549,0.702666,0.657603,0.664668,0.529654,0.504619,0.509216,0.39647,0.432183,0.37271,0.282403
Low-Density Lipoprotein,p07_0009,0.893853,0.796852,0.713654,0.72826,0.665655,0.660089,0.666077,0.530096,0.490196,0.481629,0.400065,0.438517,0.382384,0.298454
Low-Density Lipoprotein,p07_0010,0.879086,0.787835,0.716917,0.723036,0.693504,0.655062,0.657473,0.519821,0.499828,0.504085,0.426731,0.419145,0.395396,0.30227
Low-Density Lipoprotein,p07_0011,0.892968,0.785722,0.719138,0.746785,0.690875,0.660819,0.67575,0.546339,0.491998,0.500007,0.412669,0.429115,0.381458,0.304286
Low-Density Lipoprotein,p07_0012,0.895365,0.762106,0.745135,0.725545,0.669599,0.644393,0.669908,0.540593,0.478515,0.494328,0.4184,0.435434,0.374707,0.322509
Low-Density Lipoprotein,p07_0013,0.872445,0.782404,0.711487,0.714527,0.678373,0.642404,0.632447,0.520376,0.491229,0.485809,0.397982,0.441225,0.380178,0.313683
Low-Density Lipoprotein,p07_0014,0.88044,0.773785,0.706182,0.741771,0.68194,0.631366,0.658242,0.536773,0.475364,0.491738,0.403374,0.433771,0.357496,0.318879
Low-Density Lipoprotein,p07_0015,0.881059,0.777206,0.717153,0.720817,0.682196,0.633337,0.651515,0.514755,0.503863,0.503323,0.412604,0.434121,0.380805,0.306103
Low-Density Lipoprotein,p07_0016,0.901602,0.795446,0.725522,0.717044,0.656353,0.640073,0.662424,0.533714,0.475612,0.490239,0.409717,0.44817,0.377515,0.29348
Low-Density Lipoprotein,p07_0017,0.884244,0.789833,0.715612,0.713289,0.692294,0.639607,0.665077,0.52023,0.500908,0.492239,0.424622,0.43389,0.386036,0.30613
Low-Density Lipoprotein,p07_0018,0.872228,0.772721,0.70521,0.728727,0.680868,0.647319,0.646822,0.526056,0.486266,0.490475,0.402564,0.445052,0.368675,0.300411
Low-Density Lipoprotein,p07_0019,0.884555,0.78345,0.7056,0.737085,0.691359,0.652298,0.646418,0.528467,0.475082,0.497425,0.417364,0.436338,0.384657,0.300841
Low-Density Lipoprotein,p07_0020,0.87908,0.784458,0.713058,0.712384,0.675666,0.654034,0.645477,0.51246,0.480489,0.492376,0.41399,0.455215,0.391802,0.290313
Low-Density Lipoprotein,p07_0021,0.890224,0.801042,0.719495,0.716262,0.698143,0.630771,0.667127,0.514617,0.490517,0.480967,0.418358,0.445233,0.370643,0.290918
Low-Density Lipoprotein,p07_0022,0.857911,0.800049,0.718956,0.717568,0.679279,0.656132,0.637868,0.531426,0.491379,0.506221,0.417789,0.485314,0.389237,0.297562
Low-Density Lipoprotein,p07_0023,0.881451,0.780558,0.730593,0.717399,0.667646,0.636105,0.646386,0.515638,0.497898,0.502118,0.404156,0.451651,0.370609,0.312022
Low-Density Lipoprotein,p07_0024,0.899549,0.787904,0.70761,0.722896,0.67808,0.633311,0.672095,0.533263,0.488713,0.49199,0.423838,0.430682,0.37262,0.29891
Low-Density Lipoprotein,p07_0025,0.880711,0.797129,0.734392,0.728114,0.687041,0.636017,0.672166,0.52488,0.473793,0.505082,0.426081,0.421784,0.375445,0.301803
Low-Density Lipoprotein,p07_0026,0.881385,0.79237,0.704541,0.728806,0.687638,0.625851,0.662627,0.527118,0.493245,0.487739,0.413296,0.442008,0.3852,0.295785
Low-Density Lipoprotein,p07_0027,0.888875,0.786369,0.713625,0.729934,0.688985,0.64852,0.647005,0.543805,0.48208,0.493008,0.42259,0.45568,0.38477,0.305858
Low-Density Lipoprotein,p07_0028,0.890441,0.775861,0.712813,0.718996,0.693174,0.664988,0.670655,0.530065,0.474084,0.499755,0.396651,0.442992,0.394966,0.292773
Low-Density Lipoprotein,p07_0029,0.898003,0.785574,0.727762,0.720652,0.68035,0.652079,0.656622,0.520971,0.484512,0.490616,0.420946,0.456365,0.391027,0.285583
Low-Density Lipoprotein,p07_0030,0.887931,0.79444,0.728717,0.723778,0.677436,0.650344,0.658067,0.508788,0.489241,0.497847,0.407186,0.42735,0.380123,0.306158
Low-Density Lipoprotein,p07_0031,0.887602,0.777647,0.712726,0.730106,0.667489,0.650565,0.674599,0.521392,0.49008,0.486758,0.417585,0.438156,0.392487,0.289681
Low-Density Lipoprotein,p07_0032,0.877243,0.801835,0.710394,0.72078,0.660191,0.630735,0.655333,0.526763,0.498975,0.499293,0.406835,0.44082,0.389488,0.298631
Low-Density Lipoprotein,p07_0033,0.883119,0.795964,0.722176,0.719902,0.678722,0.643964,0.670394,0.529312,0.493295,0.496757,0.424096,0.426209,0.362335,0.288117
Low-Density Lipoprotein,p07_0034,0.878481,0.801092,0.726226,0.741803,0.6773,0.641788,0.659248,0.519768,0.500337,0.496046,0.424794,0.447987,0.384423,0.302609
Low-Density Lipoprotein,p07_0035,0.868855,0.781043,0.689994,0.712381,0.679279,0.646458,0.66997,0.519546,0.500747,0.50664,0.406978,0.444322,0.363018,0.308979
Low-Density Lipoprotein,p07_0036,0.902758,0.790484,0.701717,0.723393,0.674258,0.638539,0.656242,0.528668,0.496114,0.490179,0.414637,0.442363,0.377001,0.287571
Low-Density Lipoprotein,p07_0037,0.876842,0.78415,0.706906,0.739182,0.673211,0.631551,0.646197,0.519372,0.4793,0.496982,0.423339,0.430416,0.370349,0.295133
Low-Density Lipoprotein,p07_0038,0.903661,0.790367,0.719988,0.723323,0.691265,0.626564,0.649221,0.513998,0.488941,0.50023,0.380173,0.431677,0.376672,0.293414
Low-Density Lipoprotein,p07_0039,0.896988,0.785398,0.714171,0.727582,0.699717,0.654549,0.664889,0.532714,0.485649,0.51642,0.412827,0.435591,0.380459,0.3125
Low-Density Lipoprotein,p07_0040,0.88411,0.797444,0.719153,0.726098,0.683384,0.646212,0.657314,0.536147,0.504782,0.494596,0.425018,0.450485,0.392045,0.295044
Low-Density Lipoprotein,p07_0041,0.884761,0.804787,0.728674,0.72525,0.692517,0.635476,0.662402,0.526138,0.473819,0.488041,0.421155,0.449622,0.370628,0.294809
Low-Density Lipoprotein,p07_0042,0.896844,0.78608,0.735331,0.724568,0.683504,0.637474,0.663337,0.520928,0.509761,0.50432,0.393673,0.44095,0.374602,0.294263
Low-Density Lipoprotein,p07_0043,0.887162,0.809013,0.725898,0.713596,0.68074,0.637133,0.663881,0.527392,0.499837,0.497165,0.418356,0.445555,0.391045,0.301521
Low-Density Lipoprotein,p07_0044,0.900119,0.775538,0.70579,0.715721,0.688096,0.630848,0.662703,0.503478,0.505484,0.491118,0.406473,0.441154,0.413353,0.296645
Low-Density Lipoprotein,p07_0045,0.901669,0.784609,0.709905,0.730937,0.684549,0.6359,0.643521,0.517698,0.488682,0.477998,0.415721,0.435321,0.384047,0.296312
Low-Density Lipoprotein,p07_0046,0.889601,0.8073,0.726591,0.734234,0.691772,0.630475,0.655741,0.526139,0.506057,0.496425,0.408057,0.449813,0.386851,0.309408
Low-Density Lipoprotein,p07_0047,0.887515,0.79155,0.709205,0.721798,0.679996,0.653548,0.668577,0.522004,0.485842,0.500567,0.398677,0.432085,0.377597,0.302089
Low-Density Lipoprotein,p07_0048,0.877668,0.79829,0.724,0.717919,0.693094,0.648227,0.640991,0.531948,0.494017,0.487985,0.409528,0.458592,0.380211,0.296881
Low-Density Lipoprotein,p07_0049,0.871988,0.759553,0.701794,0.713327,0.678164,0.649052,0.664093,0.516735,0.491526,0.486425,0.412636,0.450706,0.377293,0.308258
Low-Density Lipoprotein,p07_0050,0.896692,0.802557,0.71801,0.709118,0.678658,0.636751,0.652949,0.536901,0.497831,0.500037,0.404031,0.443223,0.366407,0.285073
Low-Density Lipoprotein,p07_0051,0.898909,0.787792,0.705915,0.743935,0.688388,0.665392,0.661415,0.532286,0.495722,0.499705,0.414509,0.444195,0.394703,0.304417
Low-Density Lipoprotein,p07_0052,0.888737,0.792291,0.719964,0.720417,0.690765,0.648841,0.645952,0.531026,0.488473,0.498151,0.408478,0.431648,0.364362,0.299949
Low-Density Lipoprotein,p07_0053,0.892307,0.766116,0.71978,0.722154,0.674909,0.64571,0.64893,0.536761,0.477106,0.492547,0.41775,0.449648,0.386906,0.301108
Low-Density Lipoprotein,p07_0054,0.888064,0.797126,0.706416,0.732703,0.681413,0.638727,0.665774,0.511806,0.479501,0.481263,0.419529,0.455853,0.381933,0.293658
Triglyceride,p08_0000,0.880786,0.787852,0.768054,0.679117,0.685192,0.687264,0.616412,0.527775,0.529586,0.443535,0.501096,0.439116,0.329824,0.293776
Triglyceride,p08_0001,0.852415,0.805714,0.75405,0.670608,0.669625,0.696235,0.600066,0.536286,0.521948,0.452355,0.513117,0.431851,0.327645,0.303823
Triglyceride,p08_0002,0.880309,0.783884,0.783136,0.68449,0.680319,0.701857,0.602494,0.521482,0.514309,0.443789,0.51217,0.421408,0.345626,0.293433
Triglyceride,p08_0003,0.889802,0.798393,0.750834,0.677269,0.681035,0.689046,0.609692,0.515724,0.504683,0.450189,0.510973,0.431753,0.330266,0.296607
Triglyceride,p08_0004,0.882114,0.812537,0.76084,0.694782,0.675257,0.686443,0.598392,0.519498,0.505231,0.452574,0.503783,0.418277,0.346479,0.316429
Triglyceride,p08_0005,0.879111,0.801324,0.750942,0.674372,0.676454,0.702349,0.602837,0.508644,0.530358,0.442393,0.503978,0.418818,0.332761,0.302992
Triglyceride,p08_0006,0.889716,0.790035,0.758322,0.676296,0.669383,0.689783,0.610379,0.527859,0.527436,0.435207,0.478231,0.412554,0.350504,0.303065
Triglyceride,p08_0007,0.877274,0.786064,0.750426,0.667888,0.690972,0.698176,0.610771,0.529021,0.527808,0.44298,0.522637,0.423455,0.334842,0.301061
Triglyceride,p08_0008,0.897954,0.810187,0.778809,0.678072,0.691755,0.682871,0.608659,0.512879,0.51069,0.451359,0.513654,0.413703,0.346912,0.292279
Triglyceride,p08_0009,0.885681,0.808836,0.751261,0.695725,0.683888,0.707551,0.602048,0.52655,0.518958,0.445007,0.501949,0.428898,0.338186,0.303603
Triglyceride,p08_0010,0.90998,0.786697,0.758258,0.688135,0.66657,0.684563,0.620261,0.506288,0.510138,0.458812,0.523765,0.409238,0.335823,0.305983
Triglyceride,p08_0011,0.890994,0.795468,0.761826,0.686754,0.679398,0.687423,0.604735,0.522167,0.520253,0.445891,0.497394,0.424218,0.329443,0.306407
Triglyceride,p08_0012,0.905538,0.786111,0.749544,0.676833,0.675011,0.697603,0.607208,0.53095,0.537917,0.452572,0.507325,0.434215,0.344485,0.288531
Triglyceride,p08_0013,0.890525,0.801437,0.765302,0.673552,0.666818,0.705941,0.586026,0.519611,0.537578,0.466794,0.497932,0.428279,0.337799,0.299764
Triglyceride,p08_0014,0.88327,0.80646,0.754493,0.686186,0.699385,0.692115,0.621371,0.514266,0.526304,0.445467,0.514825,0.43986,0.345009,0.29715
Triglyceride,p08_0015,0.860749,0.776627,0.744521,0.673263,0.676143,0.691852,0.6057,0.529588,0.5246,0.452579,0.504611,0.405573,0.343877,0.302472
Triglyceride,p08_0016,0.88426,0.785694,0.761612,0.671905,0.695677,0.692053,0.616809,0.53817,0.533692,0.447713,0.5119,0.4202,0.326564,0.296411
Triglyceride,p08_0017,0.886319,0.778869,0.761114,0.680788,0.672276,0.700036,0.59257,0.502417,0.535379,0.445476,0.495955,0.408134,0.34225,0.305744
Triglyceride,p08_0018,0.877314,0.803163,0.769967,0.65697,0.683023,0.706792,0.608429,0.526016,0.531393,0.455326,0.514973,0.413712,0.326891,0.315591
Triglyceride,p08_0019,0.873562,0.794583,0.758397,0.676578,0.677005,0.711296,0.600557,0.51726,0.521723,0.443645,0.519534,0.413817,0.321343,0.311402
Triglyceride,p08_0020,0.905843,0.80994,0.781647,0.680071,0.673183,0.709626,0.615743,0.538046,0.534068,0.456986,0.470355,0.416738,0.346957,0.304825
Triglyceride,p08_0021,0.884366,0.782826,0.768526,0.684502,0.702307,0.691237,0.612081,0.515182,0.532307,0.451528,0.501034,0.412492,0.343893,0.296858
Triglyceride,p08_0022,0.882957,0.790997,0.759841,0.675594,0.682344,0.687858,0.612655,0.521665,0.530051,0.457594,0.516001,0.414221,0.335242,0.280437
Triglyceride,p08_0023,0.884964,0.783532,0.753751,0.696996,0.679234,0.705012,0.608759,0.53108,0.515791,0.443739,0.504639,0.419392,0.349766,0.298172
Triglyceride,p08_0024,0.885888,0.772409,0.764678,0.689284,0.698361,0.707039,0.602469,0.525831,0.533059,0.450638,0.49492,0.435576,0.337843,0.300187
Triglyceride,p08_0025,0.888703,0.800522,0.769151,0.685719,0.685623,0.686194,0.596776,0.512941,0.515817,0.444382,0.489658,0.417989,0.336241,0.298528
Triglyceride,p08_0026,0.88585,0.793228,0.751875,0.676126,0.694825,0.692005,0.604247,0.534903,0.504298,0.471828,0.500199,0.422598,0.354305,0.30152
Triglyceride,p08_0027,0.880701,0.782473,0.749105,0.671165,0.686628,0.717304,0.610297,0.529852,0.526112,0.445119,0.516854,0.408268,0.328215,0.284219
Triglyceride,p08_0028,0.891091,0.785798,0.772896,0.675642,0.673223,0.709595,0.611354,0.5195,0.527046,0.435905,0.522318,0.408079,0.347133,0.307354
Triglyceride,p08_0029,0.889198,0.788001,0.756318,0.679318,0.681211,0.695447,0.616838,0.536523,0.522028,0.438385,0.511569,0.414638,0.353806,0.304089
Triglyceride,p08_0030,0.875279,0.805614,0.762221,0.652587,0.695252,0.692606,0.604201,0.516306,0.521056,0.450055,0.504882,0.432115,0.339116,0.301782
Triglyceride,p08_0031,0.885666,0.80766,0.753679,0.673883,0.693652,0.710901,0.603315,0.546024,0.526123,0.452561,0.515067,0.402501,0.32982,0.297357
Triglyceride,p08_0032,0.895105,0.774586,0.756566,0.687144,0.691465,0.703886,0.603299,0.537569,0.538675,0.438991,0.509089,0.427691,0.340462,0.297839
Triglyceride,p08_0033,0.881339,0.774117,0.758727,0.6759,0.685579,0.681842,0.614325,0.532333,0.518206,0.466039,0.514525,0.40527,0.346141,0.286081
Triglyceride,p08_0034,0.881006,0.779325,0.77004,0.684324,0.696763,0.698051,0.607108,0.534635,0.514231,0.462282,0.514979,0.419477,0.34448,0.316323
Triglyceride,p08_0035,0.882758,0.774924,0.760532,0.679944,0.674921,0.7112,0.598697,0.528179,0.514717,0.451392,0.500876,0.408971,0.350385,0.298245
Triglyceride,p08_0036,0.860651,0.788658,0.759197,0.658223,0.67379,0.703093,0.605481,0.509932,0.520654,0.451841,0.513603,0.426714,0.336374,0.292839
Triglyceride,p08_0037,0.915406,0.788781,0.767984,0.666816,0.687337,0.682094,0.600438,0.524502,0.540274,0.459474,0.516201,0.414418,0.335586,0.303772
Triglyceride,p08_0038,0.884856,0.780297,0.763077,0.686101,0.686238,0.701162,0.614903,0.524736,0.529018,0.434828,0.48852,0.440199,0.33295,0.30602
Triglyceride,p08_0039,0.886802,0.787985,0.774359,0.669534,0.697584,0.71199,0.592847,0.525011,0.536224,0.433099,0.510812,0.420324,0.33714,0.303908
Triglyceride,p08_0040,0.880336,0.781434,0.775807,0.679095,0.676996,0.681705,0.610698,0.511955,0.533988,0.461294,0.496946,0.421173,0.346624,0.307153
Triglyceride,p08_0041,0.878339,0.811281,0.768746,0.671408,0.69564,0.697359,0.613732,0.516679,0.556258,0.449231,0.49155,0.407884,0.336373,0.306632
Triglyceride,p08_0042,0.870411,0.788921,0.756004,0.682841,0.672364,0.692856,0.612687,0.546539,0.527161,0.446771,0.495522,0.417978,0.339965,0.301349
Triglyceride,p08_0043,0.892427,0.787141,0.737926,0.690255,0.68776,0.702475,0.604924,0.525254,0.531435,0.447419,0.503409,0.41762,0.343853,0.286785
Triglyceride,p08_0044,0.882899,0.790817,0.773304,0.67376,0.680363,0.690606,0.604926,0.540668,0.527366,0.451855,0.504841,0.436281,0.336367,0.296067
Triglyceride,p08_0045,0.896097,0.788017,0.752545,0.670896,0.696854,0.689299,0.628811,0.531091,0.500906,0.473134,0.508582,0.396833,0.347688,0.301935
Triglyceride,p08_0046,0.904866,0.794275,0.755004,0.696402,0.68827,0.708221,0.602601,0.523864,0.536742,0.445418,0.52168,0.423864,0.31883,0.284068
Triglyceride,p08_0047,0.898895,0.806485,0.749782,0.673916,0.684115,0.703285,0.607928,0.533347,0.530788,0.452517,0.51903,0.421271,0.347645,0.304965
Triglyceride,p08_0048,0.880668,0.804545,0.764391,0.68228,0.673028,0.68554,0.620153,0.524944,0.525015,0.437886,0.497458,0.424338,0.337071,0.297005
Triglyceride,p08_0049,0.888502,0.790862,0.767671,0.681372,0.676993,0.693294,0.587547,0.530133,0.536918,0.467881,0.507071,0.411696,0.334339,0.306899
Triglyceride,p08_0050,0.89472,0.796219,0.761772,0.689518,0.694545,0.6984,0.604938,0.529504,0.534155,0.443057,0.50728,0.400379,0.346379,0.302218
Triglyceride,p08_0051,0.873542,0.79626,0.75641,0.677668,0.690471,0.708987,0.607272,0.530441,0.52955,0.448119,0.481152,0.411117,0.3305,0.296665
Triglyceride,p08_0052,0.877723,0.793759,0.760119,0.677013,0.674164,0.712046,0.623656,0.527819,0.508468,0.455098,0.495254,0.430257,0.354589,0.316091
Triglyceride,p08_0053,0.866828,0.776063,0.767752,0.689895,0.677449,0.710379,0.608475,0.508966,0.521373,0.446173,0.51102,0.408837,0.328756,0.30529
Triglyceride,p08_0054,0.882444,0.793442,0.76166,0.67142,0.700723,0.703115,0.602516,0.537218,0.529604,0.452826,0.512744,0.412407,0.341743,0.30795
Estimated Glomerular Filtration Rate,p09_0000,0.797908,0.807071,0.774378,0.716967,0.686438,0.700752,0.611574,0.574902,0.524974,0.450688,0.450701,0.414697,0.382031,0.3192
Estimated Glomerular Filtration Rate,p09_0001,0.789195,0.802332,0.758052,0.728301,0.699247,0.685704,0.609785,0.568439,0.54807,0.449606,0.45762,0.42269,0.394965,0.29631
Estimated Glomerular Filtration Rate,p09_0002,0.798716,0.799258,0.745192,0.73008,0.676549,0.6921,0.608194,0.580698,0.527957,0.44233,0.45619,0.417242,0.380133,0.299308
Estimated Glomerular Filtration Rate,p09_0003,0.801143,0.794886,0.742336,0.694472,0.695425,0.705486,0.598582,0.562294,0.518827,0.456596,0.449715,0.42063,0.385311,0.321408
Estimated Glomerular Filtration Rate,p09_0004,0.778066,0.791994,0.759233,0.714674,0.6661,0.675163,0.606346,0.564461,0.53736,0.469674,0.446807,0.402913,0.382057,0.299002
Estimated Glomerular Filtration Rate,p09_0005,0.812813,0.787819,0.750054,0.703662,0.680635,0.714594,0.611158,0.554417,0.534236,0.460354,0.462301,0.422676,0.38548,0.288815
Estimated Glomerular Filtration Rate,p09_0006,0.771558,0.790693,0.746527,0.726994,0.681132,0.706444,0.602417,0.564516,0.550892,0.468838,0.466672,0.428768,0.376093,0.27712
Estimated Glomerular Filtration Rate,p09_0007,0.807063,0.816848,0.755601,0.725397,0.67671,0.712001,0.632837,0.572771,0.525231,0.435496,0.441212,0.429204,0.380453,0.297568
Estimated Glomerular Filtration Rate,p09_0008,0.789546,0.806325,0.761802,0.720309,0.692432,0.698985,0.610739,0.572976,0.537329,0.437548,0.457829,0.425753,0.386306,0.298819
Estimated Glomerular Filtration Rate,p09_0009,0.788308,0.789271,0.761066,0.73385,0.690537,0.697491,0.637339,0.563506,0.536404,0.4495,0.445564,0.422697,0.371939,0.306038
Estimated Glomerular Filtration Rate,p09_0010,0.80043,0.796531,0.765866,0.708637,0.687807,0.703588,0.601966,0.576675,0.534239,0.458323,0.470523,0.396258,0.376891,0.297679
Estimated Glomerular Filtration Rate,p09_0011,0.802584,0.78305,0.753567,0.720404,0.690901,0.691945,0.614797,0.578076,0.530345,0.451552,0.456673,0.419958,0.379492,0.277707
Estimated Glomerular Filtration Rate,p09_0012,0.778091,0.811796,0.766341,0.736738,0.688683,0.667591,0.601835,0.561677,0.540731,0.473469,0.448685,0.404579,0.402779,0.307756
Estimated Glomerular Filtration Rate,p09_0013,0.807676,0.782796,0.746895,0.728548,0.695356,0.691618,0.591053,0.570079,0.544542,0.452139,0.45076,0.412431,0.382205,0.290429
Estimated Glomerular Filtration Rate,p09_0014,0.798249,0.797905,0.770869,0.735958,0.693636,0.687039,0.60458,0.575707,0.521173,0.4572,0.440834,0.408051,0.376123,0.318019
Estimated Glomerular Filtration Rate,p09_0015,0.793143,0.792914,0.762754,0.70005,0.685744,0.690541,0.608546,0.564021,0.536903,0.454842,0.454785,0.43197,0.393966,0.301956
Estimated Glomerular Filtration Rate,p09_0016,0.808297,0.804966,0.755158,0.70724,0.682993,0.695787,0.606173,0.56267,0.537595,0.459318,0.469159,0.4162,0.377235,0.313854
Estimated Glomerular Filtration Rate,p09_0017,0.782095,0.782602,0.772603,0.724532,0.672351,0.684399,0.607476,0.578892,0.518079,0.43795,0.458456,0.419432,0.357449,0.284135
Estimated Glomerular Filtration Rate,p09_0018,0.807476,0.794842,0.758899,0.709762,0.676135,0.68289,0.613129,0.573381,0.529626,0.469598,0.448713,0.423919,0.374306,0.30433
Estimated Glomerular Filtration Rate,p09_0019,0.788702,0.800324,0.757996,0.726703,0.678933,0.688201,0.611925,0.569915,0.552145,0.44174,0.462677,0.432843,0.400723,0.325401
Estimated Glomerular Filtration Rate,p09_0020,0.788196,0.787145,0.768934,0.712248,0.692958,0.694316,0.60548,0.566701,0.534665,0.436813,0.451476,0.415592,0.379659,0.292897
Estimated Glomerular Filtration Rate,p09_0021,0.780369,0.809614,0.728802,0.722672,0.682617,0.688821,0.606732,0.575363,0.539762,0.475116,0.464886,0.410891,0.369469,0.298487
Estimated Glomerular Filtration Rate,p09_0022,0.778771,0.795285,0.759312,0.729824,0.691934,0.696802,0.622193,0.582467,0.516484,0.444991,0.474941,0.425455,0.393582,0.288413
Estimated Glomerular Filtration Rate,p09_0023,0.785267,0.786465,0.754369,0.729834,0.68282,0.691709,0.630297,0.587543,0.536751,0.456447,0.450935,0.406544,0.391688,0.300687
Estimated Glomerular Filtration Rate,p09_0024,0.800214,0.796218,0.732187,0.717025,0.680194,0.691914,0.612319,0.567035,0.536038,0.457634,0.460872,0.417201,0.383927,0.301876
Estimated Glomerular Filtration Rate,p09_0025,0.801933,0.772859,0.75387,0.734142,0.703112,0.706316,0.602802,0.575312,0.550099,0.459886,0.468175,0.404831,0.379124,0.293841
Estimated Glomerular Filtration Rate,p09_0026,0.792419,0.804814,0.74617,0.700737,0.685205,0.679126,0.610293,0.551907,0.531518,0.441371,0.459824,0.415617,0.37754,0.302277
Estimated Glomerular Filtration Rate,p09_0027,0.799641,0.800515,0.756647,0.725769,0.690332,0.691448,0.609975,0.583336,0.533733,0.460766,0.461347,0.423427,0.367156,0.285025
Estimated Glomerular Filtration Rate,p09_0028,0.790305,0.78612,0.7703,0.732453,0.683824,0.698454,0.616042,0.560324,0.536573,0.454352,0.462143,0.413266,0.387842,0.301423
Estimated Glomerular Filtration Rate,p09_0029,0.790499,0.77472,0.759675,0.719297,0.681684,0.691133,0.59626,0.583363,0.520655,0.456626,0.448211,0.406803,0.399784,0.307473
Estimated Glomerular Filtration Rate,p09_0030,0.784053,0.797693,0.757974,0.710788,0.671763,0.693981,0.625119,0.5691,0.535301,0.441687,0.463102,0.41795,0.382648,0.311816
Estimated Glomerular Filtration Rate,p09_0031,0.785893,0.794242,0.733604,0.717072,0.690655,0.706269,0.624787,0.565239,0.526906,0.477084,0.457779,0.418836,0.371445,0.299578
Estimated Glomerular Filtration Rate,p09_0032,0.772941,0.797982,0.765107,0.712685,0.688572,0.68612,0.62096,0.570079,0.532243,0.446505,0.466464,0.418786,0.385384,0.299064
Estimated Glomerular Filtration Rate,p09_0033,0.780747,0.805661,0.754918,0.731768,0.674005,0.7062,0.603245,0.564177,0.564473,0.443397,0.463282,0.417686,0.364261,0.294564
Estimated Glomerular Filtration Rate,p09_0034,0.796058,0.790308,0.758769,0.726917,0.678203,0.692784,0.594218,0.564976,0.547399,0.44448,0.459751,0.420377,0.372498,0.296303
Estimated Glomerular Filtration Rate,p09_0035,0.779673,0.78775,0.754201,0.737233,0.68602,0.720676,0.614071,0.588466,0.524177,0.443936,0.463458,0.394546,0.367934,0.328034
Estimated Glomerular Filtration Rate,p09_0036,0.790639,0.783128,0.748735,0.722301,0.661378,0.698218,0.607952,0.573155,0.545788,0.451482,0.462698,0.422898,0.373049,0.310633
Estimated Glomerular Filtration Rate,p09_0037,0.817321,0.807138,0.755563,0.721283,0.664084,0.684829,0.609299,0.576044,0.533205,0.44949,0.462703,0.432165,0.376386,0.307335
Estimated Glomerular Filtration Rate,p09_0038,0.783767,0.79927,0.765429,0.718012,0.683451,0.705394,0.606054,0.567207,0.51902,0.438271,0.452875,0.419762,0.367779,0.323795
Estimated Glomerular Filtration Rate,p09_0039,0.78453,0.802486,0.761641,0.717873,0.675887,0.69527,0.605968,0.574779,0.529006,0.446557,0.451862,0.411511,0.376499,0.308732
Estimated Glomerular Filtration Rate,p09_0040,0.789219,0.82042,0.749165,0.718928,0.704038,0.700018,0.61036,0.564154,0.549666,0.444164,0.434245,0.414094,0.39511,0.299998
Estimated Glomerular Filtration Rate,p09_0041,0.794625,0.787237,0.76554,0.735348,0.67395,0.699124,0.597701,0.57434,0.528518,0.471176,0.464377,0.413811,0.376585,0.303008
Estimated Glomerular Filtration Rate,p09_0042,0.786444,0.791724,0.769954,0.725598,0.666695,0.671064,0.615125,0.574148,0.521699,0.458965,0.459658,0.427868,0.403527,0.294653
Estimated Glomerular Filtration Rate,p09_0043,0.788816,0.797959,0.756543,0.723944,0.674181,0.699548,0.615782,0.559021,0.51698,0.442485,0.459157,0.39622,0.375484,0.305974
Estimated Glomerular Filtration Rate,p09_0044,0.812209,0.790779,0.769598,0.717523,0.69687,0.686777,0.616542,0.57098,0.531267,0.458263,0.476428,0.412647,0.363811,0.290192
Estimated Glomerular Filtration Rate,p09_0045,0.786055,0.791189,0.744275,0.719005,0.684769,0.697455,0.620152,0.586915,0.524656,0.444211,0.475414,0.427781,0.378963,0.298675
Estimated Glomerular Filtration Rate,p09_0046,0.788347,0.789564,0.740912,0.727388,0.679359,0.68634,0.600197,0.578669,0.542719,0.457435,0.468761,0.422608,0.3935,0.299933
Estimated Glomerular Filtration Rate,p09_0047,0.793633,0.798221,0.744488,0.747716,0.688542,0.69321,0.607064,0.565634,0.53855,0.459791,0.469727,0.437877,0.372309,0.303033
Estimated Glomerular Filtration Rate,p09_0048,0.772619,0.807303,0.756978,0.72642,0.673608,0.694974,0.608911,0.568536,0.518771,0.440824,0.430147,0.411832,0.374362,0.290824
Estimated Glomerular Filtration Rate,p09_0049,0.782717,0.79471,0.75784,0.725959,0.699371,0.700765,0.621448,0.573368,0.527823,0.445931,0.451193,0.425199,0.38158,0.290731
Estimated Glomerular Filtration Rate,p09_0050,0.774687,0.796918,0.767607,0.715374,0.676105,0.68944,0.598669,0.571862,0.529013,0.455355,0.455275,0.423959,0.386562,0.300086
Estimated Glomerular Filtration Rate,p09_0051,0.802264,0.782472,0.758236,0.722233,0.681415,0.70557,0.605254,0.585246,0.53472,0.463184,0.453379,0.432042,0.36716,0.298004
Estimated Glomerular Filtration Rate,p09_0052,0.804101,0.779955,0.755782,0.74598,0.688978,0.692951,0.602369,0.563873,0.536889,0.465295,0.448308,0.420714,0.383943,0.290803
Estimated Glomerular Filtration Rate,p09_0053,0.791403,0.795267,0.769474,0.729402,0.687198,0.697746,0.627572,0.557582,0.546905,0.443184,0.444246,0.424573,0.397038,0.305788
Estimated Glomerular Filtration Rate,p09_0054,0.799705,0.783453,0.738122,0.717416,0.691804,0.676761,0.609976,0.582173,0.524508,0.456434,0.470537,0.423816,0.396227,0.296631
Urate,p10_0000,0.8909,0.792482,0.795768,0.714204,0.705764,0.65185,0.669169,0.5147,0.493502,0.454344,0.501225,0.42076,0.434482,0.328889
Urate,p10_0001,0.883289,0.812017,0.79331,0.728496,0.683674,0.656181,0.646491,0.536781,0.488437,0.450255,0.504474,0.421498,0.437086,0.354609
Urate,p10_0002,0.896314,0.784897,0.788487,0.726349,0.684821,0.649977,0.641111,0.515923,0.495541,0.446195,0.514129,0.432528,0.444615,0.348519
Urate,p10_0003,0.900586,0.808484,0.779761,0.719093,0.679467,0.653828,0.664059,0.530606,0.482758,0.448142,0.507597,0.409003,0.422519,0.341767
Urate,p10_0004,0.886481,0.792604,0.780362,0.717749,0.684171,0.653894,0.659853,0.533032,0.477188,0.459162,0.515406,0.405672,0.414799,0.349891
Urate,p10_0005,0.881556,0.81626,0.794532,0.716914,0.695468,0.643668,0.649153,0.539661,0.483276,0.450096,0.501458,0.418791,0.427622,0.353828
Urate,p10_0006,0.883588,0.826644,0.779607,0.712279,0.688104,0.659044,0.659663,0.531781,0.478501,0.45764,0.512548,0.452744,0.422567,0.348249
Urate,p10_0007,0.879061,0.795827,0.790233,0.728827,0.693414,0.651495,0.646542,0.51619,0.49756,0.457822,0.513562,0.424922,0.414836,0.335436
Urate,p10_0008,0.887302,0.812684,0.785494,0.733501,0.681086,0.641001,0.664447,0.520968,0.491189,0.448746,0.497589,0.412339,0.43429,0.339741
Urate,p10_0009,0.89775,0.794859,0.804685,0.717086,0.683972,0.657904,0.659131,0.532978,0.48439,0.463973,0.518387,0.39692,0.428457,0.350865
Urate,p10_0010,0.887034,0.802818,0.788547,0.741851,0.694453,0.650757,0.661851,0.532936,0.489411,0.446309,0.489349,0.417311,0.441651,0.330099
Urate,p10_0011,0.896252,0.801555,0.769136,0.735902,0.675528,0.653804,0.638096,0.52447,0.487247,0.465044,0.502156,0.421557,0.428644,0.343708
Urate,p10_0012,0.89801,0.796123,0.770641,0.718734,0.669774,0.62477,0.664343,0.533476,0.482758,0.446915,0.496519,0.418402,0.447364,0.341964
Urate,p10_0013,0.892293,0.792852,0.770283,0.711292,0.681805,0.635189,0.656276,0.526453,0.488658,0.440084,0.51214,0.417836,0.421516,0.343675
Urate,p10_0014,0.882565,0.795922,0.763768,0.72056,0.687384,0.640028,0.65295,0.542619,0.49024,0.446121,0.495347,0.420529,0.437397,0.344789
Urate,p10_0015,0.880789,0.813982,0.78613,0.719243,0.688746,0.647357,0.671377,0.527033,0.483085,0.471717,0.502883,0.419359,0.465556,0.354941
Urate,p10_0016,0.875511,0.787578,0.774005,0.705616,0.668873,0.644185,0.647211,0.543272,0.476813,0.447994,0.486751,0.407843,0.421505,0.326784
Urate,p10_0017,0.894203,0.774978,0.782522,0.707963,0.687345,0.630977,0.650396,0.529142,0.497338,0.451591,0.530564,0.42105,0.441442,0.330477
Urate,p10_0018,0.906667,0.791655,0.770114,0.72689,0.68655,0.662361,0.659656,0.533861,0.503795,0.436658,0.508755,0.400443,0.426171,0.321568
Urate,p10_0019,0.87656,0.803641,0.796565,0.708687,0.675001,0.652383,0.651371,0.520778,0.494734,0.444826,0.507004,0.412568,0.434094,0.339718
Urate,p10_0020,0.885178,0.80728,0.78725,0.722586,0.695719,0.627367,0.641382,0.516418,0.474572,0.460784,0.495559,0.413945,0.427028,0.338546
Urate,p10_0021,0.878461,0.806982,0.781504,0.725496,0.686017,0.641256,0.656024,0.538228,0.491213,0.437521,0.512225,0.424895,0.417552,0.348914
Urate,p10_0022,0.894267,0.812939,0.774935,0.729948,0.670392,0.638003,0.642782,0.543126,0.490672,0.449011,0.515576,0.423446,0.432332,0.340184
Urate,p10_0023,0.896693,0.787113,0.775902,0.721981,0.70419,0.65149,0.653679,0.538117,0.502227,0.451347,0.50031,0.438932,0.439544,0.344752
Urate,p10_0024,0.886278,0.782652,0.784481,0.717867,0.704411,0.644196,0.660678,0.548999,0.48016,0.437732,0.502493,0.427484,0.439072,0.341376
Urate,p10_0025,0.86272,0.809174,0.773741,0.724114,0.696045,0.639686,0.670259,0.513881,0.492287,0.450636,0.505324,0.417709,0.432964,0.34056
Urate,p10_0026,0.892598,0.793032,0.786919,0.706781,0.700837,0.634604,0.651696,0.52917,0.49042,0.442739,0.506627,0.416951,0.423527,0.32973
Urate,p10_0027,0.894997,0.787303,0.790618,0.732752,0.686983,0.643555,0.648871,0.531271,0.505361,0.459897,0.5044,0.425341,0.423411,0.349923
Urate,p10_0028,0.89105,0.794273,0.777205,0.731955,0.695993,0.648082,0.672833,0.528654,0.480465,0.463973,0.507672,0.405759,0.434116,0.347061
Urate,p10_0029,0.870644,0.794005,0.783044,0.73012,0.689895,0.642541,0.667854,0.510606,0.502095,0.460434,0.49342,0.429125,0.421584,0.346467
Urate,p10_0030,0.872858,0.807596,0.798214,0.740381,0.676815,0.636237,0.651789,0.532297,0.477053,0.449548,0.523218,0.424339,0.432527,0.357207
Urate,p10_0031,0.88927,0.790652,0.788239,0.705722,0.675615,0.65299,0.665206,0.516074,0.485954,0.448291,0.503025,0.42758,0.435508,0.351977
Urate,p10_0032,0.875716,0.800985,0.769907,0.728179,0.697652,0.635558,0.667464,0.510137,0.475402,0.451679,0.514265,0.409305,0.422782,0.334028
Urate,p10_0033,0.893716,0.799536,0.781619,0.732406,0.681562,0.640528,0.655519,0.521291,0.493344,0.454182,0.511772,0.407966,0.428091,0.353148
Urate,p10_0034,0.88616,0.793879,0.76314,0.701306,0.691666,0.649524,0.667965,0.528522,0.505191,0.449061,0.489958,0.418188,0.449219,0.344341
Urate,p10_0035,0.886486,0.790082,0.784478,0.728691,0.696155,0.662473,0.656128,0.524858,0.493987,0.442531,0.508594,0.416761,0.450862,0.340386
Urate,p10_0036,0.888309,0.788456,0.786655,0.720565,0.688949,0.659163,0.657575,0.529833,0.505107,0.446983,0.510696,0.435652,0.444256,0.342107
Urate,p10_0037,0.870146,0.787182,0.796589,0.742589,0.689993,0.645155,0.661677,0.515417,0.499675,0.446835,0.49291,0.430817,0.42854,0.341596
Urate,p10_0038,0.880359,0.790721,0.779912,0.705757,0.681382,0.626557,0.664784,0.528071,0.49125,0.456206,0.511452,0.423323,0.429499,0.335909
Urate,p10_0039,0.898475,0.790788,0.776188,0.706856,0.683876,0.643366,0.641436,0.530708,0.490373,0.458344,0.497574,0.428635,0.43714,0.362457
Urate,p10_0040,0.899713,0.784977,0.788743,0.727696,0.681008,0.63885,0.663505,0.529476,0.502581,0.45761,0.496655,0.441228,0.43043,0.356939
Urate,p10_0041,0.87725,0.800283,0.783475,0.711904,0.672484,0.653128,0.668293,0.51989,0.48715,0.456118,0.53541,0.416159,0.422139,0.363108
Urate,p10_0042,0.89524,0.79864,0.780288,0.719024,0.685676,0.639477,0.655203,0.527811,0.513955,0.446281,0.494035,0.417839,0.438587,0.328036
Urate,p10_0043,0.881368,0.804071,0.772326,0.705803,0.685583,0.642563,0.674026,0.548126,0.479757,0.453372,0.51747,0.42136,0.413576,0.333967
Urate,p10_0044,0.880291,0.815769,0.791285,0.736809,0.691248,0.643184,0.660142,0.517115,0.477856,0.440141,0.506575,0.412867,0.425629,0.332824
Urate,p10_0045,0.888672,0.79209,0.768804,0.711395,0.669261,0.652205,0.65981,0.533952,0.481354,0.458784,0.527739,0.402416,0.424802,0.337564
Urate,p10_0046,0.880441,0.810161,0.779709,0.715601,0.687547,0.627524,0.66609,0.506294,0.502573,0.434527,0.518762,0.423432,0.445235,0.337354
Urate,p10_0047,0.88741,0.788284,0.781421,0.726039,0.678874,0.647455,0.672315,0.517152,0.511901,0.450583,0.498407,0.414035,0.427217,0.35273
Urate,p10_0048,0.890104,0.803244,0.791508,0.724575,0.698137,0.63729,0.672703,0.546283,0.504425,0.442905,0.497602,0.436106,0.443503,0.354194
Urate,p10_0049,0.888725,0.800231,0.767374,0.727622,0.66143,0.640321,0.656909,0.525981,0.506394,0.431719,0.513573,0.418388,0.433819,0.34741
Urate,p10_0050,0.870704,0.782795,0.775748,0.704303,0.681713,0.648364,0.629672,0.521926,0.474112,0.45979,0.508927,0.40153,0.452485,0.334443
Urate,p10_0051,0.876392,0.799017,0.775129,0.712716,0.690831,0.628299,0.675031,0.529731,0.487246,0.46596,0.527989,0.409002,0.425097,0.34336
Urate,p10_0052,0.886926,0.80008,0.797481,0.720175,0.693945,0.643002,0.661666,0.528187,0.493169,0.44776,0.502611,0.413469,0.433104,0.33301
Urate,p10_0053,0.88891,0.793953,0.78899,0.738799,0.67514,0.624717,0.661378,0.520836,0.506956,0.455995,0.516459,0.39999,0.414847,0.351688
Urate,p10_0054,0.876498,0.801638,0.779698,0.717517,0.691158,0.650735,0.66748,0.528657,0.470205,0.466236,0.503255,0.433669,0.428315,0.330343
Eosinophil Count,p11_0000,0.900582,0.797408,0.757375,0.716019,0.686065,0.601141,0.641592,0.622337,0.591351,0.492627,0.453338,0.369392,0.373705,0.297694
Eosinophil Count,p11_0001,0.88141,0.801065,0.766859,0.739258,0.686121,0.611628,0.666212,0.602074,0.588491,0.499755,0.463748,0.389993,0.384073,0.306716
Eosinophil Count,p11_0002,0.874033,0.782892,0.759712,0.72084,0.691894,0.586384,0.659805,0.604922,0.571752,0.495994,0.452632,0.37327,0.387055,0.298678
Eosinophil Count,p11_0003,0.888979,0.806273,0.750707,0.716888,0.669789,0.61203,0.645489,0.621699,0.576023,0.504959,0.467923,0.381184,0.381918,0.283022
Eosinophil Count,p11_0004,0.882599,0.781045,0.7519,0.72924,0.676679,0.609901,0.643066,0.631393,0.573631,0.509973,0.456011,0.389428,0.375518,0.31519
Eosinophil Count,p11_0005,0.866629,0.795934,0.770635,0.72443,0.678782,0.5933,0.663888,0.609636,0.575721,0.497626,0.456182,0.384896,0.377017,0.296168
Eosinophil Count,p11_0006,0.880999,0.781634,0.774793,0.717782,0.675545,0.615704,0.653554,0.63494,0.575677,0.511921,0.455056,0.371583,0.400327,0.310995
Eosinophil Count,p11_0007,0.875086,0.794738,0.765801,0.714433,0.691046,0.589115,0.652238,0.618382,0.598137,0.493971,0.461679,0.379738,0.395264,0.310245
Eosinophil Count,p11_0008,0.871291,0.803957,0.766039,0.704972,0.66972,0.602375,0.651268,0.619579,0.587853,0.487182,0.441172,0.392744,0.392241,0.308022
Eosinophil Count,p11_0009,0.874858,0.79812,0.747448,0.70459,0.694379,0.589096,0.661916,0.620351,0.580824,0.47352,0.454198,0.379105,0.372008,0.309411
Eosinophil Count,p11_0010,0.889824,0.795172,0.741512,0.728274,0.709282,0.597128,0.659465,0.625413,0.583555,0.498434,0.451185,0.378197,0.381731,0.301594
Eosinophil Count,p11_0011,0.886535,0.788106,0.752475,0.72395,0.678881,0.613637,0.642434,0.618647,0.588657,0.500769,0.449078,0.371092,0.387608,0.31334
Eosinophil Count,p11_0012,0.907573,0.780439,0.751355,0.720915,0.678409,0.612709,0.665717,0.618259,0.582232,0.505809,0.453754,0.375611,0.379776,0.305243
Eosinophil Count,p11_0013,0.887587,0.806783,0.762577,0.713299,0.693908,0.593832,0.63844,0.626275,0.586216,0.496314,0.454215,0.385595,0.366995,0.299274
Eosinophil Count,p11_0014,0.901403,0.802897,0.766526,0.721842,0.688513,0.60623,0.657369,0.6296,0.586239,0.493112,0.447544,0.369207,0.377064,0.331409
Eosinophil Count,p11_0015,0.885174,0.800375,0.744457,0.718224,0.70412,0.609894,0.658028,0.609479,0.574341,0.491968,0.456492,0.367123,0.385462,0.292669
Eosinophil Count,p11_0016,0.88564,0.811594,0.76724,0.725454,0.693203,0.605445,0.656513,0.630455,0.580036,0.479605,0.450381,0.379515,0.389182,0.293076
Eosinophil Count,p11_0017,0.891112,0.800831,0.773843,0.724397,0.675903,0.601892,0.655141,0.632515,0.580569,0.504376,0.461022,0.378945,0.378188,0.300176
Eosinophil Count,p11_0018,0.904938,0.803942,0.762871,0.722095,0.688382,0.604979,0.663319,0.612615,0.585754,0.479391,0.457992,0.389347,0.372649,0.306078
Eosinophil Count,p11_0019,0.887829,0.794566,0.768327,0.736465,0.695566,0.596731,0.658317,0.607568,0.546067,0.494752,0.478042,0.377305,0.386473,0.323468
Eosinophil Count,p11_0020,0.877517,0.797202,0.754698,0.717519,0.682778,0.588015,0.639993,0.605263,0.585076,0.504612,0.442709,0.379867,0.391601,0.310782
Eosinophil Count,p11_0021,0.879962,0.792733,0.752168,0.732759,0.675044,0.595566,0.649317,0.616225,0.585799,0.493594,0.444687,0.377814,0.386802,0.300221
Eosinophil Count,p11_0022,0.885355,0.809373,0.756457,0.719284,0.693718,0.609037,0.650528,0.63217,0.578467,0.506786,0.447265,0.363335,0.378537,0.295593
Eosinophil Count,p11_0023,0.90273,0.795007,0.755797,0.728358,0.682624,0.598225,0.670156,0.62967,0.591747,0.483776,0.460861,0.388035,0.383907,0.285462
Eosinophil Count,p11_0024,0.887011,0.800344,0.739898,0.726306,0.686694,0.595801,0.654582,0.615779,0.579954,0.504158,0.436859,0.383907,0.372999,0.330302
Eosinophil Count,p11_0025,0.892639,0.787638,0.774221,0.73362,0.693189,0.601894,0.657622,0.618361,0.582574,0.50026,0.456272,0.377484,0.371388,0.299088
Eosinophil Count,p11_0026,0.88535,0.797381,0.758057,0.726573,0.683209,0.602907,0.679725,0.619129,0.588564,0.499947,0.453738,0.377709,0.372583,0.300166
Eosinophil Count,p11_0027,0.87159,0.796203,0.770421,0.717299,0.688829,0.607104,0.673997,0.628518,0.587625,0.493996,0.454079,0.36567,0.390027,0.299386
Eosinophil Count,p11_0028,0.878649,0.807011,0.76044,0.711646,0.679662,0.600788,0.656427,0.618716,0.577898,0.513726,0.456759,0.382524,0.382973,0.284753
Eosinophil Count,p11_0029,0.881127,0.795689,0.766069,0.72051,0.683172,0.60416,0.6799,0.626158,0.581704,0.49792,0.447433,0.387794,0.375526,0.295129
Eosinophil Count,p11_0030,0.88455,0.798446,0.76177,0.735525,0.675346,0.603246,0.653009,0.61154,0.603903,0.490857,0.462589,0.377211,0.385557,0.284012
Eosinophil Count,p11_0031,0.873649,0.805096,0.770368,0.734653,0.669597,0.597235,0.664461,0.625754,0.590362,0.511852,0.456949,0.369305,0.384237,0.2989
Eosinophil Count,p11_0032,0.905748,0.793354,0.748901,0.734454,0.691104,0.628086,0.668674,0.626433,0.578484,0.482742,0.460972,0.384682,0.372758,0.288203
Eosinophil Count,p11_0033,0.885923,0.787625,0.770469,0.741726,0.693626,0.59011,0.656043,0.622704,0.575616,0.484412,0.466538,0.390016,0.393777,0.298969
Eosinophil Count,p11_0034,0.87281,0.789437,0.754173,0.715441,0.669237,0.591293,0.659928,0.615306,0.589257,0.505212,0.449027,0.404808,0.398198,0.306591
Eosinophil Count,p11_0035,0.875078,0.780555,0.779709,0.732081,0.687777,0.602003,0.666769,0.629042,0.567811,0.516243,0.447354,0.353489,0.368809,0.301349
Eosinophil Count,p11_0036,0.878579,0.795897,0.757213,0.723102,0.682899,0.578203,0.649558,0.617503,0.579885,0.490993,0.461031,0.386757,0.37315,0.313274
Eosinophil Count,p11_0037,0.891522,0.78711,0.779497,0.710051,0.679421,0.597682,0.644302,0.609407,0.580459,0.483169,0.452088,0.385835,0.379423,0.304436
Eosinophil Count,p11_0038,0.891796,0.788261,0.752223,0.697851,0.688732,0.604716,0.667941,0.595751,0.580865,0.490249,0.476996,0.352359,0.379463,0.296274
Eosinophil Count,p11_0039,0.874493,0.805009,0.744133,0.703285,0.681966,0.591453,0.66452,0.624043,0.590758,0.508905,0.436294,0.357654,0.38124,0.309222
Eosinophil Count,p11_0040,0.878721,0.783983,0.765883,0.711958,0.696755,0.608721,0.658367,0.602907,0.593593,0.493444,0.463105,0.381205,0.383456,0.307051
Eosinophil Count,p11_0041,0.869866,0.812991,0.767433,0.705517,0.689487,0.601039,0.665671,0.622356,0.587169,0.516424,0.452561,0.364821,0.380736,0.321387
Eosinophil Count,p11_0042,0.893276,0.812392,0.758569,0.709166,0.691103,0.588445,0.663217,0.608673,0.578049,0.490079,0.463709,0.356831,0.390511,0.289175
Eosinophil Count,p11_0043,0.892582,0.804571,0.773614,0.720534,0.697501,0.605247,0.642076,0.639364,0.566836,0.481854,0.47104,0.38485,0.373337,0.308183
Eosinophil Count,p11_0044,0.874537,0.790918,0.755481,0.712472,0.681984,0.61789,0.661588,0.615546,0.574126,0.502658,0.460877,0.390149,0.391844,0.288093
Eosinophil Count,p11_0045,0.879315,0.788272,0.750599,0.714807,0.694377,0.608673,0.659638,0.623004,0.596971,0.496518,0.455423,0.357233,0.378205,0.309101
Eosinophil Count,p11_0046,0.872875,0.801133,0.759574,0.708305,0.671708,0.592891,0.676061,0.611543,0.587725,0.504584,0.463102,0.380275,0.391525,0.30052
Eosinophil Count,p11_0047,0.880447,0.802687,0.764027,0.707587,0.693332,0.608057,0.650325,0.61266,0.601388,0.48361,0.440732,0.351188,0.379427,0.313504
Eosinophil Count,p11_0048,0.869002,0.788398,0.741457,0.720515,0.700226,0.603845,0.670666,0.624221,0.594447,0.499687,0.455024,0.364092,0.382747,0.304808
Eosinophil Count,p11_0049,0.881949,0.796122,0.767661,0.725591,0.686249,0.607935,0.648625,0.631988,0.587528,0.497715,0.464966,0.364862,0.395828,0.295369
Eosinophil Count,p11_0050,0.879207,0.786458,0.76155,0.739218,0.676788,0.58698,0.650354,0.631739,0.586005,0.475026,0.464828,0.368567,0.375534,0.29761
Eosinophil Count,p11_0051,0.871885,0.797527,0.766569,0.721457,0.701828,0.596213,0.663928,0.624105,0.55731,0.490071,0.456613,0.360292,0.357884,0.299372
Eosinophil Count,p11_0052,0.889898,0.805911,0.754093,0.725448,0.692961,0.62434,0.672233,0.641052,0.57969,0.504443,0.460664,0.380346,0.38222,0.307129
Eosinophil Count,p11_0053,0.882997,0.780687,0.763754,0.725698,0.686585,0.606298,0.66703,0.621842,0.580021,0.478428,0.444928,0.369115,0.377609,0.296935
Eosinophil Count,p11_0054,0.871079,0.805926,0.764651,0.711961,0.685021,0.604266,0.652367,0.610406,0.575004,0.508667,0.44651,0.381574,0.382819,0.293334
Platelet Count,p12_0000,0.895143,0.796881,0.80417,0.694491,0.681455,0.70575,0.654305,0.525737,0.58069,0.563808,0.50865,0.424084,0.381279,0.283725
Platelet Count,p12_0001,0.87629,0.803072,0.813453,0.668634,0.681291,0.675308,0.653736,0.528511,0.609564,0.551071,0.526605,0.404815,0.391039,0.28729
Platelet Count,p12_0002,0.870307,0.786292,0.814233,0.682924,0.662303,0.686275,0.664456,0.512494,0.571666,0.545032,0.495214,0.421042,0.378139,0.303816
Platelet Count,p12_0003,0.879254,0.796011,0.815933,0.667915,0.674907,0.720423,0.657753,0.52296,0.582483,0.529727,0.521531,0.418077,0.375822,0.31253
Platelet Count,p12_0004,0.895204,0.785746,0.818993,0.659199,0.667864,0.700732,0.654972,0.537319,0.584363,0.545057,0.517867,0.420011,0.385346,0.289059
Platelet Count,p12_0005,0.905815,0.792634,0.806366,0.676871,0.689239,0.695046,0.654075,0.526736,0.588724,0.539138,0.519654,0.421195,0.388006,0.27582
Platelet Count,p12_0006,0.900586,0.784346,0.803228,0.697793,0.673079,0.698926,0.659586,0.52162,0.568161,0.549965,0.487828,0.409905,0.382313,0.295499
Platelet Count,p12_0007,0.888312,0.815086,0.811657,0.684646,0.670263,0.700072,0.650872,0.524981,0.578591,0.550657,0.503149,0.433144,0.394338,0.308365
Platelet Count,p12_0008,0.907791,0.80185,0.811267,0.690142,0.682955,0.681399,0.668081,0.518673,0.570388,0.537392,0.503606,0.440037,0.366909,0.308934
Platelet Count,p12_0009,0.886941,0.80317,0.791345,0.699604,0.694853,0.697616,0.656548,0.533241,0.599863,0.551507,0.507574,0.412238,0.361218,0.287895
Platelet Count,p12_0010,0.883557,0.780941,0.805276,0.683098,0.668026,0.682641,0.663617,0.529426,0.58492,0.566377,0.520583,0.420762,0.375079,0.307448
Platelet Count,p12_0011,0.880681,0.782349,0.816849,0.680329,0.695785,0.707724,0.654113,0.513788,0.570692,0.511542,0.510257,0.400655,0.403816,0.286155
Platelet Count,p12_0012,0.903373,0.803429,0.827013,0.681542,0.666391,0.69379,0.653533,0.543697,0.585517,0.537392,0.515695,0.402937,0.355038,0.308248
Platelet Count,p12_0013,0.888215,0.793123,0.810851,0.694431,0.693943,0.686463,0.65516,0.538104,0.570688,0.550214,0.516585,0.418646,0.388396,0.304967
Platelet Count,p12_0014,0.892191,0.788554,0.808723,0.662633,0.674236,0.712822,0.672169,0.526482,0.569297,0.562338,0.52396,0.401196,0.375401,0.287661
Platelet Count,p12_0015,0.904543,0.789944,0.814554,0.700417,0.685649,0.69861,0.652534,0.524903,0.574371,0.527608,0.516556,0.417487,0.37282,0.300803
Platelet Count,p12_0016,0.890875,0.795716,0.808327,0.68599,0.685082,0.680265,0.644597,0.53524,0.601113,0.554466,0.52513,0.413904,0.388438,0.308543
Platelet Count,p12_0017,0.880735,0.803871,0.810093,0.677153,0.678403,0.687618,0.655605,0.508167,0.58919,0.528176,0.510368,0.418934,0.390702,0.30397
Platelet Count,p12_0018,0.895239,0.792924,0.819479,0.691303,0.672722,0.702093,0.68098,0.539262,0.579723,0.542812,0.520602,0.412718,0.373676,0.305261
Platelet Count,p12_0019,0.890207,0.792377,0.811108,0.677013,0.688508,0.685352,0.662783,0.532371,0.585142,0.535293,0.496604,0.408466,0.378479,0.290557
Platelet Count,p12_0020,0.869434,0.787664,0.812568,0.671848,0.676997,0.694062,0.649472,0.522515,0.5762,0.549782,0.513487,0.413635,0.380182,0.300725
Platelet Count,p12_0021,0.878762,0.797257,0.80004,0.692375,0.686535,0.694259,0.65454,0.529758,0.594211,0.550446,0.503847,0.426209,0.374884,0.291275
Platelet Count,p12_0022,0.896132,0.796683,0.795323,0.676005,0.683042,0.690236,0.658925,0.521779,0.58562,0.559604,0.498351,0.419354,0.391845,0.280652
Platelet Count,p12_0023,0.894555,0.800694,0.814656,0.668974,0.681462,0.698799,0.658047,0.529527,0.573861,0.527299,0.490668,0.412248,0.374507,0.303024
Platelet Count,p12_0024,0.879799,0.794467,0.808557,0.69048,0.681712,0.694128,0.664441,0.527451,0.581346,0.546515,0.518224,0.419717,0.37665,0.330577
Platelet Count,p12_0025,0.886386,0.797219,0.814145,0.678282,0.670918,0.686422,0.650216,0.534282,0.59148,0.563204,0.493341,0.419066,0.37319,0.303073
Platelet Count,p12_0026,0.870247,0.776612,0.801588,0.684684,0.691844,0.692947,0.662038,0.516691,0.585766,0.547759,0.514836,0.409534,0.386721,0.286805
Platelet Count,p12_0027,0.871162,0.787351,0.798332,0.677219,0.680697,0.680517,0.665551,0.519739,0.580654,0.553732,0.513969,0.428098,0.382098,0.30823
Platelet Count,p12_0028,0.874578,0.805456,0.800549,0.677033,0.660834,0.694972,0.660283,0.53031,0.575232,0.547496,0.504911,0.415437,0.401075,0.302594
Platelet Count,p12_0029,0.878101,0.800018,0.82548,0.67119,0.696795,0.698245,0.656649,0.51257,0.590065,0.546503,0.516707,0.407357,0.392468,0.286338
Platelet Count,p12_0030,0.887329,0.78119,0.81176,0.661757,0.690914,0.686542,0.666209,0.527622,0.581922,0.538047,0.498785,0.416954,0.384627,0.318066
Platelet Count,p12_0031,0.908667,0.793439,0.800227,0.681494,0.686645,0.708609,0.663663,0.524008,0.574222,0.54409,0.503574,0.408702,0.387244,0.297517
Platelet Count,p12_0032,0.878612,0.801462,0.805348,0.677157,0.674451,0.684221,0.662391,0.522776,0.585991,0.538484,0.512576,0.410914,0.400627,0.298167
Platelet Count,p12_0033,0.887187,0.784246,0.807235,0.679821,0.673501,0.689543,0.673758,0.521173,0.58398,0.525907,0.509335,0.422772,0.374506,0.295288
Platelet Count,p12_0034,0.892352,0.783179,0.828697,0.671451,0.704002,0.6973,0.653278,0.534752,0.58729,0.542036,0.49973,0.423819,0.382633,0.312619
Platelet Count,p12_0035,0.897276,0.767368,0.809493,0.679906,0.692385,0.726336,0.658796,0.512204,0.589262,0.55319,0.497408,0.416965,0.381288,0.296245
Platelet Count,p12_0036,0.907679,0.795537,0.819055,0.670516,0.683985,0.685835,0.648399,0.532674,0.579216,0.543987,0.514652,0.412929,0.383019,0.285763
Platelet Count,p12_0037,0.870186,0.790812,0.815884,0.680595,0.686422,0.697576,0.657058,0.52757,0.570048,0.546547,0.508574,0.417084,0.367188,0.307947
Platelet Count,p12_0038,0.873729,0.807253,0.814684,0.680133,0.701439,0.680926,0.661009,0.519973,0.592913,0.558971,0.507843,0.445029,0.392362,0.308378
Platelet Count,p12_0039,0.875338,0.810067,0.808223,0.674792,0.685926,0.698923,0.645129,0.543674,0.588421,0.520762,0.495094,0.414046,0.386665,0.318294
Platelet Count,p12_0040,0.87536,0.79256,0.807401,0.686731,0.668913,0.679862,0.646608,0.531901,0.585893,0.545604,0.501197,0.42714,0.368096,0.306146
Platelet Count,p12_0041,0.872818,0.80472,0.809723,0.693636,0.678401,0.691631,0.643853,0.528606,0.589972,0.545719,0.486661,0.421636,0.381245,0.291944
Platelet Count,p12_0042,0.882473,0.777362,0.797938,0.682903,0.686646,0.699738,0.662642,0.522029,0.57408,0.543107,0.515143,0.410917,0.362245,0.309066
Platelet Count,p12_0043,0.880773,0.790087,0.830822,0.67182,0.669554,0.713841,0.657571,0.532279,0.572207,0.542118,0.501095,0.402695,0.390656,0.310022
Platelet Count,p12_0044,0.872447,0.778579,0.810341,0.682952,0.693904,0.700759,0.666284,0.521275,0.577933,0.539635,0.503908,0.410799,0.37728,0.293927
Platelet Count,p12_0045,0.891407,0.790378,0.805564,0.667568,0.67968,0.695593,0.663893,0.525754,0.57375,0.547404,0.511171,0.414468,0.367611,0.29368
Platelet Count,p12_0046,0.880615,0.806654,0.795929,0.676384,0.681007,0.693424,0.640006,0.524223,0.59128,0.541589,0.514434,0.435294,0.391352,0.29384
Platelet Count,p12_0047,0.879256,0.783842,0.799495,0.676532,0.696165,0.685142,0.667607,0.541074,0.582495,0.54228,0.514761,0.406011,0.402247,0.304926
Platelet Count,p12_0048,0.889679,0.784377,0.813724,0.661336,0.684753,0.708912,0.671663,0.537345,0.57321,0.544214,0.501616,0.416142,0.390072,0.301242
Platelet Count,p12_0049,0.901942,0.804779,0.800792,0.692327,0.680578,0.718563,0.664631,0.508279,0.576485,0.540593,0.484288,0.403219,0.382653,0.298636
Platelet Count,p12_0050,0.90347,0.808863,0.796438,0.678149,0.681881,0.707306,0.671661,0.527848,0.577185,0.534039,0.508081,0.413675,0.38457,0.305612
Platelet Count,p12_0051,0.878285,0.798394,0.805386,0.675441,0.685989,0.702735,0.648102,0.523449,0.57834,0.539617,0.514592,0.432204,0.386099,0.289603
Platelet Count,p12_0052,0.886706,0.786495,0.809715,0.663127,0.688284,0.693301,0.663473,0.538784,0.571592,0.542559,0.517965,0.422643,0.392242,0.305453
Platelet Count,p12_0053,0.885453,0.780553,0.817146,0.683892,0.683556,0.678912,0.653245,0.540405,0.597444,0.540876,0.503408,0.429427,0.387599,0.303112
Platelet Count,p12_0054,0.883122,0.795447,0.808224,0.677922,0.684279,0.707258,0.662018,0.518273,0.594041,0.548547,0.501131,0.405629,0.387661,0.291487
Red Blood Cell Count,p13_0000,0.89077,0.776527,0.753433,0.736468,0.68031,0.641597,0.576547,0.622582,0.546889,0.561913,0.463771,0.38259,0.337011,0.295439
Red Blood Cell Count,p13_0001,0.895381,0.777993,0.750798,0.712312,0.667162,0.631377,0.563926,0.622838,0.529563,0.549271,0.443859,0.387709,0.345669,0.301982
Red Blood Cell Count,p13_0002,0.871996,0.790276,0.764356,0.698177,0.699082,0.636758,0.578161,0.619324,0.53126,0.541184,0.463949,0.380505,0.32864,0.303067
Red Blood Cell Count,p13_0003,0.884181,0.799168,0.743152,0.721163,0.687455,0.638394,0.572514,0.631049,0.519976,0.544072,0.455081,0.393964,0.316013,0.293534
Red Blood Cell Count,p13_0004,0.897014,0.786679,0.756102,0.703814,0.667518,0.637166,0.567828,0.634125,0.535661,0.558817,0.464076,0.367827,0.336753,0.299892
Red Blood Cell Count,p13_0005,0.873129,0.805225,0.75735,0.723218,0.683221,0.655727,0.567174,0.621253,0.538024,0.546493,0.453952,0.389422,0.329638,0.305066
Red Blood Cell Count,p13_0006,0.885012,0.776874,0.74239,0.729996,0.672114,0.642635,0.574523,0.611809,0.540657,0.543687,0.453226,0.390317,0.348,0.309977
Red Blood Cell Count,p13_0007,0.879557,0.793706,0.747086,0.697907,0.671553,0.643217,0.562334,0.627959,0.534051,0.549551,0.467933,0.364972,0.332026,0.301776
Red Blood Cell Count,p13_0008,0.877235,0.797078,0.758377,0.713592,0.678535,0.644807,0.574664,0.610421,0.526649,0.541501,0.469133,0.358271,0.352965,0.303869
Red Blood Cell Count,p13_0009,0.889008,0.78052,0.770481,0.709196,0.679449,0.638701,0.547901,0.618021,0.552611,0.539694,0.455325,0.376296,0.326863,0.313202
Red Blood Cell Count,p13_0010,0.898152,0.787773,0.755272,0.717925,0.670748,0.637723,0.552298,0.627981,0.519315,0.536009,0.462546,0.367327,0.341294,0.304612
Red Blood Cell Count,p13_0011,0.910378,0.774583,0.746315,0.707683,0.692684,0.644076,0.566049,0.606537,0.539262,0.557487,0.482405,0.391268,0.344946,0.286335
Red Blood Cell Count,p13_0012,0.877041,0.782036,0.754816,0.717892,0.671456,0.648764,0.566995,0.627376,0.535489,0.54061,0.472116,0.377776,0.342972,0.296866
Red Blood Cell Count,p13_0013,0.894945,0.789714,0.761016,0.723249,0.675482,0.633251,0.570077,0.627279,0.527714,0.549387,0.462875,0.368861,0.343846,0.31501
Red Blood Cell Count,p13_0014,0.892148,0.786854,0.763478,0.719906,0.700315,0.646474,0.557398,0.611106,0.547219,0.533973,0.463634,0.359503,0.33318,0.297319
Red Blood Cell Count,p13_0015,0.886976,0.78824,0.771136,0.730222,0.680741,0.626862,0.559846,0.625852,0.513164,0.530682,0.441546,0.37912,0.337899,0.309196
Red Blood Cell Count,p13_0016,0.892739,0.792019,0.761975,0.701588,0.683408,0.646436,0.589492,0.613786,0.51933,0.531593,0.456106,0.37955,0.341283,0.303884
Red Blood Cell Count,p13_0017,0.884537,0.798282,0.759393,0.711851,0.691942,0.632541,0.570075,0.640449,0.52196,0.53475,0.449653,0.368175,0.358572,0.302023
Red Blood Cell Count,p13_0018,0.871228,0.785826,0.786662,0.733418,0.684089,0.633506,0.573396,0.613729,0.523253,0.529982,0.451606,0.380363,0.341763,0.298193
Red Blood Cell Count,p13_0019,0.880097,0.791016,0.774605,0.734988,0.689176,0.629326,0.562086,0.615816,0.541352,0.554025,0.457379,0.363189,0.33704,0.300634
Red Blood Cell Count,p13_0020,0.889549,0.785566,0.744956,0.715887,0.69432,0.629299,0.56504,0.631366,0.542155,0.539539,0.46185,0.366776,0.341112,0.309606
Red Blood Cell Count,p13_0021,0.891404,0.799654,0.753355,0.713473,0.680658,0.63346,0.567389,0.627282,0.533196,0.551162,0.460458,0.387948,0.325292,0.290732
Red Blood Cell Count,p13_0022,0.881394,0.799,0.758359,0.742151,0.692346,0.638686,0.568184,0.612981,0.542676,0.542465,0.458364,0.391996,0.334722,0.293252
Red Blood Cell Count,p13_0023,0.875675,0.79028,0.770407,0.721182,0.666612,0.618977,0.574483,0.619075,0.54268,0.550924,0.444925,0.376241,0.34282,0.299622
Red Blood Cell Count,p13_0024,0.894632,0.781152,0.755733,0.713704,0.68235,0.636025,0.56544,0.628034,0.528954,0.556915,0.438806,0.374897,0.351163,0.292485
Red Blood Cell Count,p13_0025,0.884055,0.775257,0.776503,0.717359,0.674961,0.625285,0.562217,0.623707,0.545165,0.533511,0.465703,0.358723,0.331425,0.310081
Red Blood Cell Count,p13_0026,0.896594,0.799297,0.768096,0.724332,0.678478,0.623976,0.565883,0.604009,0.53182,0.54519,0.463257,0.372046,0.349605,0.295109
Red Blood Cell Count,p13_0027,0.880651,0.78863,0.746485,0.713491,0.704115,0.646985,0.579182,0.629042,0.536981,0.548703,0.471019,0.381471,0.338989,0.317885
Red Blood Cell Count,p13_0028,0.886467,0.777341,0.763173,0.726014,0.677571,0.659115,0.553776,0.616426,0.52405,0.53745,0.462676,0.3741,0.34247,0.304655
Red Blood Cell Count,p13_0029,0.902302,0.781656,0.767968,0.742471,0.675978,0.646977,0.573118,0.613761,0.526485,0.544988,0.446277,0.378916,0.335802,0.304477
Red Blood Cell Count,p13_0030,0.895578,0.792868,0.769559,0.719456,0.699118,0.646651,0.553499,0.631565,0.527937,0.554514,0.453045,0.381485,0.325002,0.297751
Red Blood Cell Count,p13_0031,0.890727,0.789175,0.758476,0.715451,0.677063,0.626362,0.553384,0.622119,0.531858,0.54567,0.462426,0.373041,0.336894,0.292612
Red Blood Cell Count,p13_0032,0.894499,0.802483,0.761622,0.728239,0.68686,0.648205,0.576616,0.626116,0.530194,0.533713,0.464748,0.364233,0.335004,0.289194
Red Blood Cell Count,p13_0033,0.868595,0.777006,0.76106,0.723666,0.68533,0.63176,0.545078,0.619645,0.523769,0.548103,0.475256,0.378762,0.342297,0.311038
Red Blood Cell Count,p13_0034,0.876811,0.792581,0.758802,0.728136,0.69912,0.646685,0.57193,0.605897,0.54148,0.548805,0.45707,0.381876,0.331378,0.290915
Red Blood Cell Count,p13_0035,0.889932,0.801432,0.752808,0.714477,0.684397,0.621622,0.545242,0.634193,0.540332,0.543285,0.460679,0.353122,0.338515,0.284183
Red Blood Cell Count,p13_0036,0.883749,0.793387,0.779949,0.715745,0.675644,0.644672,0.55193,0.614722,0.533708,0.551669,0.454268,0.364217,0.33396,0.308708
Red Blood Cell Count,p13_0037,0.889223,0.798135,0.750101,0.725295,0.676729,0.645299,0.5643,0.621851,0.515273,0.550083,0.460545,0.374385,0.329255,0.313433
Red Blood Cell Count,p13_0038,0.886052,0.778985,0.757305,0.719837,0.709064,0.636765,0.557352,0.60397,0.535357,0.548957,0.469417,0.358894,0.351573,0.30701
Red Blood Cell Count,p13_0039,0.881812,0.805741,0.765841,0.728824,0.701809,0.629681,0.574038,0.615506,0.542727,0.542914,0.45807,0.363393,0.351324,0.305004
Red Blood Cell Count,p13_0040,0.879315,0.771713,0.762267,0.719977,0.67796,0.614621,0.567345,0.61363,0.535207,0.549497,0.453372,0.368794,0.348813,0.303296
Red Blood Cell Count,p13_0041,0.868651,0.780226,0.748073,0.719542,0.664874,0.634298,0.566521,0.613127,0.543884,0.532762,0.444809,0.368632,0.350558,0.305953
Red Blood Cell Count,p13_0042,0.881861,0.803022,0.748132,0.714094,0.683573,0.632584,0.559847,0.643987,0.544564,0.551192,0.45099,0.367326,0.320974,0.31512
Red Blood Cell Count,p13_0043,0.874792,0.789895,0.754502,0.743795,0.70073,0.633865,0.575871,0.629033,0.53132,0.542564,0.45032,0.388931,0.351441,0.324069
Red Blood Cell Count,p13_0044,0.883807,0.794941,0.757652,0.722228,0.672311,0.633022,0.561024,0.627546,0.530133,0.543413,0.453586,0.371355,0.346671,0.312269
Red Blood Cell Count,p13_0045,0.892859,0.777743,0.755547,0.723795,0.684246,0.635504,0.555787,0.609112,0.520205,0.556533,0.445961,0.358394,0.364319,0.305729
Red Blood Cell Count,p13_0046,0.856196,0.781276,0.771497,0.743983,0.687085,0.651263,0.566271,0.602422,0.537355,0.534773,0.463364,0.394044,0.330164,0.303903
Red Blood Cell Count,p13_0047,0.902987,0.799673,0.766424,0.713452,0.693437,0.629478,0.559158,0.616416,0.524532,0.561554,0.467096,0.367167,0.326129,0.29209
Red Blood Cell Count,p13_0048,0.885854,0.808344,0.771954,0.734672,0.687149,0.650743,0.571078,0.625943,0.520728,0.53998,0.452913,0.373547,0.33135,0.298897
Red Blood Cell Count,p13_0049,0.884321,0.788768,0.745837,0.719282,0.665218,0.633813,0.554396,0.615625,0.532992,0.554321,0.452324,0.363108,0.338362,0.298156
Red Blood Cell Count,p13_0050,0.892971,0.78585,0.751597,0.71014,0.676432,0.627235,0.568652,0.602258,0.514289,0.550811,0.443262,0.386755,0.34043,0.314049
Red Blood Cell Count,p13_0051,0.883664,0.785853,0.74725,0.702646,0.69496,0.654331,0.574677,0.628439,0.526165,0.557905,0.465049,0.36726,0.336198,0.304181
Red Blood Cell Count,p13_0052,0.89037,0.807227,0.757895,0.740786,0.699813,0.636152,0.54378,0.624314,0.537848,0.546102,0.470927,0.363925,0.331488,0.318739
Red Blood Cell Count,p13_0053,0.886939,0.790944,0.761046,0.718863,0.684716,0.631795,0.561766,0.625539,0.54092,0.54018,0.477336,0.373881,0.328049,0.298173
Red Blood Cell Count,p13_0054,0.882199,0.798188,0.757568,0.709527,0.685196,0.631967,0.560511,0.630315,0.528091,0.543659,0.44861,0.366277,0.340198,0.30299
White Blood Cell Count,p14_0000,0.879054,0.807949,0.723404,0.780773,0.688036,0.703851,0.676507,0.547529,0.497766,0.526099,0.412894,0.411481,0.410234,0.392323
White Blood Cell Count,p14_0001,0.890332,0.78747,0.713282,0.765109,0.682533,0.697563,0.652103,0.565497,0.479276,0.558071,0.415026,0.424648,0.369076,0.399524
White Blood Cell Count,p14_0002,0.877463,0.794286,0.71216,0.750232,0.674484,0.700649,0.657178,0.552723,0.497166,0.543815,0.417693,0.407851,0.387759,0.393001
White Blood Cell Count,p14_0003,0.907051,0.810038,0.714126,0.768611,0.67935,0.703121,0.651026,0.581802,0.501306,0.544438,0.410373,0.432674,0.361068,0.404363
White Blood Cell Count,p14_0004,0.897416,0.816542,0.702541,0.779913,0.699212,0.698685,0.6689,0.578206,0.475692,0.539797,0.417707,0.413418,0.377779,0.396226
White Blood Cell Count,p14_0005,0.887359,0.813287,0.732114,0.774647,0.674611,0.696688,0.65792,0.580971,0.508967,0.5529,0.41514,0.409247,0.380714,0.397014
White Blood Cell Count,p14_0006,0.874982,0.804812,0.702445,0.765968,0.695527,0.700338,0.673004,0.569689,0.495159,0.549111,0.411745,0.411711,0.397377,0.412161
White Blood Cell Count,p14_0007,0.880589,0.814265,0.714058,0.757968,0.680976,0.690036,0.647877,0.584881,0.500057,0.547479,0.407717,0.441357,0.375437,0.388937
White Blood Cell Count,p14_0008,0.891173,0.819981,0.713079,0.77072,0.664546,0.702175,0.671486,0.581574,0.482347,0.544116,0.407354,0.422501,0.386128,0.397652
White Blood Cell Count,p14_0009,0.888777,0.823369,0.706624,0.770181,0.671364,0.696216,0.651024,0.578893,0.483878,0.56214,0.391799,0.415658,0.386363,0.396485
White Blood Cell Count,p14_0010,0.89743,0.814682,0.711869,0.788212,0.679175,0.703789,0.658209,0.548248,0.484078,0.549117,0.42529,0.420116,0.389041,0.414491
White Blood Cell Count,p14_0011,0.886629,0.786331,0.727211,0.780952,0.685669,0.675866,0.658794,0.589473,0.492518,0.533923,0.412216,0.426469,0.391681,0.400023
White Blood Cell Count,p14_0012,0.88517,0.806752,0.712557,0.777935,0.668467,0.701647,0.646407,0.565388,0.505098,0.564223,0.419098,0.422729,0.390308,0.394702
White Blood Cell Count,p14_0013,0.887577,0.803769,0.711126,0.773582,0.673743,0.700272,0.674714,0.54873,0.489612,0.552669,0.412704,0.420428,0.376134,0.374189
White Blood Cell Count,p14_0014,0.893476,0.810129,0.713949,0.764769,0.672579,0.691996,0.663702,0.580749,0.502449,0.544453,0.410829,0.407916,0.394634,0.402052
White Blood Cell Count,p14_0015,0.888974,0.802818,0.701163,0.768391,0.678455,0.714306,0.65271,0.562838,0.484405,0.542168,0.406954,0.416132,0.37473,0.392535
White Blood Cell Count,p14_0016,0.868453,0.804402,0.711295,0.779709,0.696663,0.691786,0.66385,0.574641,0.495642,0.551579,0.404155,0.43319,0.376231,0.410353
White Blood Cell Count,p14_0017,0.884004,0.814853,0.700915,0.793907,0.676634,0.691027,0.6526,0.579438,0.496844,0.533501,0.425216,0.434071,0.398161,0.378019
White Blood Cell Count,p14_0018,0.867032,0.798423,0.70838,0.766995,0.680803,0.684941,0.650708,0.566584,0.500305,0.541286,0.408164,0.414372,0.403369,0.39775
White Blood Cell Count,p14_0019,0.878632,0.808903,0.703967,0.779883,0.69707,0.691101,0.658523,0.561932,0.495025,0.548637,0.420087,0.418164,0.373783,0.39487
White Blood Cell Count,p14_0020,0.867264,0.806268,0.717187,0.764861,0.684211,0.710653,0.659563,0.579739,0.475395,0.551554,0.403738,0.422475,0.364811,0.403156
White Blood Cell Count,p14_0021,0.905033,0.800166,0.709335,0.770977,0.706893,0.680417,0.660484,0.565571,0.471209,0.536722,0.415352,0.418932,0.39366,0.385333
White Blood Cell Count,p14_0022,0.878312,0.800029,0.732769,0.765931,0.675306,0.704197,0.650191,0.572393,0.492991,0.556983,0.439196,0.423614,0.388267,0.409283
White Blood Cell Count,p14_0023,0.907281,0.799981,0.709168,0.774423,0.681068,0.717761,0.663763,0.560379,0.496554,0.540552,0.400638,0.422775,0.389211,0.39381
White Blood Cell Count,p14_0024,0.899921,0.794601,0.725377,0.776872,0.675482,0.694565,0.665835,0.562302,0.489176,0.547812,0.418333,0.40638,0.375794,0.380049
White Blood Cell Count,p14_0025,0.88664,0.790834,0.70886,0.766742,0.665547,0.694644,0.661712,0.559981,0.500078,0.559824,0.419957,0.425295,0.401231,0.376842
White Blood Cell Count,p14_0026,0.87541,0.818535,0.712722,0.76269,0.679044,0.704025,0.670883,0.572745,0.492677,0.555772,0.409037,0.399316,0.382048,0.407801
White Blood Cell Count,p14_0027,0.899494,0.805055,0.718764,0.781189,0.680741,0.692314,0.662976,0.565623,0.501189,0.554731,0.4064,0.42886,0.381709,0.403709
White Blood Cell Count,p14_0028,0.889251,0.815573,0.721818,0.779471,0.669061,0.700426,0.671468,0.574146,0.494247,0.536593,0.398164,0.410155,0.382697,0.385574
White Blood Cell Count,p14_0029,0.886729,0.78981,0.725124,0.768375,0.68693,0.705046,0.662186,0.58714,0.510823,0.528387,0.413898,0.419261,0.347849,0.397262
White Blood Cell Count,p14_0030,0.870101,0.814075,0.71919,0.782003,0.682434,0.69568,0.65835,0.571805,0.485976,0.534329,0.414624,0.430561,0.383977,0.396405
White Blood Cell Count,p14_0031,0.872724,0.792701,0.704696,0.757462,0.699033,0.675248,0.650399,0.575102,0.490675,0.566597,0.409832,0.420038,0.373999,0.391221
White Blood Cell Count,p14_0032,0.897814,0.796904,0.707515,0.766694,0.697351,0.687315,0.640518,0.580167,0.4863,0.534103,0.415001,0.419602,0.386463,0.395235
White Blood Cell Count,p14_0033,0.875223,0.812203,0.714972,0.776976,0.685341,0.692491,0.657158,0.569275,0.480574,0.538077,0.41512,0.437566,0.381412,0.415376
White Blood Cell Count,p14_0034,0.88028,0.810689,0.718689,0.756033,0.694752,0.710172,0.651854,0.562955,0.470045,0.551258,0.406007,0.407215,0.381536,0.386838
White Blood Cell Count,p14_0035,0.890198,0.796483,0.712918,0.783382,0.686742,0.691579,0.657521,0.558351,0.494914,0.549429,0.417032,0.424566,0.365129,0.408477
White Blood Cell Count,p14_0036,0.888181,0.825657,0.715065,0.784724,0.685552,0.690753,0.642577,0.571088,0.501592,0.545808,0.422875,0.420235,0.376206,0.390046
White Blood Cell Count,p14_0037,0.881912,0.810741,0.703165,0.766969,0.697852,0.691435,0.648664,0.581108,0.486703,0.54085,0.409301,0.409372,0.377628,0.389571
White Blood Cell Count,p14_0038,0.905244,0.81003,0.711599,0.766772,0.685704,0.705442,0.664616,0.57151,0.487312,0.557875,0.407413,0.410112,0.381838,0.382261
White Blood Cell Count,p14_0039,0.884198,0.788806,0.713051,0.77569,0.670396,0.705476,0.673078,0.5562,0.472305,0.536218,0.410216,0.407698,0.367992,0.38694
White Blood Cell Count,p14_0040,0.901657,0.814241,0.721739,0.755983,0.677189,0.699513,0.655924,0.582686,0.498588,0.527297,0.401879,0.414387,0.386595,0.415042
White Blood Cell Count,p14_0041,0.885267,0.81016,0.716375,0.76063,0.696033,0.696524,0.666333,0.574602,0.489962,0.555552,0.400075,0.417832,0.389301,0.406126
White Blood Cell Count,p14_0042,0.900081,0.803859,0.714199,0.765074,0.67039,0.707066,0.657774,0.553113,0.485947,0.550458,0.42491,0.423216,0.379304,0.393918
White Blood Cell Count,p14_0043,0.902872,0.820014,0.713539,0.764285,0.683372,0.687086,0.659759,0.563098,0.48238,0.541978,0.414852,0.419067,0.382379,0.409356
White Blood Cell Count,p14_0044,0.88996,0.795062,0.728962,0.772863,0.693808,0.683267,0.654909,0.563056,0.486638,0.544058,0.413161,0.425075,0.390599,0.371133
White Blood Cell Count,p14_0045,0.892104,0.812821,0.730515,0.761536,0.683523,0.67813,0.659836,0.574753,0.49103,0.525814,0.412919,0.418681,0.388837,0.383612
White Blood Cell Count,p14_0046,0.877072,0.81315,0.726506,0.778572,0.685083,0.706483,0.653947,0.547235,0.471404,0.534338,0.421513,0.4156,0.391556,0.403775
White Blood Cell Count,p14_0047,0.869302,0.812042,0.712185,0.760825,0.659205,0.685716,0.646346,0.567533,0.486031,0.55068,0.405417,0.447431,0.369756,0.404046
White Blood Cell Count,p14_0048,0.887058,0.806993,0.715277,0.768717,0.690642,0.704609,0.658394,0.586592,0.495607,0.52828,0.418081,0.418196,0.367823,0.383733
White Blood Cell Count,p14_0049,0.887454,0.817714,0.713322,0.773242,0.694621,0.672055,0.656286,0.560545,0.496155,0.543689,0.431686,0.419176,0.36801,0.417829
White Blood Cell Count,p14_0050,0.8811,0.818899,0.700189,0.770936,0.707711,0.700323,0.659027,0.577891,0.485406,0.54323,0.431462,0.411857,0.350409,0.404449
White Blood Cell Count,p14_0051,0.881182,0.80021,0.720352,0.763159,0.688148,0.692,0.649906,0.574536,0.500717,0.542209,0.419611,0.408504,0.381013,0.396763
White Blood Cell Count,p14_0052,0.886996,0.799434,0.723667,0.754972,0.690345,0.701404,0.65841,0.570569,0.49153,0.536951,0.415353,0.430663,0.394584,0.393738
White Blood Cell Count,p14_0053,0.883904,0.8079,0.723268,0.758158,0.673515,0.709367,0.652202,0.567766,0.501342,0.546295,0.409602,0.42466,0.376185,0.382613
White Blood Cell Count,p14_0054,0.892572,0.800737,0.71651,0.762599,0.683399,0.700973,0.639896,0.570513,0.486753,0.541518,0.411493,0.427804,0.383249,0.39471
Prostate Cancer,p15_0000,0.873692,0.812156,0.770842,0.727755,0.681014,0.609607,0.665905,0.636536,0.472921,0.489795,0.511587,0.481773,0.370605,0.352001
Prostate Cancer,p15_0001,0.894428,0.816053,0.743047,0.702682,0.682177,0.615339,0.647902,0.623816,0.50531,0.496601,0.492005,0.458449,0.390838,0.333728
Prostate Cancer,p15_0002,0.902613,0.791089,0.759448,0.706728,0.670418,0.602592,0.653081,0.632571,0.49598,0.467043,0.494791,0.44957,0.380194,0.347397
Prostate Cancer,p15_0003,0.901587,0.79394,0.754884,0.738129,0.671809,0.594387,0.647279,0.607609,0.480251,0.502258,0.515111,0.482115,0.390762,0.347279
Prostate Cancer,p15_0004,0.879317,0.80261,0.746763,0.714686,0.678549,0.601644,0.660882,0.6264,0.491089,0.486016,0.502654,0.466843,0.368652,0.350135
Prostate Cancer,p15_0005,0.890591,0.783917,0.749985,0.721058,0.673014,0.611247,0.6513,0.631893,0.484505,0.498246,0.50889,0.472827,0.394616,0.335826
Prostate Cancer,p15_0006,0.883556,0.807133,0.765087,0.718204,0.688441,0.604746,0.668257,0.610965,0.500451,0.50267,0.501356,0.46852,0.395872,0.32728
Prostate Cancer,p15_0007,0.883216,0.798709,0.775536,0.712652,0.681822,0.593242,0.67571,0.623071,0.485078,0.475682,0.497571,0.473853,0.37957,0.352893
Prostate Cancer,p15_0008,0.907186,0.798022,0.776282,0.724734,0.683712,0.589014,0.651973,0.591364,0.495039,0.491588,0.520913,0.459678,0.377662,0.337383
Prostate Cancer,p15_0009,0.884725,0.792463,0.751977,0.734438,0.688158,0.592899,0.663224,0.621885,0.491514,0.489959,0.496562,0.462716,0.377119,0.345678
Prostate Cancer,p15_0010,0.89014,0.800662,0.764271,0.722192,0.694867,0.609258,0.674091,0.615106,0.49599,0.507009,0.498437,0.44983,0.382823,0.352926
Prostate Cancer,p15_0011,0.876682,0.780004,0.750272,0.736997,0.669567,0.601198,0.655758,0.630067,0.487537,0.501205,0.507936,0.466414,0.380557,0.336344
Prostate Cancer,p15_0012,0.888119,0.799499,0.74646,0.706513,0.659651,0.617687,0.673745,0.633471,0.474481,0.482252,0.508367,0.463147,0.398715,0.360391
Prostate Cancer,p15_0013,0.883895,0.790728,0.76226,0.720806,0.686573,0.602573,0.649092,0.620187,0.486109,0.488929,0.531087,0.477977,0.391481,0.340355
Prostate Cancer,p15_0014,0.875153,0.806399,0.744052,0.709527,0.67522,0.601796,0.660226,0.623406,0.501895,0.476403,0.509024,0.474843,0.386831,0.34459
Prostate Cancer,p15_0015,0.887519,0.789435,0.760686,0.727056,0.682053,0.597772,0.654622,0.621752,0.496707,0.49687,0.513187,0.469536,0.370714,0.357329
Prostate Cancer,p15_0016,0.889054,0.805599,0.75794,0.730329,0.669477,0.601166,0.646959,0.629627,0.493983,0.490596,0.513274,0.458888,0.392409,0.336062
Prostate Cancer,p15_0017,0.879345,0.781556,0.761436,0.723155,0.681678,0.612628,0.660589,0.622497,0.492059,0.494318,0.498067,0.458547,0.386945,0.347925
Prostate Cancer,p15_0018,0.87638,0.79824,0.772025,0.719501,0.687911,0.609379,0.676993,0.618419,0.48252,0.504081,0.513949,0.476585,0.365256,0.363327
Prostate Cancer,p15_0019,0.877186,0.822537,0.752802,0.718024,0.67126,0.615255,0.661887,0.615599,0.488384,0.498806,0.525888,0.466486,0.37337,0.332021
Prostate Cancer,p15_0020,0.889995,0.795553,0.758167,0.741235,0.669974,0.60521,0.654953,0.627896,0.499399,0.491531,0.53011,0.477245,0.379707,0.321387
Prostate Cancer,p15_0021,0.878805,0.784334,0.741098,0.725741,0.681437,0.600741,0.652378,0.624557,0.474341,0.499146,0.506459,0.469215,0.394217,0.338913
Prostate Cancer,p15_0022,0.895916,0.788838,0.757733,0.72503,0.692662,0.591792,0.666756,0.615074,0.495206,0.494921,0.498407,0.477837,0.398704,0.326092
Prostate Cancer,p15_0023,0.885201,0.791253,0.76492,0.700994,0.691179,0.599994,0.657209,0.610686,0.491939,0.503545,0.489373,0.480384,0.368433,0.336913
Prostate Cancer,p15_0024,0.920731,0.800011,0.763176,0.708711,0.688479,0.5899,0.655457,0.618873,0.495575,0.495719,0.502453,0.464811,0.357271,0.352167
Prostate Cancer,p15_0025,0.909769,0.804062,0.736381,0.725019,0.688208,0.611299,0.656769,0.630068,0.487343,0.497383,0.491476,0.464013,0.367245,0.356599
Prostate Cancer,p15_0026,0.886936,0.808045,0.766794,0.703671,0.675803,0.615011,0.658571,0.629302,0.499129,0.501745,0.487397,0.458298,0.38271,0.349535
Prostate Cancer,p15_0027,0.882205,0.785589,0.76062,0.709957,0.678541,0.609118,0.673434,0.622281,0.486133,0.48593,0.522397,0.460916,0.3667,0.349049
Prostate Cancer,p15_0028,0.88991,0.810748,0.74679,0.721645,0.678347,0.594678,0.656123,0.621827,0.489514,0.509072,0.509427,0.475167,0.388019,0.340793
Prostate Cancer,p15_0029,0.906765,0.797887,0.779582,0.718353,0.68814,0.605777,0.660957,0.608245,0.486444,0.489286,0.500586,0.456986,0.378451,0.34517
Prostate Cancer,p15_0030,0.878323,0.786975,0.757838,0.715505,0.681073,0.581355,0.659614,0.638051,0.47336,0.490997,0.502448,0.467722,0.390416,0.329125
Prostate Cancer,p15_0031,0.880767,0.80193,0.763943,0.718604,0.695472,0.627487,0.670709,0.61821,0.5022,0.490646,0.501671,0.474378,0.381295,0.349721
Prostate Cancer,p15_0032,0.866912,0.801613,0.752768,0.699953,0.682611,0.601881,0.670427,0.618563,0.474479,0.495109,0.48877,0.464442,0.363639,0.35711
Prostate Cancer,p15_0033,0.876084,0.810935,0.754358,0.732875,0.677419,0.627754,0.637446,0.618383,0.47529,0.49761,0.5108,0.473319,0.383709,0.33687
Prostate Cancer,p15_0034,0.885208,0.801986,0.768872,0.72661,0.69971,0.588243,0.63925,0.634075,0.478126,0.495561,0.50083,0.469934,0.383686,0.352943
Prostate Cancer,p15_0035,0.891735,0.796906,0.768435,0.716738,0.688505,0.613539,0.655957,0.624202,0.493536,0.48643,0.50462,0.475678,0.383465,0.350951
Prostate Cancer,p15_0036,0.895124,0.797453,0.766225,0.721482,0.69556,0.6088,0.66404,0.615295,0.486873,0.501937,0.49806,0.463241,0.378333,0.349986
Prostate Cancer,p15_0037,0.865172,0.795024,0.767862,0.708571,0.681087,0.598583,0.659362,0.628168,0.476958,0.48967,0.496862,0.478857,0.400982,0.348229
Prostate Cancer,p15_0038,0.888946,0.805002,0.75243,0.711267,0.665328,0.619048,0.664408,0.615462,0.488491,0.494988,0.513775,0.4732,0.388543,0.337984
Prostate Cancer,p15_0039,0.884425,0.790796,0.746611,0.703303,0.684662,0.589702,0.631573,0.628884,0.503063,0.48633,0.516557,0.46314,0.3866,0.353552
Prostate Cancer,p15_0040,0.882996,0.792257,0.761155,0.701716,0.701726,0.599943,0.664052,0.609595,0.497455,0.470585,0.50007,0.484731,0.394718,0.332194
Prostate Cancer,p15_0041,0.879687,0.798625,0.760069,0.729947,0.677202,0.583831,0.651474,0.627923,0.480041,0.500458,0.506557,0.481524,0.390483,0.352883
Prostate Cancer,p15_0042,0.897312,0.79394,0.764478,0.7088,0.677184,0.616409,0.658669,0.623452,0.494177,0.487697,0.499952,0.458702,0.366152,0.351126
Prostate Cancer,p15_0043,0.875669,0.808795,0.776298,0.738556,0.677588,0.596909,0.667604,0.615206,0.470253,0.47803,0.503995,0.47565,0.381313,0.346868
Prostate Cancer,p15_0044,0.880798,0.814554,0.757056,0.736093,0.691742,0.611457,0.663883,0.616645,0.499975,0.488105,0.503323,0.465942,0.370637,0.33968
Prostate Cancer,p15_0045,0.875733,0.798067,0.74148,0.713234,0.680264,0.598559,0.666213,0.642416,0.481873,0.468966,0.515449,0.470332,0.394482,0.35229
Prostate Cancer,p15_0046,0.881622,0.811937,0.756175,0.712315,0.67633,0.600968,0.668256,0.61267,0.490114,0.513352,0.499186,0.468709,0.360682,0.341896
Prostate Cancer,p15_0047,0.891725,0.804426,0.755403,0.718432,0.68014,0.597813,0.663991,0.627487,0.503495,0.509485,0.497123,0.469046,0.381464,0.336337
Prostate Cancer,p15_0048,0.87991,0.794748,0.748202,0.724063,0.684095,0.609032,0.666765,0.626064,0.491626,0.486092,0.505507,0.45638,0.379157,0.343701
Prostate Cancer,p15_0049,0.886686,0.803217,0.763619,0.734553,0.699422,0.595275,0.668078,0.609529,0.482881,0.476318,0.483828,0.476841,0.380412,0.341917
Prostate Cancer,p15_0050,0.89471,0.802732,0.750378,0.722505,0.7006,0.598273,0.653653,0.626135,0.474971,0.500293,0.499755,0.478432,0.393031,0.352576
Prostate Cancer,p15_0051,0.888686,0.770636,0.758034,0.729534,0.689368,0.601476,0.676253,0.60744,0.490862,0.486762,0.52107,0.454113,0.360221,0.362185
Prostate Cancer,p15_0052,0.908746,0.802846,0.745987,0.736906,0.679877,0.60034,0.642873,0.631121,0.491164,0.488836,0.497173,0.471204,0.389961,0.33284
Prostate Cancer,p15_0053,0.890016,0.787594,0.765146,0.728345,0.690534,0.605496,0.656078,0.620187,0.479316,0.500889,0.502643,0.463431,0.354643,0.327188
Prostate Cancer,p15_0054,0.894983,0.796101,0.767473,0.71675,0.692062,0.604982,0.648975,0.611996,0.488472,0.518966,0.522549,0.474529,0.38988,0.33883
Breast Cancer,p16_0000,0.87536,0.789706,0.769761,0.763596,0.685507,0.708712,0.673287,0.606309,0.590695,0.53379,0.451741,0.435641,0.368633,0.297801
Breast Cancer,p16_0001,0.88584,0.798924,0.748431,0.763973,0.681369,0.69859,0.651309,0.613195,0.588185,0.541023,0.447387,0.40173,0.386775,0.302999
Breast Cancer,p16_0002,0.872864,0.794894,0.752167,0.780666,0.689677,0.688704,0.634135,0.61828,0.577509,0.56588,0.438049,0.437724,0.377709,0.289054
Breast Cancer,p16_0003,0.877621,0.792088,0.780476,0.781886,0.689417,0.679979,0.682995,0.633924,0.579692,0.546535,0.457857,0.429026,0.38609,0.315493
Breast Cancer,p16_0004,0.902287,0.804016,0.770126,0.775509,0.685832,0.697477,0.68181,0.634144,0.575357,0.543536,0.457102,0.411359,0.386131,0.296724
Breast Cancer,p16_0005,0.893235,0.792727,0.759476,0.764976,0.678927,0.686797,0.674076,0.621853,0.583231,0.544973,0.438252,0.412597,0.37758,0.299773
Breast Cancer,p16_0006,0.87925,0.818072,0.749184,0.780165,0.693037,0.709956,0.655688,0.614895,0.586248,0.536561,0.457215,0.419482,0.378047,0.283585
Breast Cancer,p16_0007,0.884279,0.814622,0.760953,0.782988,0.664489,0.692428,0.676412,0.608692,0.590703,0.553137,0.445227,0.408241,0.378358,0.306683
Breast Cancer,p16_0008,0.891703,0.795289,0.743941,0.775168,0.682151,0.690414,0.653584,0.619442,0.585516,0.541128,0.456721,0.416732,0.377345,0.316064
Breast Cancer,p16_0009,0.87227,0.796522,0.781598,0.777751,0.690562,0.707592,0.633778,0.612238,0.58791,0.53762,0.448341,0.411806,0.380634,0.286243
Breast Cancer,p16_0010,0.886417,0.816166,0.754742,0.790233,0.678283,0.688028,0.650718,0.626033,0.579993,0.559044,0.437975,0.408171,0.376703,0.303597
Breast Cancer,p16_0011,0.921027,0.792577,0.757403,0.764094,0.682069,0.693321,0.653473,0.620819,0.570636,0.531785,0.450852,0.404736,0.385589,0.313792
Breast Cancer,p16_0012,0.891242,0.808374,0.760798,0.779336,0.679857,0.697328,0.664792,0.615591,0.592666,0.558761,0.454924,0.419272,0.379605,0.288732
Breast Cancer,p16_0013,0.90575,0.794902,0.752661,0.760592,0.701924,0.697935,0.654077,0.616967,0.586877,0.548506,0.459373,0.41636,0.3926,0.295266
Breast Cancer,p16_0014,0.881802,0.823121,0.745557,0.75829,0.672323,0.715752,0.653705,0.610929,0.579329,0.553812,0.462331,0.42155,0.375895,0.295367
Breast Cancer,p16_0015,0.884048,0.800001,0.753115,0.784088,0.688469,0.706943,0.652944,0.612963,0.578326,0.555522,0.46415,0.423001,0.387158,0.313429
Breast Cancer,p16_0016,0.872019,0.79838,0.755308,0.776157,0.678125,0.711729,0.667258,0.633202,0.573525,0.543769,0.469216,0.428767,0.36874,0.296824
Breast Cancer,p16_0017,0.885938,0.792231,0.749632,0.76145,0.693066,0.697276,0.661373,0.608124,0.588531,0.548126,0.452571,0.42331,0.379033,0.298845
Breast Cancer,p16_0018,0.886631,0.789386,0.765076,0.756641,0.696447,0.70746,0.672575,0.620696,0.580936,0.527989,0.460757,0.420582,0.375445,0.315888
Breast Cancer,p16_0019,0.872836,0.787913,0.766279,0.777984,0.691371,0.692298,0.656572,0.63041,0.571989,0.545716,0.458997,0.419061,0.377097,0.292487
Breast Cancer,p16_0020,0.893345,0.791231,0.758861,0.774215,0.700828,0.715655,0.65677,0.631639,0.557011,0.541236,0.453456,0.42239,0.376215,0.300671
Breast Cancer,p16_0021,0.903891,0.807259,0.757789,0.782579,0.698343,0.705213,0.655407,0.618401,0.586328,0.540444,0.438404,0.414552,0.385933,0.307304
Breast Cancer,p16_0022,0.878029,0.800578,0.757276,0.774785,0.699321,0.692899,0.657413,0.620131,0.588135,0.557026,0.460115,0.417544,0.374092,0.299837
Breast Cancer,p16_0023,0.867013,0.801222,0.757209,0.762657,0.664757,0.696454,0.665379,0.611301,0.581431,0.557775,0.44585,0.431786,0.389028,0.305908
Breast Cancer,p16_0024,0.873968,0.800142,0.752698,0.759569,0.692195,0.704904,0.664864,0.641525,0.569607,0.553115,0.466461,0.426185,0.376114,0.28521
Breast Cancer,p16_0025,0.882065,0.810543,0.749736,0.765215,0.676542,0.713433,0.656036,0.632253,0.589054,0.539115,0.445374,0.431926,0.385115,0.297239
Breast Cancer,p16_0026,0.886907,0.805878,0.757627,0.767423,0.69026,0.689635,0.652811,0.616003,0.58216,0.546806,0.451624,0.418566,0.38879,0.31307
Breast Cancer,p16_0027,0.869347,0.796534,0.745428,0.774283,0.679035,0.701587,0.669901,0.625872,0.579224,0.54579,0.461968,0.420836,0.388772,0.294342
Breast Cancer,p16_0028,0.887241,0.787642,0.761957,0.77726,0.678875,0.709324,0.664651,0.601922,0.565963,0.550539,0.462162,0.421642,0.379959,0.288794
Breast Cancer,p16_0029,0.874511,0.822405,0.776373,0.771883,0.701546,0.691732,0.656658,0.617771,0.575289,0.551466,0.431012,0.420795,0.385068,0.299353
Breast Cancer,p16_0030,0.884708,0.795929,0.746927,0.75727,0.701117,0.696192,0.669906,0.628395,0.588819,0.544394,0.450969,0.422325,0.373027,0.294432
Breast Cancer,p16_0031,0.875228,0.793857,0.775466,0.779733,0.696643,0.689336,0.665426,0.609063,0.593529,0.52097,0.446833,0.419077,0.384619,0.295599
Breast Cancer,p16_0032,0.880092,0.801136,0.760162,0.7585,0.688208,0.693742,0.669393,0.624672,0.580812,0.543942,0.466381,0.420303,0.370902,0.29033
Breast Cancer,p16_0033,0.899456,0.804118,0.753211,0.767214,0.68572,0.682873,0.671337,0.620825,0.577558,0.545722,0.436815,0.412132,0.389889,0.305205
Breast Cancer,p16_0034,0.865006,0.812078,0.767958,0.7766,0.691146,0.683138,0.66122,0.611106,0.581357,0.5482,0.456263,0.416101,0.375571,0.297464
Breast Cancer,p16_0035,0.887685,0.801182,0.761114,0.770828,0.683573,0.677247,0.655866,0.634036,0.585061,0.534493,0.46835,0.416519,0.369517,0.279101
Breast Cancer,p16_0036,0.873207,0.80042,0.762475,0.771264,0.688033,0.672666,0.653364,0.616092,0.583689,0.554068,0.45069,0.422341,0.393423,0.29575
Breast Cancer,p16_0037,0.882263,0.823851,0.743394,0.765671,0.662224,0.688361,0.65006,0.618922,0.583354,0.557664,0.461733,0.421005,0.369479,0.307229
Breast Cancer,p16_0038,0.884879,0.806171,0.772153,0.781833,0.683292,0.696897,0.64131,0.623945,0.578887,0.54187,0.451905,0.418826,0.365183,0.312504
Breast Cancer,p16_0039,0.885746,0.794562,0.747681,0.772525,0.685951,0.67234,0.657738,0.616424,0.597052,0.528672,0.46371,0.416548,0.395088,0.298478
Breast Cancer,p16_0040,0.879209,0.791173,0.760782,0.769712,0.677568,0.695439,0.649422,0.618856,0.558906,0.543533,0.452582,0.412377,0.37461,0.303253
Breast Cancer,p16_0041,0.878269,0.785173,0.765094,0.779217,0.683692,0.684009,0.66284,0.613552,0.576239,0.532651,0.453739,0.429864,0.378709,0.300394
Breast Cancer,p16_0042,0.882647,0.798345,0.760944,0.77312,0.693913,0.699321,0.644945,0.619221,0.583478,0.535367,0.453875,0.422235,0.381738,0.288997
Breast Cancer,p16_0043,0.870451,0.794606,0.767807,0.784643,0.694137,0.694155,0.652286,0.617769,0.586234,0.552712,0.460698,0.406553,0.360514,0.305112
Breast Cancer,p16_0044,0.898822,0.798774,0.764216,0.774676,0.68531,0.703313,0.650606,0.639201,0.589118,0.534169,0.446069,0.420358,0.368328,0.285825
Breast Cancer,p16_0045,0.899329,0.804499,0.760615,0.755276,0.68908,0.698336,0.654242,0.632762,0.5892,0.537838,0.467616,0.422353,0.389908,0.295352
Breast Cancer,p16_0046,0.892855,0.809543,0.769248,0.76013,0.679607,0.706474,0.670848,0.632777,0.580918,0.532241,0.450704,0.411259,0.393424,0.282022
Breast Cancer,p16_0047,0.893444,0.793658,0.755596,0.768195,0.692477,0.689031,0.665503,0.629961,0.579882,0.536095,0.47929,0.42505,0.389425,0.290507
Breast Cancer,p16_0048,0.878919,0.789058,0.753386,0.768098,0.675177,0.701655,0.640005,0.61543,0.577497,0.533708,0.467845,0.411275,0.39181,0.290245
Breast Cancer,p16_0049,0.885371,0.802531,0.743938,0.789411,0.691061,0.683364,0.660688,0.620274,0.582097,0.524143,0.456752,0.433022,0.356148,0.297523
Breast Cancer,p16_0050,0.8836,0.779742,0.754114,0.761091,0.678246,0.710762,0.667921,0.631824,0.575373,0.555317,0.449124,0.431226,0.36781,0.288815
Breast Cancer,p16_0051,0.872673,0.79256,0.754907,0.760449,0.675328,0.689738,0.644983,0.620499,0.570622,0.543434,0.454916,0.430087,0.357616,0.315231
Breast Cancer,p16_0052,0.884959,0.794858,0.755067,0.775098,0.675658,0.692849,0.656559,0.612079,0.586067,0.550558,0.460953,0.42348,0.374814,0.308655
Breast Cancer,p16_0053,0.885356,0.791286,0.744011,0.760417,0.683461,0.689013,0.655857,0.636536,0.588173,0.543249,0.445542,0.423148,0.374272,0.323569
Breast Cancer,p16_0054,0.884606,0.798939,0.758512,0.770842,0.682367,0.68818,0.668516,0.62626,0.57721,0.563904,0.457039,0.423664,0.388987,0.303938
Coronary Artery Disease,p17_0000,0.878903,0.778474,0.811963,0.739799,0.677029,0.688306,0.658179,0.614419,0.474543,0.472409,0.463051,0.372991,0.331582,0.292662
Coronary Artery Disease,p17_0001,0.888217,0.787738,0.817891,0.733773,0.688299,0.691068,0.651105,0.617073,0.494525,0.456647,0.453197,0.371748,0.322699,0.306877
Coronary Artery Disease,p17_0002,0.887643,0.799649,0.79604,0.734173,0.671036,0.703769,0.668074,0.635682,0.486649,0.443754,0.46538,0.379143,0.322721,0.301252
Coronary Artery Disease,p17_0003,0.889883,0.773798,0.825958,0.739607,0.673773,0.706829,0.663572,0.625297,0.488777,0.439634,0.453459,0.361938,0.358307,0.295241
Coronary Artery Disease,p17_0004,0.881222,0.801319,0.808928,0.743995,0.691582,0.687288,0.638411,0.622273,0.489033,0.451772,0.452348,0.379064,0.338581,0.290386
Coronary Artery Disease,p17_0005,0.86294,0.794979,0.804551,0.731339,0.675757,0.700388,0.652763,0.631944,0.504173,0.464269,0.446589,0.376575,0.359402,0.299693
Coronary Artery Disease,p17_0006,0.902019,0.78279,0.811701,0.731901,0.679331,0.697588,0.667984,0.62548,0.483924,0.456547,0.422423,0.359399,0.325684,0.315341
Coronary Artery Disease,p17_0007,0.872517,0.801748,0.798426,0.752437,0.692429,0.684897,0.644049,0.62672,0.490584,0.442476,0.443481,0.374292,0.340192,0.289062
Coronary Artery Disease,p17_0008,0.876677,0.783535,0.798492,0.736104,0.685655,0.710176,0.665517,0.6213,0.487829,0.450548,0.449773,0.392339,0.331191,0.290509
Coronary Artery Disease,p17_0009,0.884019,0.786261,0.820687,0.74369,0.687281,0.692592,0.652678,0.613634,0.496831,0.453743,0.468383,0.377841,0.335658,0.286925
Coronary Artery Disease,p17_0010,0.870355,0.790116,0.808976,0.731332,0.67558,0.689175,0.645203,0.625053,0.463672,0.449208,0.463247,0.390297,0.326555,0.29448
Coronary Artery Disease,p17_0011,0.889772,0.786952,0.813751,0.733498,0.681478,0.68872,0.662428,0.61246,0.491938,0.451929,0.447203,0.377246,0.347011,0.295751
Coronary Artery Disease,p17_0012,0.876728,0.778442,0.815982,0.739463,0.688824,0.701034,0.655748,0.609081,0.484566,0.46065,0.462868,0.370524,0.33255,0.296564
Coronary Artery Disease,p17_0013,0.887683,0.801917,0.813028,0.747874,0.687712,0.693085,0.676446,0.610203,0.483534,0.447343,0.459348,0.36239,0.33073,0.306098
Coronary Artery Disease,p17_0014,0.886041,0.787654,0.797876,0.743051,0.696361,0.711025,0.646189,0.619204,0.489634,0.441566,0.466599,0.3924,0.33589,0.30595
Coronary Artery Disease,p17_0015,0.887654,0.798499,0.796745,0.75034,0.670297,0.695537,0.649748,0.611002,0.492449,0.456478,0.457963,0.363174,0.329864,0.299889
Coronary Artery Disease,p17_0016,0.866375,0.803214,0.802446,0.738358,0.686024,0.680518,0.670442,0.632772,0.490189,0.452096,0.455265,0.372603,0.335268,0.318855
Coronary Artery Disease,p17_0017,0.906408,0.77968,0.796007,0.739773,0.678146,0.702796,0.663649,0.631222,0.485478,0.461414,0.46421,0.37863,0.339446,0.303854
Coronary Artery Disease,p17_0018,0.890889,0.786597,0.81198,0.762943,0.680826,0.704437,0.654479,0.616319,0.47981,0.470885,0.451914,0.375424,0.311928,0.311986
Coronary Artery Disease,p17_0019,0.887043,0.765149,0.811465,0.730719,0.677597,0.687208,0.65774,0.632127,0.510797,0.453107,0.449539,0.39018,0.327111,0.31025
Coronary Artery Disease,p17_0020,0.890911,0.790713,0.823606,0.749805,0.699054,0.687787,0.654363,0.625106,0.473273,0.473218,0.454853,0.379605,0.344848,0.311608
Coronary Artery Disease,p17_0021,0.87292,0.802056,0.828321,0.743483,0.68632,0.693573,0.666093,0.642374,0.504288,0.460344,0.458189,0.386674,0.32364,0.29926
Coronary Artery Disease,p17_0022,0.903029,0.813928,0.811692,0.727987,0.672799,0.692488,0.66068,0.619283,0.477891,0.450121,0.470025,0.369399,0.323358,0.301494
Coronary Artery Disease,p17_0023,0.879135,0.791946,0.803471,0.739793,0.688029,0.691408,0.660891,0.621201,0.489744,0.457987,0.449367,0.381838,0.334685,0.289915
Coronary Artery Disease,p17_0024,0.891754,0.773911,0.792884,0.741244,0.683227,0.682648,0.646668,0.634192,0.488457,0.452039,0.47082,0.358705,0.34014,0.301384
Coronary Artery Disease,p17_0025,0.885709,0.782395,0.809577,0.722894,0.687372,0.689457,0.66297,0.613864,0.484795,0.461386,0.448536,0.380106,0.337696,0.299233
Coronary Artery Disease,p17_0026,0.898932,0.800499,0.811897,0.733783,0.694158,0.704389,0.65123,0.619184,0.477022,0.455558,0.454475,0.393991,0.343604,0.296312
Coronary Artery Disease,p17_0027,0.898531,0.770647,0.826193,0.733406,0.685059,0.709848,0.660955,0.629862,0.480979,0.462625,0.453243,0.369428,0.333481,0.277612
Coronary Artery Disease,p17_0028,0.87063,0.788119,0.812073,0.757776,0.668995,0.699546,0.657001,0.606898,0.490585,0.448347,0.469302,0.37637,0.341289,0.304232
Coronary Artery Disease,p17_0029,0.882658,0.79377,0.805,0.731504,0.687385,0.694709,0.655691,0.623496,0.494469,0.445545,0.443254,0.364843,0.348086,0.307463
Coronary Artery Disease,p17_0030,0.884661,0.78411,0.805761,0.745939,0.682153,0.684366,0.665298,0.646682,0.498702,0.436662,0.455883,0.385561,0.329003,0.29814
Coronary Artery Disease,p17_0031,0.886927,0.781279,0.81917,0.75253,0.676983,0.713105,0.659527,0.610671,0.487655,0.451957,0.441591,0.366346,0.342718,0.298039
Coronary Artery Disease,p17_0032,0.891659,0.78658,0.8218,0.728036,0.663611,0.702642,0.656022,0.620707,0.496365,0.461317,0.456832,0.375167,0.363269,0.28966
Coronary Artery Disease,p17_0033,0.885877,0.77671,0.81784,0.739059,0.6798,0.700767,0.664002,0.62011,0.488856,0.44374,0.471503,0.362071,0.322964,0.299729
Coronary Artery Disease,p17_0034,0.874156,0.79388,0.812927,0.737719,0.678099,0.685254,0.647102,0.623287,0.50177,0.456987,0.461867,0.368716,0.342254,0.282174
Coronary Artery Disease,p17_0035,0.88909,0.772699,0.818346,0.751264,0.677029,0.687476,0.657043,0.612442,0.484817,0.44514,0.456339,0.356188,0.338715,0.313268
Coronary Artery Disease,p17_0036,0.8919,0.767049,0.803787,0.734558,0.684093,0.709781,0.654392,0.604295,0.489625,0.464498,0.452924,0.366728,0.326273,0.297268
Coronary Artery Disease,p17_0037,0.883997,0.785734,0.797806,0.727912,0.673649,0.691548,0.658864,0.635121,0.490294,0.450673,0.452543,0.374244,0.343305,0.300199
Coronary Artery Disease,p17_0038,0.890095,0.800413,0.807559,0.732477,0.702318,0.697045,0.672299,0.628743,0.478263,0.465271,0.468172,0.36714,0.35224,0.304106
Coronary Artery Disease,p17_0039,0.885524,0.780662,0.825359,0.726748,0.671078,0.689365,0.660921,0.6257,0.502421,0.457868,0.46158,0.381645,0.343572,0.315866
Coronary Artery Disease,p17_0040,0.89226,0.810519,0.831177,0.72336,0.679114,0.674131,0.663731,0.610591,0.504381,0.444942,0.464758,0.37421,0.334242,0.295082
Coronary Artery Disease,p17_0041,0.867047,0.797801,0.812962,0.737516,0.682976,0.701747,0.686234,0.62073,0.489009,0.466353,0.451277,0.385057,0.339521,0.293923
Coronary Artery Disease,p17_0042,0.876661,0.786665,0.802445,0.731498,0.674395,0.692581,0.677287,0.614303,0.466398,0.450753,0.453807,0.385862,0.329425,0.284616
Coronary Artery Disease,p17_0043,0.890162,0.78036,0.810259,0.731059,0.692601,0.692202,0.66495,0.619972,0.477441,0.453609,0.455074,0.373988,0.339112,0.301158
Coronary Artery Disease,p17_0044,0.879586,0.794281,0.80575,0.728731,0.678996,0.720089,0.653526,0.606315,0.500487,0.4543,0.430902,0.376184,0.315057,0.285184
Coronary Artery Disease,p17_0045,0.876884,0.786739,0.805932,0.737472,0.696537,0.687064,0.669447,0.620776,0.497567,0.457792,0.456651,0.376937,0.361046,0.31012
Coronary Artery Disease,p17_0046,0.891273,0.798,0.812561,0.746583,0.695236,0.682167,0.657147,0.617612,0.49385,0.450584,0.460489,0.385231,0.349082,0.304724
Coronary Artery Disease,p17_0047,0.876787,0.77783,0.829159,0.747379,0.682881,0.69728,0.670263,0.622018,0.478254,0.474842,0.458756,0.378116,0.333056,0.2911
Coronary Artery Disease,p17_0048,0.86992,0.78862,0.792281,0.749317,0.690585,0.694323,0.657547,0.611479,0.469466,0.431302,0.46249,0.373244,0.329652,0.295139
Coronary Artery Disease,p17_0049,0.881306,0.786968,0.797632,0.734014,0.675181,0.690947,0.677516,0.617716,0.478924,0.455614,0.465247,0.362811,0.332422,0.299503
Coronary Artery Disease,p17_0050,0.894098,0.802528,0.811672,0.735049,0.678318,0.692161,0.665047,0.624078,0.490462,0.449079,0.446452,0.366264,0.318082,0.298896
Coronary Artery Disease,p17_0051,0.89325,0.791646,0.803734,0.738028,0.672018,0.704622,0.673101,0.627072,0.493626,0.458976,0.459518,0.370531,0.335717,0.295313
Coronary Artery Disease,p17_0052,0.894246,0.795948,0.800978,0.742638,0.678038,0.707116,0.656037,0.608546,0.494813,0.443667,0.450905,0.36664,0.330037,0.27546
Coronary Artery Disease,p17_0053,0.88451,0.79314,0.800842,0.732762,0.699966,0.684201,0.656618,0.617589,0.488455,0.434991,0.468161,0.370926,0.354304,0.303069
Coronary Artery Disease,p17_0054,0.887217,0.786664,0.816874,0.74599,0.698367,0.698959,0.653232,0.62139,0.491074,0.459096,0.457582,0.375886,0.327134,0.301694
Attention-deficit/hyperactivity disorder,p18_0000,0.890535,0.809764,0.759694,0.714973,0.674809,0.682758,0.673503,0.548402,0.525755,0.48722,0.482098,0.361158,0.388181,0.299277
Attention-deficit/hyperactivity disorder,p18_0001,0.897729,0.800204,0.766727,0.725732,0.687511,0.722885,0.660103,0.549413,0.552105,0.49005,0.495135,0.376946,0.376062,0.288059
Attention-deficit/hyperactivity disorder,p18_0002,0.870996,0.798425,0.768799,0.703381,0.676182,0.684297,0.656705,0.521915,0.530469,0.491326,0.512384,0.372316,0.383638,0.306781
Attention-deficit/hyperactivity disorder,p18_0003,0.898214,0.783212,0.744772,0.717039,0.694037,0.699755,0.668281,0.512288,0.530474,0.489186,0.505616,0.376395,0.395795,0.290366
Attention-deficit/hyperactivity disorder,p18_0004,0.884372,0.800213,0.767419,0.71553,0.673434,0.686,0.656232,0.524607,0.535882,0.501182,0.509189,0.366456,0.386039,0.294223
Attention-deficit/hyperactivity disorder,p18_0005,0.882652,0.793029,0.751059,0.702817,0.704109,0.694707,0.672457,0.536421,0.538204,0.505127,0.490816,0.373826,0.37691,0.293981
Attention-deficit/hyperactivity disorder,p18_0006,0.880345,0.800143,0.762928,0.728066,0.668817,0.711834,0.666806,0.525943,0.54808,0.504372,0.505162,0.375549,0.389587,0.297056
Attention-deficit/hyperactivity disorder,p18_0007,0.88859,0.800109,0.748534,0.713786,0.684493,0.698385,0.670477,0.531637,0.532902,0.500997,0.512681,0.379054,0.38423,0.302242
Attention-deficit/hyperactivity disorder,p18_0008,0.88875,0.793315,0.754145,0.724859,0.685531,0.68928,0.660222,0.525758,0.518132,0.513453,0.511611,0.361637,0.384569,0.290808
Attention-deficit/hyperactivity disorder,p18_0009,0.885282,0.805891,0.749206,0.708168,0.694311,0.700964,0.6704,0.511308,0.538915,0.511112,0.504334,0.385826,0.379513,0.303148
Attention-deficit/hyperactivity disorder,p18_0010,0.864544,0.792036,0.756508,0.719309,0.676157,0.698249,0.658548,0.551044,0.524128,0.493663,0.513025,0.389703,0.386498,0.303378
Attention-deficit/hyperactivity disorder,p18_0011,0.879059,0.788561,0.765054,0.725239,0.679667,0.673302,0.677977,0.527902,0.520255,0.493029,0.491581,0.376173,0.381861,0.293451
Attention-deficit/hyperactivity disorder,p18_0012,0.88413,0.793266,0.756909,0.707825,0.681285,0.69501,0.641271,0.533077,0.529368,0.498599,0.505628,0.401079,0.375225,0.316199
Attention-deficit/hyperactivity disorder,p18_0013,0.895065,0.792299,0.764747,0.718622,0.693031,0.693559,0.6602,0.516915,0.517392,0.497718,0.505306,0.364178,0.382301,0.292648
Attention-deficit/hyperactivity disorder,p18_0014,0.874834,0.80672,0.744895,0.707879,0.681904,0.697002,0.651951,0.531048,0.553897,0.496969,0.505062,0.38023,0.365022,0.323094
Attention-deficit/hyperactivity disorder,p18_0015,0.88634,0.810678,0.754466,0.712949,0.688274,0.69033,0.665281,0.526974,0.530716,0.522792,0.51347,0.350967,0.38033,0.295538
Attention-deficit/hyperactivity disorder,p18_0016,0.899218,0.812045,0.759983,0.70634,0.684218,0.703465,0.646743,0.526082,0.516377,0.502997,0.526342,0.382621,0.38636,0.295042
Attention-deficit/hyperactivity disorder,p18_0017,0.883963,0.801517,0.7568,0.742065,0.68537,0.695587,0.654764,0.534546,0.533106,0.480497,0.509534,0.388204,0.36198,0.298762
Attention-deficit/hyperactivity disorder,p18_0018,0.875285,0.795922,0.745137,0.731802,0.67314,0.689679,0.664041,0.53154,0.516991,0.503884,0.507128,0.378479,0.372731,0.301058
Attention-deficit/hyperactivity disorder,p18_0019,0.875991,0.800058,0.772265,0.72987,0.69397,0.694555,0.657373,0.524533,0.530951,0.464392,0.505292,0.377401,0.376839,0.309367
Attention-deficit/hyperactivity disorder,p18_0020,0.889632,0.809287,0.751087,0.712517,0.680247,0.71533,0.660544,0.511167,0.538309,0.492625,0.514276,0.370097,0.381892,0.282321
Attention-deficit/hyperactivity disorder,p18_0021,0.909497,0.794392,0.765873,0.711863,0.690209,0.704387,0.653553,0.529806,0.54168,0.496565,0.492188,0.34645,0.395925,0.301985
Attention-deficit/hyperactivity disorder,p18_0022,0.884474,0.800056,0.761683,0.737038,0.670404,0.702958,0.656081,0.524017,0.51833,0.48485,0.502611,0.365611,0.359757,0.287588
Attention-deficit/hyperactivity disorder,p18_0023,0.891282,0.785302,0.760543,0.725753,0.675114,0.691516,0.662192,0.51039,0.532385,0.474322,0.496559,0.374429,0.355909,0.315882
Attention-deficit/hyperactivity disorder,p18_0024,0.874314,0.811169,0.740864,0.734654,0.687288,0.689256,0.655693,0.525751,0.530084,0.494727,0.506341,0.368561,0.375808,0.303955
Attention-deficit/hyperactivity disorder,p18_0025,0.876835,0.777736,0.763458,0.735691,0.678734,0.692238,0.670451,0.515082,0.540664,0.487026,0.508678,0.368666,0.371632,0.29862
Attention-deficit/hyperactivity disorder,p18_0026,0.884601,0.80673,0.755955,0.7102,0.672263,0.715238,0.662724,0.520198,0.523969,0.506662,0.503353,0.359843,0.387175,0.293863
Attention-deficit/hyperactivity disorder,p18_0027,0.900993,0.810707,0.764345,0.714735,0.678842,0.706963,0.653141,0.514034,0.538675,0.4884,0.51602,0.376805,0.384749,0.31154
Attention-deficit/hyperactivity disorder,p18_0028,0.867726,0.785793,0.757584,0.71879,0.691233,0.693005,0.659199,0.51923,0.528019,0.506245,0.517852,0.380637,0.38811,0.297728
Attention-deficit/hyperactivity disorder,p18_0029,0.882117,0.780959,0.754399,0.727888,0.68375,0.692535,0.658727,0.526526,0.535606,0.4877,0.50826,0.378246,0.376117,0.298256
Attention-deficit/hyperactivity disorder,p18_0030,0.889267,0.801736,0.760061,0.723426,0.677758,0.68792,0.652847,0.514452,0.544816,0.488494,0.512261,0.377905,0.379855,0.288197
Attention-deficit/hyperactivity disorder,p18_0031,0.883857,0.795815,0.760892,0.72498,0.684181,0.705986,0.659201,0.525524,0.5483,0.494694,0.511771,0.369174,0.37295,0.290563
Attention-deficit/hyperactivity disorder,p18_0032,0.883794,0.788122,0.760207,0.732619,0.688874,0.68637,0.683132,0.525809,0.53752,0.486822,0.509938,0.365573,0.379566,0.306212
Attention-deficit/hyperactivity disorder,p18_0033,0.870616,0.800278,0.749974,0.72813,0.669387,0.680661,0.660743,0.521394,0.536891,0.498961,0.51416,0.389638,0.381723,0.292508
Attention-deficit/hyperactivity disorder,p18_0034,0.896505,0.810789,0.742587,0.716782,0.680484,0.698595,0.665171,0.518999,0.5382,0.510613,0.505134,0.378207,0.378123,0.281491
Attention-deficit/hyperactivity disorder,p18_0035,0.894211,0.801525,0.742328,0.721561,0.679112,0.691018,0.668417,0.530274,0.531298,0.480298,0.508447,0.373724,0.375185,0.308231
Attention-deficit/hyperactivity disorder,p18_0036,0.911973,0.787085,0.751333,0.724986,0.677034,0.684331,0.639055,0.532521,0.535959,0.509842,0.518809,0.373969,0.381227,0.289057
Attention-deficit/hyperactivity disorder,p18_0037,0.889022,0.795269,0.760721,0.706321,0.691505,0.695557,0.641927,0.536287,0.520549,0.511005,0.515002,0.365992,0.383675,0.289556
Attention-deficit/hyperactivity disorder,p18_0038,0.881334,0.780278,0.75627,0.715687,0.677114,0.700711,0.655218,0.530277,0.529589,0.482641,0.511259,0.373794,0.383535,0.300963
Attention-deficit/hyperactivity disorder,p18_0039,0.895627,0.793176,0.767188,0.716281,0.703317,0.689898,0.652576,0.531238,0.519108,0.512956,0.503019,0.364403,0.390222,0.303324
Attention-deficit/hyperactivity disorder,p18_0040,0.874106,0.801185,0.767311,0.72284,0.678022,0.694782,0.649679,0.52567,0.543782,0.503433,0.50892,0.370966,0.397637,0.28564
Attention-deficit/hyperactivity disorder,p18_0041,0.878343,0.803382,0.751781,0.721389,0.700411,0.680607,0.663933,0.515206,0.530863,0.495769,0.514408,0.377355,0.390384,0.320941
Attention-deficit/hyperactivity disorder,p18_0042,0.870994,0.773745,0.76095,0.72923,0.6746,0.71542,0.668205,0.538344,0.530598,0.500501,0.493311,0.374923,0.392367,0.309037
Attention-deficit/hyperactivity disorder,p18_0043,0.881507,0.794967,0.758956,0.726497,0.689906,0.681582,0.642423,0.516377,0.512395,0.497333,0.526458,0.360498,0.386283,0.283811
Attention-deficit/hyperactivity disorder,p18_0044,0.881953,0.787383,0.763893,0.733118,0.680288,0.691759,0.654265,0.503823,0.538098,0.482322,0.504429,0.378922,0.382388,0.305116
Attention-deficit/hyperactivity disorder,p18_0045,0.881882,0.797098,0.765476,0.713593,0.691418,0.691506,0.666172,0.535039,0.517786,0.485362,0.502468,0.352367,0.386447,0.301991
Attention-deficit/hyperactivity disorder,p18_0046,0.875103,0.806501,0.751667,0.723704,0.687234,0.673827,0.668062,0.529489,0.535518,0.473401,0.495179,0.362757,0.389996,0.275936
Attention-deficit/hyperactivity disorder,p18_0047,0.89123,0.797036,0.767482,0.714993,0.681901,0.686039,0.656509,0.536612,0.535521,0.490503,0.526799,0.376966,0.37626,0.31153
Attention-deficit/hyperactivity disorder,p18_0048,0.875751,0.798964,0.753428,0.728045,0.689796,0.684696,0.654591,0.528362,0.539762,0.49271,0.514313,0.368176,0.383667,0.296001
Attention-deficit/hyperactivity disorder,p18_0049,0.884862,0.808277,0.764861,0.739944,0.69543,0.718668,0.655005,0.522738,0.539275,0.485818,0.503527,0.37589,0.39332,0.278893
Attention-deficit/hyperactivity disorder,p18_0050,0.88465,0.789254,0.763628,0.712207,0.682313,0.705313,0.66684,0.540626,0.533748,0.50808,0.508257,0.361886,0.397165,0.330527
Attention-deficit/hyperactivity disorder,p18_0051,0.888211,0.810175,0.757676,0.729319,0.678939,0.702597,0.645644,0.526804,0.552904,0.488918,0.500299,0.366583,0.388298,0.287429
Attention-deficit/hyperactivity disorder,p18_0052,0.888652,0.799258,0.764461,0.705391,0.680414,0.698405,0.665383,0.52229,0.512934,0.485899,0.500008,0.361706,0.369652,0.28992
Attention-deficit/hyperactivity disorder,p18_0053,0.893698,0.807237,0.758303,0.735268,0.669657,0.69063,0.651886,0.519962,0.542441,0.505075,0.5127,0.376911,0.388475,0.292162
Attention-deficit/hyperactivity disorder,p18_0054,0.884817,0.788529,0.762867,0.723594,0.674378,0.697573,0.654874,0.51717,0.532806,0.504146,0.504482,0.372128,0.379287,0.294085
Schizophrenia,p19_0000,0.910933,0.798141,0.76306,0.770469,0.708797,0.701849,0.576147,0.579008,0.567524,0.459419,0.462333,0.373466,0.396411,0.300264
Schizophrenia,p19_0001,0.873397,0.806473,0.756761,0.764264,0.691376,0.686397,0.561278,0.567476,0.587318,0.449576,0.451091,0.398609,0.373521,0.322423
Schizophrenia,p19_0002,0.872113,0.806004,0.764337,0.770219,0.667242,0.694061,0.562907,0.570602,0.572807,0.439142,0.45299,0.381659,0.370783,0.29061
Schizophrenia,p19_0003,0.883859,0.79754,0.751816,0.753547,0.670747,0.724208,0.57239,0.573101,0.583442,0.467745,0.464509,0.373448,0.371405,0.291249
Schizophrenia,p19_0004,0.876555,0.803306,0.766281,0.766301,0.681029,0.685282,0.55897,0.571328,0.581512,0.455422,0.448146,0.380599,0.36501,0.299481
Schizophrenia,p19_0005,0.890319,0.803468,0.745167,0.773053,0.687895,0.693723,0.561482,0.564972,0.594416,0.451281,0.464958,0.371876,0.366439,0.313653
Schizophrenia,p19_0006,0.876027,0.807691,0.76983,0.781641,0.668342,0.697953,0.562869,0.562575,0.573369,0.446748,0.465718,0.362032,0.361835,0.288247
Schizophrenia,p19_0007,0.893229,0.798295,0.747392,0.782764,0.665995,0.703374,0.568317,0.575529,0.585671,0.47378,0.448224,0.356205,0.39843,0.302941
Schizophrenia,p19_0008,0.87072,0.80355,0.76011,0.762653,0.697488,0.701896,0.556446,0.567387,0.598612,0.479073,0.450849,0.383699,0.372413,0.318033
Schizophrenia,p19_0009,0.895955,0.791175,0.735921,0.768745,0.686672,0.694475,0.556435,0.575481,0.577284,0.442847,0.471414,0.377055,0.385293,0.295734
Schizophrenia,p19_0010,0.882309,0.810673,0.757774,0.760588,0.671194,0.700129,0.555373,0.57244,0.597305,0.45121,0.47459,0.365143,0.374393,0.299647
Schizophrenia,p19_0011,0.877459,0.80951,0.758587,0.77856,0.688004,0.700881,0.559306,0.559179,0.602339,0.443622,0.457899,0.374271,0.358403,0.312547
Schizophrenia,p19_0012,0.871457,0.797433,0.758527,0.761499,0.683278,0.68913,0.566283,0.585274,0.587268,0.45321,0.454741,0.373831,0.393553,0.279253
Schizophrenia,p19_0013,0.893936,0.79176,0.772226,0.759281,0.690744,0.694636,0.567389,0.590545,0.592366,0.450383,0.460764,0.388287,0.38841,0.301505
Schizophrenia,p19_0014,0.877978,0.790216,0.750409,0.774793,0.696956,0.713057,0.572125,0.576579,0.580773,0.447887,0.463553,0.366248,0.379003,0.285701
Schizophrenia,p19_0015,0.889396,0.803236,0.754918,0.768395,0.673496,0.709197,0.56405,0.573243,0.581687,0.45956,0.465296,0.372872,0.376165,0.297731
Schizophrenia,p19_0016,0.885894,0.79321,0.74743,0.774731,0.681736,0.686093,0.559354,0.57126,0.599332,0.449766,0.451432,0.367799,0.384525,0.285884
Schizophrenia,p19_0017,0.883263,0.800654,0.759569,0.785975,0.687524,0.696716,0.586324,0.579128,0.561565,0.464267,0.469438,0.371997,0.386094,0.29651
Schizophrenia,p19_0018,0.894457,0.796334,0.770342,0.784406,0.676162,0.691525,0.56935,0.572201,0.581987,0.445867,0.451225,0.382232,0.364262,0.293439
Schizophrenia,p19_0019,0.891826,0.793326,0.755637,0.77166,0.68902,0.708487,0.565707,0.556651,0.565822,0.437762,0.460612,0.372671,0.378464,0.295556
Schizophrenia,p19_0020,0.881852,0.799259,0.781119,0.802578,0.690072,0.691317,0.568408,0.573965,0.608637,0.450358,0.467881,0.367478,0.373489,0.311514
Schizophrenia,p19_0021,0.893389,0.776884,0.767036,0.782659,0.689977,0.693745,0.572911,0.574957,0.57756,0.443586,0.464903,0.391631,0.389791,0.292738
Schizophrenia,p19_0022,0.881694,0.795247,0.759229,0.757255,0.68396,0.696136,0.571517,0.565031,0.598035,0.444444,0.467545,0.371396,0.390421,0.29537
Schizophrenia,p19_0023,0.884035,0.782411,0.750961,0.765993,0.669032,0.683404,0.561189,0.57885,0.577884,0.43142,0.463144,0.377353,0.365868,0.303801
Schizophrenia,p19_0024,0.889488,0.794866,0.752022,0.76644,0.668759,0.696351,0.539964,0.550019,0.592004,0.460578,0.458418,0.405041,0.382554,0.297845
Schizophrenia,p19_0025,0.890198,0.784143,0.76794,0.775546,0.667152,0.702014,0.560868,0.585657,0.604558,0.436429,0.452939,0.368817,0.394687,0.292045
Schizophrenia,p19_0026,0.895364,0.794116,0.757406,0.787518,0.679756,0.680432,0.560246,0.557144,0.578557,0.442931,0.449286,0.373244,0.375311,0.314556
Schizophrenia,p19_0027,0.887897,0.803457,0.752525,0.766375,0.686546,0.703322,0.58402,0.55679,0.604339,0.443164,0.457027,0.381781,0.379889,0.30226
Schizophrenia,p19_0028,0.877238,0.794394,0.764407,0.777566,0.697076,0.69234,0.562037,0.568751,0.559879,0.449589,0.451059,0.376892,0.386665,0.291682
Schizophrenia,p19_0029,0.881577,0.802381,0.768756,0.760956,0.674555,0.70222,0.567666,0.572167,0.580881,0.453935,0.446018,0.379088,0.377769,0.307561
Schizophrenia,p19_0030,0.868242,0.783987,0.758093,0.771198,0.685841,0.696621,0.563535,0.567608,0.573329,0.457293,0.457899,0.369905,0.385778,0.316037
Schizophrenia,p19_0031,0.886409,0.791134,0.75567,0.74762,0.694744,0.717182,0.565732,0.565054,0.580559,0.459586,0.470398,0.379958,0.392142,0.314804
Schizophrenia,p19_0032,0.880966,0.799113,0.770185,0.782455,0.67596,0.696008,0.569705,0.591419,0.587058,0.437185,0.453912,0.376739,0.388823,0.31174
Schizophrenia,p19_0033,0.879454,0.792382,0.750785,0.746383,0.696733,0.702292,0.541382,0.578527,0.581739,0.443849,0.460616,0.374425,0.38621,0.297919
Schizophrenia,p19_0034,0.869466,0.795661,0.75164,0.773974,0.689113,0.699985,0.556071,0.567987,0.58075,0.438084,0.473699,0.389908,0.374943,0.292937
Schizophrenia,p19_0035,0.877014,0.801292,0.753252,0.770414,0.683252,0.695795,0.575085,0.559388,0.615865,0.445959,0.453478,0.379888,0.365791,0.293516
Schizophrenia,p19_0036,0.883617,0.798616,0.762683,0.775595,0.681459,0.694097,0.569644,0.565876,0.570735,0.455615,0.468047,0.371886,0.375696,0.29075
Schizophrenia,p19_0037,0.884574,0.81266,0.770289,0.779047,0.677074,0.694266,0.563625,0.572639,0.584022,0.435117,0.459449,0.379356,0.377688,0.283757
Schizophrenia,p19_0038,0.882017,0.788663,0.767935,0.787008,0.68745,0.682951,0.560889,0.557703,0.564505,0.463703,0.445402,0.370108,0.38457,0.311654
Schizophrenia,p19_0039,0.893696,0.790038,0.763965,0.774172,0.675082,0.701127,0.561303,0.566008,0.586217,0.457457,0.46149,0.37405,0.410093,0.289121
Schizophrenia,p19_0040,0.886013,0.78522,0.758173,0.765359,0.687063,0.709512,0.548964,0.560943,0.596692,0.447838,0.461804,0.372303,0.364811,0.30222
Schizophrenia,p19_0041,0.898377,0.781997,0.743676,0.772173,0.685518,0.698362,0.562998,0.571614,0.573153,0.461027,0.461707,0.384321,0.36883,0.301144
Schizophrenia,p19_0042,0.890308,0.794629,0.761532,0.775028,0.675811,0.70567,0.580821,0.571315,0.586589,0.454059,0.45384,0.383165,0.386017,0.317198
Schizophrenia,p19_0043,0.871632,0.79223,0.748761,0.770385,0.679495,0.701217,0.557526,0.584336,0.586796,0.451757,0.453556,0.372905,0.370512,0.283959
Schizophrenia,p19_0044,0.885968,0.795608,0.761406,0.757482,0.695541,0.69275,0.577609,0.560256,0.581628,0.454549,0.471282,0.370523,0.377495,0.291649
Schizophrenia,p19_0045,0.880292,0.787145,0.764445,0.766594,0.668985,0.694732,0.568053,0.562294,0.59463,0.471086,0.472126,0.387845,0.391333,0.300683
Schizophrenia,p19_0046,0.89762,0.800026,0.75851,0.781573,0.682408,0.697575,0.574908,0.552149,0.564987,0.448453,0.453532,0.378909,0.362454,0.301475
Schizophrenia,p19_0047,0.888264,0.785816,0.766083,0.787049,0.702239,0.706739,0.550912,0.567644,0.601621,0.455905,0.454117,0.377759,0.381221,0.312034
Schizophrenia,p19_0048,0.88431,0.793669,0.752439,0.746139,0.671889,0.68993,0.560357,0.59018,0.572347,0.457011,0.451912,0.369196,0.382436,0.309367
Schizophrenia,p19_0049,0.888636,0.809655,0.776822,0.760698,0.681298,0.692376,0.570467,0.56992,0.582037,0.453415,0.442324,0.367229,0.37174,0.296846
Schizophrenia,p19_0050,0.884232,0.785566,0.762713,0.774319,0.681579,0.69869,0.563472,0.571647,0.589719,0.451723,0.448937,0.375966,0.375393,0.298274
Schizophrenia,p19_0051,0.883492,0.810931,0.757267,0.780135,0.68146,0.677797,0.572145,0.567435,0.594904,0.452357,0.459646,0.392641,0.370126,0.293878
Schizophrenia,p19_0052,0.876571,0.801548,0.742453,0.773582,0.680749,0.697889,0.566999,0.572964,0.579288,0.448859,0.462117,0.363352,0.385238,0.29199
Schizophrenia,p19_0053,0.884196,0.783862,0.752869,0.775026,0.682555,0.702688,0.559256,0.578927,0.587413,0.439433,0.455738,0.387569,0.376302,0.287893
Schizophrenia,p19_0054,0.89172,0.798407,0.762739,0.76626,0.704119,0.703703,0.575019,0.580177,0.582351,0.440701,0.446798,0.361466,0.382751,0.30694
Depression,p20_0000,0.885975,0.787865,0.751154,0.734465,0.694197,0.654565,0.565172,0.553974,0.568359,0.462892,0.44404,0.374434,0.37731,0.302831
Depression,p20_0001,0.88468,0.790535,0.758339,0.739488,0.68299,0.655748,0.567469,0.583641,0.583897,0.443692,0.465206,0.376983,0.374167,0.294181
Depression,p20_0002,0.890998,0.77008,0.747278,0.717941,0.681392,0.650096,0.559832,0.577114,0.580353,0.43772,0.467756,0.357176,0.371904,0.301331
Depression,p20_0003,0.87422,0.783504,0.761054,0.713276,0.674887,0.653758,0.566045,0.581704,0.581283,0.438211,0.453935,0.381737,0.377933,0.304068
Depression,p20_0004,0.890207,0.802486,0.751931,0.72038,0.691463,0.655157,0.567113,0.561016,0.571373,0.463808,0.441231,0.369293,0.369678,0.291524
Depression,p20_0005,0.884999,0.790797,0.754282,0.703783,0.673617,0.634846,0.573502,0.571473,0.592102,0.453095,0.455513,0.377958,0.387174,0.296181
Depression,p20_0006,0.877151,0.769527,0.746025,0.703115,0.672446,0.635526,0.572827,0.567728,0.594367,0.433375,0.444802,0.362793,0.382114,0.297395
Depression,p20_0007,0.88683,0.783066,0.748076,0.717123,0.678547,0.652406,0.562784,0.568995,0.584805,0.435718,0.464117,0.379567,0.386432,0.302185
Depression,p20_0008,0.889923,0.801924,0.762082,0.72484,0.682906,0.655625,0.562229,0.569249,0.582711,0.459018,0.493034,0.388651,0.379947,0.295842
Depression,p20_0009,0.885035,0.781081,0.798741,0.727065,0.688852,0.641098,0.554555,0.591906,0.603791,0.460109,0.465223,0.385184,0.367352,0.300127
Depression,p20_0010,0.871594,0.789485,0.781193,0.72861,0.684877,0.658247,0.566898,0.580145,0.582251,0.444002,0.450188,0.386412,0.387836,0.303112
Depression,p20_0011,0.910638,0.791385,0.762476,0.752036,0.685132,0.646833,0.572092,0.577801,0.589583,0.452229,0.4509,0.367569,0.369594,0.32177
Depression,p20_0012,0.896785,0.787158,0.76315,0.727255,0.679277,0.636697,0.558664,0.573139,0.578957,0.455122,0.449978,0.378086,0.386746,0.292534
Depression,p20_0013,0.88205,0.797778,0.750628,0.730565,0.673983,0.639026,0.565483,0.563889,0.575952,0.449414,0.442473,0.39087,0.374433,0.301066
Depression,p20_0014,0.886924,0.792494,0.754054,0.728258,0.686208,0.649844,0.549251,0.578731,0.599195,0.436626,0.472519,0.374396,0.390228,0.302776
Depression,p20_0015,0.867818,0.773909,0.765393,0.734802,0.684485,0.648427,0.565991,0.553599,0.579635,0.449494,0.464419,0.375232,0.382318,0.317005
Depression,p20_0016,0.883803,0.784167,0.754682,0.713428,0.690422,0.649223,0.573515,0.572479,0.588627,0.458693,0.447288,0.373571,0.382161,0.310586
Depression,p20_0017,0.867054,0.763998,0.751829,0.711093,0.673371,0.638876,0.557751,0.567831,0.578905,0.473976,0.453745,0.371034,0.376298,0.279918
Depression,p20_0018,0.877227,0.787064,0.756476,0.710818,0.69086,0.640848,0.572701,0.568257,0.584641,0.465981,0.459119,0.372169,0.377792,0.303634
Depression,p20_0019,0.889838,0.79057,0.754154,0.712032,0.682505,0.653537,0.571541,0.568735,0.581022,0.450931,0.458089,0.370982,0.394703,0.297211
Depression,p20_0020,0.882493,0.805532,0.758113,0.722658,0.678413,0.661867,0.557463,0.56859,0.584167,0.449944,0.466394,0.360126,0.3876,0.305316
Depression,p20_0021,0.879696,0.780258,0.761658,0.712271,0.691606,0.644456,0.56969,0.57719,0.586157,0.458773,0.459377,0.363187,0.374821,0.301076
Depression,p20_0022,0.882841,0.797583,0.766211,0.728788,0.672424,0.627711,0.561956,0.568761,0.569079,0.458219,0.470685,0.382277,0.382848,0.307287
Depression,p20_0023,0.874514,0.786801,0.766647,0.730172,0.689656,0.644924,0.562896,0.582526,0.578381,0.44474,0.445581,0.377836,0.397204,0.308276
Depression,p20_0024,0.881384,0.79852,0.754715,0.716008,0.659164,0.63463,0.56599,0.562647,0.584168,0.449287,0.439105,0.391984,0.370535,0.287377
Depression,p20_0025,0.877921,0.799184,0.748776,0.728825,0.697819,0.643637,0.570739,0.553757,0.567322,0.439428,0.451462,0.377821,0.379749,0.299989
Depression,p20_0026,0.876623,0.778904,0.75969,0.710861,0.691891,0.647634,0.569221,0.570988,0.572212,0.43771,0.459144,0.385938,0.36291,0.305646
Depression,p20_0027,0.901761,0.791362,0.74047,0.708694,0.674154,0.64642,0.557916,0.560545,0.596148,0.462551,0.472063,0.371791,0.397939,0.292093
Depression,p20_0028,0.882427,0.79334,0.770427,0.729213,0.673241,0.649183,0.563126,0.5637,0.56913,0.440521,0.45007,0.386059,0.359876,0.312817
Depression,p20_0029,0.885885,0.800507,0.771531,0.71957,0.697029,0.642406,0.563288,0.56711,0.59239,0.442595,0.464786,0.376646,0.388203,0.314616
Depression,p20_0030,0.904447,0.779678,0.774106,0.72308,0.680386,0.641556,0.553846,0.575431,0.589375,0.453389,0.462644,0.381308,0.391155,0.29089
Depression,p20_0031,0.86985,0.78792,0.756557,0.715878,0.677565,0.647991,0.571649,0.57036,0.577368,0.473814,0.459788,0.369084,0.392372,0.314376
Depression,p20_0032,0.891936,0.779695,0.759753,0.727891,0.688223,0.632528,0.555755,0.572862,0.592123,0.446559,0.468878,0.371335,0.370659,0.310684
Depression,p20_0033,0.880054,0.800312,0.76678,0.731674,0.684462,0.644203,0.564358,0.564069,0.586139,0.445377,0.438819,0.360793,0.367336,0.289196
Depression,p20_0034,0.879477,0.783328,0.76924,0.718428,0.677963,0.638092,0.568623,0.557676,0.580159,0.452192,0.464116,0.382962,0.381254,0.296321
Depression,p20_0035,0.89189,0.799656,0.767195,0.722259,0.684247,0.630435,0.56502,0.588083,0.57861,0.475906,0.466386,0.387858,0.37202,0.312507
Depression,p20_0036,0.868323,0.80187,0.761591,0.730908,0.667696,0.650275,0.55012,0.574954,0.578132,0.45927,0.442283,0.38924,0.385822,0.304284
Depression,p20_0037,0.902439,0.788253,0.767056,0.731819,0.696457,0.643466,0.560369,0.552356,0.571642,0.435004,0.440178,0.389246,0.38248,0.296117
Depression,p20_0038,0.880952,0.790032,0.738341,0.7252,0.680517,0.6526,0.564877,0.563579,0.574774,0.452008,0.453808,0.371445,0.383946,0.293752
Depression,p20_0039,0.913558,0.799555,0.749453,0.724357,0.687942,0.645211,0.570377,0.567476,0.573667,0.450927,0.470028,0.372634,0.409914,0.296572
Depression,p20_0040,0.868569,0.793272,0.752049,0.731308,0.673208,0.651578,0.55932,0.575306,0.590585,0.456533,0.449985,0.376471,0.377736,0.301495
Depression,p20_0041,0.87257,0.778001,0.75167,0.717764,0.684645,0.616253,0.570968,0.570709,0.574802,0.459268,0.447722,0.374187,0.393538,0.297556
Depression,p20_0042,0.890948,0.775817,0.751313,0.717274,0.703427,0.652298,0.556037,0.55377,0.586608,0.441069,0.459064,0.360917,0.391764,0.305821
Depression,p20_0043,0.883684,0.785253,0.759813,0.710194,0.66983,0.665039,0.560556,0.580682,0.585869,0.445209,0.464088,0.385639,0.385578,0.303066
Depression,p20_0044,0.892702,0.784839,0.779179,0.7258,0.672866,0.645253,0.570748,0.559798,0.587717,0.451012,0.472975,0.359543,0.374867,0.277551
Depression,p20_0045,0.892756,0.792906,0.745358,0.73636,0.663102,0.647708,0.57711,0.568631,0.558292,0.464534,0.450983,0.3812,0.379526,0.301683
Depression,p20_0046,0.872344,0.788122,0.75028,0.722897,0.679679,0.641013,0.586507,0.57621,0.569259,0.465558,0.453253,0.38424,0.402891,0.299581
Depression,p20_0047,0.884017,0.774826,0.753403,0.739203,0.693595,0.617348,0.58284,0.585886,0.601951,0.448051,0.451707,0.379433,0.372893,0.304541
Depression,p20_0048,0.880777,0.783702,0.761046,0.732297,0.670096,0.648303,0.548828,0.56436,0.580481,0.462037,0.447716,0.375814,0.397376,0.293773
Depression,p20_0049,0.899789,0.785866,0.752072,0.693824,0.681075,0.653822,0.562603,0.567306,0.58474,0.459862,0.469554,0.370661,0.37728,0.284978
Depression,p20_0050,0.912382,0.781805,0.743812,0.727975,0.695125,0.664093,0.56223,0.568069,0.581886,0.451373,0.450701,0.384189,0.37979,0.274634
Depression,p20_0051,0.887562,0.790583,0.725004,0.724885,0.678441,0.645391,0.550804,0.575482,0.58216,0.460171,0.446103,0.384531,0.372649,0.295272
Depression,p20_0052,0.87768,0.784349,0.753319,0.714703,0.666422,0.644718,0.569379,0.570653,0.586456,0.431055,0.458556,0.367451,0.373104,0.288813
Depression,p20_0053,0.879004,0.775355,0.761223,0.724117,0.673677,0.65906,0.571048,0.572266,0.574926,0.456951,0.465422,0.37909,0.378825,0.301008
Depression,p20_0054,0.883825,0.795386,0.751766,0.722546,0.683621,0.645531,0.562314,0.564927,0.573019,0.445097,0.451438,0.373536,0.365068,0.290686
Alzheimer's Disease,p21_0000,0.873312,0.80621,0.758463,0.780736,0.689686,0.69158,0.615718,0.562298,0.533774,0.497539,0.511332,0.367396,0.388623,0.317067
Alzheimer's Disease,p21_0001,0.884971,0.792819,0.754893,0.781718,0.700592,0.688188,0.627509,0.591842,0.526556,0.497184,0.508138,0.371265,0.393326,0.307751
Alzheimer's Disease,p21_0002,0.904055,0.79834,0.76429,0.764575,0.697129,0.684515,0.627171,0.570912,0.523045,0.486745,0.501189,0.355386,0.390101,0.304898
Alzheimer's Disease,p21_0003,0.886682,0.783637,0.767196,0.782871,0.69864,0.705215,0.631029,0.57525,0.52812,0.476306,0.507481,0.38166,0.393959,0.299959
Alzheimer's Disease,p21_0004,0.882996,0.788091,0.760772,0.771355,0.685582,0.687072,0.635845,0.558376,0.532225,0.4941,0.501303,0.381375,0.38982,0.310348
Alzheimer's Disease,p21_0005,0.883419,0.797817,0.761785,0.756931,0.670671,0.692923,0.639627,0.570386,0.50937,0.512711,0.510126,0.382149,0.374888,0.315237
Alzheimer's Disease,p21_0006,0.866482,0.795854,0.783952,0.76196,0.699314,0.705967,0.6313,0.578701,0.530697,0.49356,0.4916,0.373513,0.389706,0.323258
Alzheimer's Disease,p21_0007,0.872716,0.815374,0.75848,0.769783,0.680581,0.685819,0.62928,0.577743,0.538501,0.48977,0.502689,0.358009,0.39048,0.311466
Alzheimer's Disease,p21_0008,0.878845,0.803033,0.768751,0.76318,0.684484,0.688204,0.630807,0.562689,0.52133,0.487436,0.510593,0.366697,0.372162,0.318814
Alzheimer's Disease,p21_0009,0.873151,0.811941,0.747281,0.772122,0.684883,0.691875,0.640468,0.571847,0.520836,0.509925,0.510728,0.392244,0.38102,0.316813
Alzheimer's Disease,p21_0010,0.875698,0.798324,0.746076,0.766759,0.694461,0.694137,0.621803,0.566606,0.540261,0.504225,0.496959,0.359855,0.376487,0.307498
Alzheimer's Disease,p21_0011,0.878842,0.804906,0.737558,0.742342,0.698453,0.682156,0.611204,0.573455,0.538552,0.486033,0.510189,0.373028,0.36787,0.333842
Alzheimer's Disease,p21_0012,0.875199,0.784899,0.77151,0.779697,0.673955,0.702925,0.618304,0.56241,0.522184,0.509325,0.495593,0.354314,0.371937,0.314991
Alzheimer's Disease,p21_0013,0.900279,0.798883,0.767653,0.797094,0.691737,0.695499,0.63796,0.571747,0.539668,0.487547,0.480243,0.37647,0.382811,0.30262
Alzheimer's Disease,p21_0014,0.894862,0.794554,0.769868,0.764581,0.678085,0.696231,0.629738,0.577095,0.514763,0.5076,0.506918,0.389514,0.394132,0.321239
Alzheimer's Disease,p21_0015,0.892771,0.780713,0.760118,0.781091,0.666693,0.71894,0.614214,0.557017,0.534332,0.479245,0.495817,0.376267,0.381093,0.305596
Alzheimer's Disease,p21_0016,0.879313,0.793735,0.738351,0.759684,0.68849,0.691688,0.63775,0.563638,0.535162,0.499676,0.522054,0.381656,0.359624,0.312846
Alzheimer's Disease,p21_0017,0.899588,0.779529,0.745675,0.779742,0.676638,0.710656,0.651914,0.573043,0.520945,0.514463,0.50362,0.390457,0.384431,0.313001
Alzheimer's Disease,p21_0018,0.887668,0.81047,0.756982,0.775159,0.671705,0.695334,0.624069,0.562464,0.522971,0.498056,0.498028,0.383361,0.371795,0.313086
Alzheimer's Disease,p21_0019,0.87945,0.792059,0.758183,0.776272,0.676437,0.703358,0.624248,0.553907,0.549067,0.497515,0.518807,0.385628,0.385416,0.333286
Alzheimer's Disease,p21_0020,0.886649,0.777438,0.766255,0.783701,0.668292,0.725246,0.629962,0.57641,0.528041,0.488388,0.498293,0.378392,0.376349,0.326511
Alzheimer's Disease,p21_0021,0.88256,0.812282,0.730387,0.772115,0.679465,0.695436,0.626063,0.574139,0.534636,0.494074,0.497419,0.372363,0.387915,0.303426
Alzheimer's Disease,p21_0022,0.889744,0.792571,0.768093,0.770202,0.670094,0.699048,0.61238,0.576156,0.531131,0.48415,0.511015,0.379988,0.386101,0.313816
Alzheimer's Disease,p21_0023,0.878102,0.788384,0.767843,0.78744,0.685248,0.710141,0.626349,0.576105,0.534243,0.490028,0.523759,0.384366,0.374804,0.312792
Alzheimer's Disease,p21_0024,0.870729,0.805067,0.754214,0.773691,0.670278,0.690262,0.621953,0.573398,0.544434,0.496243,0.512922,0.391739,0.389224,0.309561
Alzheimer's Disease,p21_0025,0.872206,0.808543,0.765623,0.772812,0.686305,0.684291,0.633067,0.56886,0.552883,0.473719,0.532862,0.388864,0.379254,0.310289
Alzheimer's Disease,p21_0026,0.875596,0.812559,0.764661,0.784104,0.687665,0.692001,0.622478,0.565385,0.541123,0.491669,0.494977,0.382849,0.369445,0.323345
Alzheimer's Disease,p21_0027,0.906257,0.788642,0.75571,0.784838,0.697316,0.69512,0.648596,0.568192,0.519954,0.503708,0.505775,0.367947,0.375403,0.30267
Alzheimer's Disease,p21_0028,0.890755,0.798158,0.749766,0.770353,0.676635,0.690385,0.615378,0.574233,0.523751,0.505308,0.499746,0.377838,0.379831,0.312464
Alzheimer's Disease,p21_0029,0.884598,0.790208,0.755195,0.787204,0.684271,0.691549,0.641142,0.581767,0.534128,0.493662,0.509448,0.375808,0.375159,0.323951
Alzheimer's Disease,p21_0030,0.880462,0.781079,0.768778,0.777796,0.697543,0.702323,0.629656,0.554447,0.541559,0.489542,0.513424,0.389025,0.359665,0.312449
Alzheimer's Disease,p21_0031,0.895657,0.790615,0.756941,0.767824,0.681926,0.694032,0.629586,0.579911,0.546205,0.499589,0.521513,0.371167,0.365909,0.317064
Alzheimer's Disease,p21_0032,0.881731,0.811478,0.773724,0.7773,0.685333,0.693485,0.621516,0.564031,0.539491,0.508157,0.509705,0.388552,0.363719,0.316799
Alzheimer's Disease,p21_0033,0.892481,0.811856,0.774442,0.773896,0.686547,0.68729,0.628865,0.576381,0.538669,0.492737,0.500395,0.380203,0.356021,0.303155
Alzheimer's Disease,p21_0034,0.876692,0.791333,0.754091,0.765117,0.681967,0.707339,0.648537,0.581435,0.539086,0.502013,0.522236,0.371519,0.38118,0.314813
Alzheimer's Disease,p21_0035,0.89783,0.801991,0.757629,0.772931,0.670421,0.699851,0.617932,0.57171,0.540766,0.501857,0.503323,0.367215,0.387364,0.314395
Alzheimer's Disease,p21_0036,0.893719,0.798302,0.762444,0.782758,0.694802,0.681526,0.625433,0.559818,0.520932,0.501926,0.509041,0.377796,0.399906,0.323511
Alzheimer's Disease,p21_0037,0.891417,0.80473,0.759944,0.770767,0.704763,0.707995,0.631277,0.576581,0.524128,0.500487,0.52189,0.383869,0.382093,0.313372
Alzheimer's Disease,p21_0038,0.876751,0.782923,0.774367,0.777731,0.68257,0.687817,0.629985,0.562409,0.537688,0.494524,0.497937,0.371552,0.385875,0.324514
Alzheimer's Disease,p21_0039,0.897576,0.798284,0.751039,0.769324,0.678234,0.699886,0.635072,0.582314,0.541875,0.49257,0.505165,0.374613,0.374169,0.334459
Alzheimer's Disease,p21_0040,0.883589,0.801098,0.773452,0.775791,0.694038,0.70467,0.611267,0.577962,0.517506,0.499311,0.502503,0.386161,0.373916,0.319935
Alzheimer's Disease,p21_0041,0.878799,0.794523,0.747459,0.779674,0.687933,0.703167,0.650195,0.56788,0.526473,0.478562,0.5053,0.36646,0.380591,0.312327
Alzheimer's Disease,p21_0042,0.880558,0.795003,0.748031,0.791334,0.655473,0.691353,0.637353,0.57119,0.559992,0.489073,0.496235,0.390579,0.392408,0.318926
Alzheimer's Disease,p21_0043,0.870298,0.791301,0.772062,0.765341,0.681187,0.693508,0.627754,0.581155,0.533023,0.489481,0.512682,0.368043,0.399647,0.288328
Alzheimer's Disease,p21_0044,0.873279,0.80511,0.755558,0.778686,0.676814,0.681969,0.630734,0.562432,0.537383,0.49603,0.5096,0.392571,0.377876,0.307775
Alzheimer's Disease,p21_0045,0.880866,0.786449,0.762658,0.758561,0.68014,0.692371,0.640909,0.564138,0.529739,0.525405,0.493553,0.368468,0.388296,0.31676
Alzheimer's Disease,p21_0046,0.887678,0.788224,0.768867,0.759846,0.68421,0.714042,0.629788,0.572757,0.538191,0.500405,0.48857,0.376014,0.378775,0.330501
Alzheimer's Disease,p21_0047,0.87321,0.788207,0.744483,0.777409,0.683853,0.697283,0.622441,0.576361,0.524985,0.497678,0.496352,0.378416,0.382594,0.294524
Alzheimer's Disease,p21_0048,0.88184,0.791568,0.760289,0.76288,0.689169,0.681635,0.642199,0.569042,0.542135,0.486837,0.499487,0.368067,0.384455,0.321379
Alzheimer's Disease,p21_0049,0.905171,0.811102,0.74332,0.752447,0.686139,0.697584,0.642821,0.558786,0.509069,0.487841,0.509478,0.37394,0.362641,0.317812
Alzheimer's Disease,p21_0050,0.885792,0.812736,0.774066,0.76752,0.69724,0.695196,0.608973,0.568748,0.533824,0.496937,0.527717,0.366909,0.37081,0.300731
Alzheimer's Disease,p21_0051,0.880246,0.82281,0.751026,0.780965,0.677517,0.704249,0.632314,0.574847,0.539041,0.48263,0.509656,0.389402,0.382979,0.311824
Alzheimer's Disease,p21_0052,0.868037,0.802328,0.765604,0.761358,0.681974,0.697373,0.630762,0.579372,0.546109,0.489015,0.51603,0.375671,0.372134,0.306303
Alzheimer's Disease,p21_0053,0.878951,0.794411,0.75904,0.758082,0.686682,0.702948,0.631323,0.557182,0.549118,0.503738,0.509228,0.353196,0.370939,0.306523
Alzheimer's Disease,p21_0054,0.88169,0.790665,0.755412,0.770663,0.688641,0.724075,0.629403,0.569547,0.535776,0.4913,0.505354,0.373106,0.374415,0.305176
Stroke,p22_0000,0.889602,0.790986,0.760444,0.717426,0.666426,0.713818,0.5564,0.505982,0.587419,0.503092,0.496636,0.432974,0.314218,0.349831
Stroke,p22_0001,0.880805,0.798826,0.766565,0.711871,0.68112,0.686048,0.554559,0.537585,0.591429,0.500726,0.498274,0.424912,0.332347,0.372887
Stroke,p22_0002,0.879291,0.786708,0.754474,0.718644,0.684019,0.684795,0.582506,0.543906,0.609091,0.502896,0.504452,0.395467,0.339958,0.358315
Stroke,p22_0003,0.886436,0.788114,0.745114,0.723031,0.678245,0.687637,0.554633,0.507902,0.59295,0.482119,0.490508,0.406475,0.329051,0.358597
Stroke,p22_0004,0.894263,0.789425,0.758293,0.721902,0.68361,0.700093,0.579944,0.515569,0.581254,0.497616,0.519159,0.409181,0.330578,0.37616
Stroke,p22_0005,0.873939,0.798124,0.758051,0.709632,0.671607,0.694893,0.562413,0.522859,0.587635,0.492981,0.494813,0.418415,0.340894,0.381808
Stroke,p22_0006,0.902502,0.790478,0.745367,0.705795,0.665584,0.702844,0.583479,0.528494,0.581058,0.489154,0.488744,0.409465,0.34169,0.369813
Stroke,p22_0007,0.872717,0.785634,0.762486,0.715701,0.701986,0.688681,0.562684,0.531562,0.585006,0.502959,0.509604,0.425201,0.339534,0.370096
Stroke,p22_0008,0.882253,0.7827,0.762868,0.719364,0.660495,0.676193,0.562424,0.513274,0.569612,0.481145,0.516682,0.41555,0.344412,0.365337
Stroke,p22_0009,0.882798,0.779492,0.762291,0.710404,0.674372,0.699799,0.569589,0.540612,0.59103,0.489659,0.512705,0.419564,0.352319,0.369919
Stroke,p22_0010,0.890604,0.811932,0.764858,0.722258,0.693922,0.688614,0.561372,0.533503,0.594668,0.484995,0.507386,0.427088,0.320769,0.351942
Stroke,p22_0011,0.890884,0.79111,0.760405,0.720292,0.698314,0.697876,0.573286,0.515584,0.587465,0.488665,0.496524,0.426482,0.330028,0.370185
Stroke,p22_0012,0.884982,0.791431,0.757343,0.712259,0.665947,0.689491,0.557413,0.532668,0.590107,0.511383,0.507842,0.403416,0.341126,0.359109
Stroke,p22_0013,0.902378,0.788969,0.760657,0.721858,0.667045,0.689278,0.562351,0.536902,0.582304,0.500264,0.526167,0.422011,0.333506,0.36116
Stroke,p22_0014,0.878528,0.770444,0.758029,0.724496,0.687733,0.709568,0.565772,0.53434,0.586426,0.503865,0.502069,0.406524,0.337603,0.377901
Stroke,p22_0015,0.890164,0.782586,0.773738,0.715713,0.687682,0.694132,0.563544,0.526372,0.581055,0.484522,0.504826,0.425404,0.345974,0.373155
Stroke,p22_0016,0.900974,0.794544,0.770642,0.72324,0.667303,0.693092,0.570004,0.534987,0.567517,0.500812,0.490034,0.424526,0.340285,0.347753
Stroke,p22_0017,0.896186,0.803932,0.752243,0.737121,0.68175,0.700617,0.55436,0.529032,0.594168,0.486163,0.501085,0.399332,0.341212,0.368799
Stroke,p22_0018,0.879237,0.804905,0.765137,0.729029,0.681653,0.687511,0.568184,0.530902,0.58254,0.488195,0.4921,0.414539,0.346331,0.37199
Stroke,p22_0019,0.894805,0.780296,0.75614,0.723243,0.691241,0.688191,0.56039,0.525994,0.578374,0.501234,0.514586,0.43301,0.341676,0.387547
Stroke,p22_0020,0.899611,0.788817,0.749801,0.723148,0.688701,0.720983,0.547583,0.537857,0.582041,0.489742,0.508849,0.414257,0.358313,0.354041
Stroke,p22_0021,0.888074,0.781697,0.773093,0.715624,0.693165,0.707185,0.568299,0.510837,0.603765,0.470788,0.510897,0.411378,0.333521,0.372429
Stroke,p22_0022,0.903602,0.799724,0.772078,0.730776,0.687955,0.708633,0.567764,0.500804,0.574077,0.507626,0.503302,0.403077,0.340141,0.374943
Stroke,p22_0023,0.885657,0.788885,0.760678,0.729992,0.690201,0.687693,0.557577,0.515843,0.573457,0.503608,0.498613,0.408166,0.337421,0.351407
Stroke,p22_0024,0.892723,0.798994,0.754727,0.724706,0.699451,0.703034,0.565793,0.529678,0.580278,0.501057,0.491898,0.417671,0.349956,0.36074
Stroke,p22_0025,0.887527,0.793738,0.744208,0.712415,0.691509,0.693973,0.575739,0.538542,0.578641,0.504412,0.515293,0.436043,0.354655,0.354286
Stroke,p22_0026,0.877393,0.791176,0.762889,0.718938,0.705363,0.695256,0.56997,0.527828,0.568901,0.489402,0.501435,0.409877,0.352877,0.367579
Stroke,p22_0027,0.88695,0.794566,0.749538,0.70802,0.675834,0.707999,0.551429,0.541264,0.593867,0.48943,0.512759,0.425558,0.345625,0.348924
Stroke,p22_0028,0.897556,0.783516,0.746666,0.711108,0.681462,0.674579,0.576205,0.532015,0.569735,0.497716,0.506344,0.416694,0.314075,0.371277
Stroke,p22_0029,0.87137,0.81177,0.750362,0.716021,0.684782,0.711425,0.571437,0.512535,0.595122,0.480328,0.501259,0.410261,0.335349,0.373143
Stroke,p22_0030,0.875744,0.799003,0.745356,0.72734,0.671552,0.687065,0.565604,0.544066,0.583055,0.503199,0.52014,0.410082,0.331053,0.359213
Stroke,p22_0031,0.881958,0.78993,0.737553,0.707927,0.682732,0.685497,0.570849,0.532448,0.567563,0.484875,0.51804,0.417039,0.343199,0.359321
Stroke,p22_0032,0.894451,0.793599,0.752013,0.712091,0.683896,0.691301,0.558299,0.549147,0.598235,0.499682,0.501036,0.413145,0.322548,0.361314
Stroke,p22_0033,0.882129,0.800126,0.748507,0.727308,0.675991,0.6915,0.56662,0.50891,0.574595,0.485368,0.520418,0.434145,0.336216,0.371674
Stroke,p22_0034,0.883228,0.800018,0.772132,0.714511,0.67991,0.679861,0.571535,0.539916,0.573485,0.493485,0.516391,0.420494,0.345116,0.362616
Stroke,p22_0035,0.891331,0.784315,0.746159,0.737995,0.690646,0.676276,0.55347,0.529369,0.589729,0.495724,0.51544,0.41843,0.328763,0.372032
Stroke,p22_0036,0.890638,0.788386,0.763006,0.724685,0.686835,0.698563,0.570071,0.551451,0.598108,0.484252,0.505904,0.409091,0.328398,0.363655
Stroke,p22_0037,0.887929,0.805299,0.752924,0.705666,0.686943,0.686527,0.565527,0.522826,0.578059,0.471489,0.501682,0.408128,0.330224,0.353046
Stroke,p22_0038,0.871767,0.801667,0.757022,0.712833,0.680697,0.68462,0.551927,0.523166,0.598704,0.494594,0.490474,0.422327,0.326071,0.356107
Stroke,p22_0039,0.895168,0.789207,0.746491,0.711854,0.688349,0.687645,0.562778,0.520256,0.569788,0.483685,0.506262,0.419237,0.348313,0.36069
Stroke,p22_0040,0.887276,0.806404,0.762702,0.718258,0.696172,0.704721,0.565763,0.545591,0.572509,0.490367,0.501177,0.425304,0.339405,0.3628
Stroke,p22_0041,0.886322,0.803515,0.75318,0.727771,0.69982,0.682487,0.563259,0.522137,0.574636,0.476777,0.509682,0.413622,0.342045,0.356903
Stroke,p22_0042,0.859145,0.791234,0.761603,0.718047,0.69385,0.691751,0.568366,0.530479,0.590416,0.492332,0.508691,0.435351,0.347856,0.360502
Stroke,p22_0043,0.876852,0.8013,0.747516,0.711021,0.680265,0.69166,0.556946,0.530654,0.577543,0.50511,0.501568,0.414403,0.333236,0.366021
Stroke,p22_0044,0.889337,0.799493,0.750461,0.723649,0.677278,0.696853,0.57543,0.525813,0.597207,0.495691,0.519125,0.421297,0.348187,0.361686
Stroke,p22_0045,0.8925,0.803486,0.754655,0.747326,0.688405,0.674705,0.554317,0.527442,0.597648,0.483217,0.490735,0.423525,0.345239,0.35925
Stroke,p22_0046,0.88953,0.803955,0.772528,0.725241,0.69888,0.720019,0.560474,0.525512,0.590003,0.47397,0.497123,0.417248,0.318019,0.3662
Stroke,p22_0047,0.865254,0.812329,0.759519,0.726107,0.681741,0.707064,0.582789,0.523678,0.581153,0.497678,0.513112,0.433945,0.323396,0.375097
Stroke,p22_0048,0.881564,0.802151,0.733776,0.708699,0.668005,0.727328,0.559288,0.521968,0.571391,0.493864,0.506033,0.40461,0.340615,0.369401
Stroke,p22_0049,0.88411,0.79527,0.763679,0.721399,0.693187,0.680821,0.577675,0.523582,0.5695,0.47705,0.501738,0.398816,0.316624,0.359109
Stroke,p22_0050,0.891724,0.791647,0.754559,0.716176,0.689006,0.703136,0.557355,0.509629,0.594718,0.505801,0.508506,0.419896,0.331383,0.370844
Stroke,p22_0051,0.893094,0.812792,0.766735,0.724785,0.693972,0.68516,0.587556,0.525286,0.572071,0.481239,0.498956,0.424484,0.326776,0.381354
Stroke,p22_0052,0.869444,0.829605,0.754448,0.724281,0.674611,0.688343,0.557457,0.52374,0.598629,0.487933,0.515054,0.402104,0.334082,0.375474
Stroke,p22_0053,0.871566,0.788046,0.75169,0.709548,0.683129,0.703684,0.561897,0.524807,0.58783,0.494207,0.489393,0.411822,0.333998,0.364114
Stroke,p22_0054,0.87993,0.777728,0.768376,0.738196,0.667556,0.689878,0.564454,0.525869,0.595463,0.511393,0.503549,0.422267,0.359762,0.346289
Multiple Sclerosis,p23_0000,0.790452,0.812145,0.779486,0.720306,0.686041,0.646461,0.665366,0.626161,0.585912,0.463147,0.404032,0.3634,0.372906,0.286915
Multiple Sclerosis,p23_0001,0.789329,0.821921,0.745659,0.723791,0.676969,0.665631,0.650114,0.632641,0.587177,0.433993,0.426191,0.35515,0.38073,0.298775
Multiple Sclerosis,p23_0002,0.809363,0.820258,0.753448,0.709774,0.702885,0.638832,0.659834,0.626043,0.58997,0.455132,0.440965,0.363503,0.374233,0.307779
Multiple Sclerosis,p23_0003,0.783362,0.825319,0.752333,0.745129,0.672663,0.626695,0.656565,0.621795,0.586077,0.456914,0.447061,0.367382,0.362751,0.30468
Multiple Sclerosis,p23_0004,0.785487,0.815216,0.763718,0.710843,0.698019,0.64982,0.634919,0.616868,0.576593,0.467456,0.403222,0.368884,0.389501,0.292256
Multiple Sclerosis,p23_0005,0.764782,0.822243,0.757251,0.725333,0.692566,0.636366,0.654351,0.617679,0.594724,0.454384,0.420585,0.359369,0.359682,0.287573
Multiple Sclerosis,p23_0006,0.786728,0.815692,0.777402,0.723572,0.692337,0.646941,0.643555,0.620153,0.566064,0.450671,0.435068,0.38187,0.393764,0.289566
Multiple Sclerosis,p23_0007,0.803635,0.813766,0.763807,0.722301,0.691629,0.644259,0.650322,0.61187,0.564829,0.448113,0.434864,0.364147,0.380429,0.302936
Multiple Sclerosis,p23_0008,0.78298,0.816777,0.765436,0.714684,0.678851,0.644392,0.647378,0.618386,0.582223,0.462405,0.428815,0.381708,0.386562,0.304035
Multiple Sclerosis,p23_0009,0.806433,0.832665,0.76817,0.722367,0.692688,0.653423,0.657625,0.622932,0.581559,0.45379,0.414777,0.375757,0.388067,0.306545
Multiple Sclerosis,p23_0010,0.775242,0.821951,0.744946,0.737368,0.689338,0.64448,0.66199,0.638806,0.598567,0.447512,0.442502,0.378672,0.389788,0.310056
Multiple Sclerosis,p23_0011,0.794003,0.830406,0.780349,0.725939,0.659441,0.642212,0.660844,0.62997,0.585701,0.45533,0.412559,0.366361,0.372819,0.294464
Multiple Sclerosis,p23_0012,0.786123,0.812662,0.7608,0.72711,0.66656,0.649254,0.652742,0.598266,0.574703,0.451847,0.432533,0.380896,0.3756,0.323225
Multiple Sclerosis,p23_0013,0.793231,0.831211,0.766803,0.735832,0.674832,0.654424,0.660501,0.635554,0.572278,0.449726,0.426779,0.36344,0.368913,0.301958
Multiple Sclerosis,p23_0014,0.811409,0.817299,0.775651,0.710585,0.679985,0.64092,0.66366,0.618946,0.566018,0.452803,0.427698,0.377679,0.387208,0.311597
Multiple Sclerosis,p23_0015,0.786309,0.812897,0.756391,0.720695,0.692682,0.666282,0.661313,0.621842,0.580711,0.438761,0.438684,0.363567,0.389974,0.302541
Multiple Sclerosis,p23_0016,0.782955,0.809763,0.765092,0.731578,0.679053,0.641396,0.655722,0.639756,0.574244,0.445852,0.438222,0.401057,0.377381,0.304699
Multiple Sclerosis,p23_0017,0.78991,0.807621,0.767205,0.717795,0.688511,0.636025,0.681261,0.621169,0.589246,0.466327,0.422453,0.375028,0.383944,0.267155
Multiple Sclerosis,p23_0018,0.803869,0.824726,0.787672,0.717441,0.679539,0.643394,0.653261,0.61883,0.583177,0.470584,0.432907,0.357858,0.390412,0.299816
Multiple Sclerosis,p23_0019,0.78199,0.802769,0.774875,0.739031,0.682626,0.634291,0.661011,0.631555,0.583778,0.455381,0.41742,0.389092,0.378264,0.291524
Multiple Sclerosis,p23_0020,0.806841,0.811483,0.75811,0.714074,0.670178,0.639204,0.638509,0.609833,0.582889,0.450186,0.428204,0.373227,0.368316,0.308376
Multiple Sclerosis,p23_0021,0.808096,0.816579,0.763058,0.719418,0.686638,0.641133,0.662213,0.623467,0.580166,0.44263,0.418141,0.369514,0.39338,0.309193
Multiple Sclerosis,p23_0022,0.778835,0.817383,0.764841,0.723864,0.672232,0.629346,0.649533,0.621301,0.586685,0.446161,0.420838,0.380803,0.367378,0.296556
Multiple Sclerosis,p23_0023,0.777783,0.834254,0.77383,0.722506,0.654573,0.657486,0.669642,0.620056,0.572014,0.462385,0.436809,0.368894,0.394098,0.301702
Multiple Sclerosis,p23_0024,0.774575,0.819835,0.774741,0.707182,0.696112,0.633339,0.652679,0.617367,0.590074,0.44373,0.418079,0.370014,0.392808,0.298892
Multiple Sclerosis,p23_0025,0.793162,0.815462,0.766422,0.731345,0.678683,0.64443,0.665853,0.614586,0.568166,0.447096,0.408725,0.38051,0.37591,0.323317
Multiple Sclerosis,p23_0026,0.773142,0.822523,0.762384,0.729168,0.693835,0.637399,0.645549,0.624211,0.579281,0.45805,0.441575,0.39962,0.398819,0.306532
Multiple Sclerosis,p23_0027,0.794449,0.833749,0.766972,0.732892,0.674724,0.633418,0.659143,0.606243,0.580425,0.457622,0.414277,0.366562,0.397076,0.30054
Multiple Sclerosis,p23_0028,0.788966,0.821502,0.749816,0.723862,0.687507,0.645149,0.657839,0.617996,0.59567,0.451915,0.420304,0.379869,0.381609,0.28927
Multiple Sclerosis,p23_0029,0.778762,0.806565,0.776824,0.716415,0.685642,0.651796,0.658522,0.610336,0.578242,0.437427,0.440438,0.388346,0.393284,0.303533
Multiple Sclerosis,p23_0030,0.791088,0.804583,0.773738,0.718152,0.680504,0.640886,0.630167,0.633765,0.579503,0.451838,0.428384,0.398737,0.393578,0.303176
Multiple Sclerosis,p23_0031,0.78025,0.833419,0.771101,0.714693,0.670795,0.641293,0.66616,0.62601,0.584429,0.473176,0.439267,0.405866,0.389023,0.320028
Multiple Sclerosis,p23_0032,0.805144,0.827573,0.773341,0.730339,0.673517,0.64453,0.671863,0.632759,0.594281,0.453065,0.432873,0.357369,0.394713,0.279109
Multiple Sclerosis,p23_0033,0.801951,0.816057,0.755705,0.733358,0.68639,0.650697,0.682365,0.639547,0.572507,0.456867,0.4194,0.366845,0.392308,0.317645
Multiple Sclerosis,p23_0034,0.785221,0.818279,0.766522,0.724359,0.681908,0.64673,0.657638,0.608751,0.581673,0.472932,0.430317,0.376264,0.375435,0.288649
Multiple Sclerosis,p23_0035,0.79,0.817988,0.767763,0.729751,0.687999,0.645431,0.6749,0.638808,0.585805,0.450111,0.420346,0.370011,0.37734,0.274747
Multiple Sclerosis,p23_0036,0.803923,0.820624,0.7843,0.706659,0.69447,0.651318,0.658802,0.626748,0.575577,0.431268,0.429263,0.369785,0.385149,0.308007
Multiple Sclerosis,p23_0037,0.784603,0.81279,0.766867,0.714042,0.695107,0.655451,0.667101,0.624492,0.589703,0.465877,0.431424,0.381356,0.386074,0.303688
Multiple Sclerosis,p23_0038,0.78444,0.810197,0.774808,0.724619,0.680124,0.626979,0.65164,0.614733,0.578429,0.444226,0.442662,0.37484,0.399474,0.300784
Multiple Sclerosis,p23_0039,0.794283,0.806547,0.765042,0.727718,0.669402,0.633867,0.653079,0.619418,0.585604,0.453671,0.425045,0.38195,0.380379,0.305024
Multiple Sclerosis,p23_0040,0.788825,0.806988,0.792328,0.720217,0.691077,0.665276,0.645975,0.626276,0.571498,0.437365,0.418201,0.383704,0.36605,0.302754
Multiple Sclerosis,p23_0041,0.786167,0.805903,0.761286,0.723231,0.688662,0.656054,0.673123,0.62911,0.582951,0.44019,0.423475,0.376044,0.379012,0.302137
Multiple Sclerosis,p23_0042,0.782019,0.834349,0.750339,0.717088,0.679816,0.658074,0.653368,0.606848,0.579757,0.464147,0.43948,0.401722,0.394745,0.318316
Multiple Sclerosis,p23_0043,0.772438,0.799304,0.753174,0.711425,0.686461,0.64051,0.654773,0.608868,0.57593,0.44501,0.423257,0.364761,0.386661,0.295691
Multiple Sclerosis,p23_0044,0.801712,0.830562,0.775496,0.722012,0.65823,0.647235,0.655876,0.616045,0.5704,0.447458,0.421294,0.373151,0.387124,0.307012
Multiple Sclerosis,p23_0045,0.787054,0.824451,0.769914,0.736174,0.686273,0.66369,0.650352,0.628609,0.591959,0.447847,0.428997,0.381961,0.366262,0.306756
Multiple Sclerosis,p23_0046,0.775958,0.808569,0.784756,0.729742,0.685123,0.650257,0.669062,0.621368,0.59045,0.437527,0.419672,0.387089,0.386777,0.301968
Multiple Sclerosis,p23_0047,0.797472,0.8132,0.760199,0.717625,0.681022,0.649154,0.660862,0.634374,0.583108,0.464742,0.431475,0.36602,0.37353,0.309382
Multiple Sclerosis,p23_0048,0.795697,0.827441,0.772605,0.718629,0.687208,0.649637,0.676637,0.636167,0.595936,0.459402,0.432645,0.378655,0.379909,0.318625
Multiple Sclerosis,p23_0049,0.774375,0.816677,0.752098,0.709258,0.678278,0.64262,0.667057,0.623561,0.582893,0.427831,0.413802,0.366732,0.381097,0.309933
Multiple Sclerosis,p23_0050,0.795862,0.823651,0.764681,0.710387,0.695649,0.64947,0.676628,0.622259,0.586164,0.454899,0.434225,0.390648,0.380438,0.29267
Multiple Sclerosis,p23_0051,0.805245,0.803491,0.771324,0.734853,0.677263,0.650191,0.664755,0.628179,0.572764,0.447372,0.41243,0.371698,0.395246,0.298953
Multiple Sclerosis,p23_0052,0.808936,0.813208,0.747088,0.703568,0.690135,0.646496,0.648891,0.624293,0.605082,0.449998,0.411292,0.390857,0.391019,0.302666
Multiple Sclerosis,p23_0053,0.789722,0.821767,0.777848,0.735007,0.677824,0.658115,0.649841,0.614567,0.582299,0.441649,0.426598,0.366279,0.384559,0.293548
Multiple Sclerosis,p23_0054,0.801082,0.821835,0.768589,0.720949,0.674414,0.63686,0.667805,0.625633,0.568965,0.454616,0.433536,0.384991,0.377579,0.284529
Inflammatory Bowel Disease,p24_0000,0.906537,0.779094,0.729644,0.710996,0.691901,0.620371,0.621759,0.622412,0.492908,0.448156,0.473243,0.381803,0.344984,0.295738
Inflammatory Bowel Disease,p24_0001,0.885158,0.78914,0.707535,0.69857,0.679998,0.608668,0.641386,0.631722,0.483573,0.463052,0.457527,0.368522,0.332132,0.30514
Inflammatory Bowel Disease,p24_0002,0.890405,0.781569,0.726825,0.729751,0.662371,0.60314,0.631078,0.619522,0.500986,0.465816,0.461829,0.381905,0.334023,0.294032
Inflammatory Bowel Disease,p24_0003,0.88385,0.79764,0.728207,0.73215,0.689566,0.576725,0.637481,0.622147,0.481292,0.469521,0.448801,0.373291,0.324978,0.305968
Inflammatory Bowel Disease,p24_0004,0.890477,0.812389,0.720379,0.72687,0.665713,0.599913,0.625726,0.618366,0.497779,0.44825,0.458385,0.371093,0.336965,0.301258
Inflammatory Bowel Disease,p24_0005,0.887681,0.793148,0.706264,0.727243,0.673769,0.595338,0.64825,0.610537,0.486989,0.458616,0.463395,0.368435,0.342133,0.305993
Inflammatory Bowel Disease,p24_0006,0.880908,0.822432,0.716889,0.707296,0.677419,0.597374,0.622466,0.623738,0.490783,0.452567,0.46246,0.373658,0.339303,0.300543
Inflammatory Bowel Disease,p24_0007,0.878398,0.787181,0.709428,0.719127,0.689371,0.619091,0.633507,0.620398,0.487415,0.460663,0.441162,0.376565,0.341357,0.307049
Inflammatory Bowel Disease,p24_0008,0.893948,0.786949,0.702406,0.715236,0.698957,0.599943,0.646012,0.61783,0.467164,0.440817,0.453638,0.383374,0.338152,0.29891
Inflammatory Bowel Disease,p24_0009,0.892623,0.803013,0.716086,0.718028,0.703869,0.58592,0.637301,0.61895,0.489632,0.466628,0.452876,0.383254,0.342813,0.281604
Inflammatory Bowel Disease,p24_0010,0.888864,0.811187,0.703719,0.715268,0.690324,0.616564,0.626684,0.608221,0.4931,0.451699,0.467481,0.39751,0.361951,0.290835
Inflammatory Bowel Disease,p24_0011,0.882553,0.803755,0.712945,0.720491,0.686503,0.594685,0.638472,0.614834,0.473494,0.470576,0.462594,0.374733,0.347118,0.308365
Inflammatory Bowel Disease,p24_0012,0.88609,0.799351,0.711169,0.711177,0.678471,0.602516,0.627947,0.634102,0.489798,0.442978,0.454015,0.373482,0.350738,0.298817
Inflammatory Bowel Disease,p24_0013,0.894192,0.797149,0.715613,0.72778,0.696713,0.624304,0.631432,0.639157,0.492444,0.457632,0.469001,0.354097,0.347076,0.303534
Inflammatory Bowel Disease,p24_0014,0.899124,0.789511,0.71809,0.706797,0.67105,0.593825,0.621797,0.609262,0.493942,0.45206,0.467415,0.379921,0.335926,0.312838
Inflammatory Bowel Disease,p24_0015,0.890014,0.778086,0.702832,0.720292,0.675784,0.590389,0.622536,0.619877,0.500338,0.457031,0.45949,0.371008,0.339442,0.297361
Inflammatory Bowel Disease,p24_0016,0.882307,0.811715,0.712628,0.722012,0.693174,0.602352,0.647485,0.619939,0.50169,0.455044,0.445228,0.365649,0.320696,0.298557
Inflammatory Bowel Disease,p24_0017,0.891959,0.798333,0.720734,0.726366,0.684628,0.611614,0.639515,0.62471,0.483732,0.46335,0.446931,0.383409,0.347151,0.313399
Inflammatory Bowel Disease,p24_0018,0.86533,0.805537,0.713249,0.732891,0.694118,0.596285,0.629435,0.616911,0.492163,0.438696,0.44168,0.371992,0.333161,0.30805
Inflammatory Bowel Disease,p24_0019,0.880555,0.805653,0.726144,0.706474,0.702092,0.600508,0.63261,0.623003,0.491633,0.456531,0.461898,0.367863,0.339919,0.316835
Inflammatory Bowel Disease,p24_0020,0.901058,0.79728,0.719368,0.715438,0.685589,0.586679,0.63073,0.628345,0.490279,0.447266,0.475494,0.383255,0.33728,0.307128
Inflammatory Bowel Disease,p24_0021,0.879483,0.788161,0.712424,0.737838,0.679669,0.603573,0.615687,0.622489,0.495089,0.460625,0.456614,0.372368,0.327884,0.294852
Inflammatory Bowel Disease,p24_0022,0.898979,0.808241,0.703956,0.720885,0.697154,0.607641,0.626912,0.630564,0.50617,0.451332,0.452033,0.389301,0.346681,0.30598
Inflammatory Bowel Disease,p24_0023,0.870445,0.801557,0.720642,0.723301,0.700366,0.606509,0.632115,0.617322,0.496844,0.454506,0.457408,0.375652,0.3425,0.31032
Inflammatory Bowel Disease,p24_0024,0.891575,0.808632,0.714477,0.723574,0.676534,0.596988,0.621081,0.610443,0.482579,0.431414,0.461691,0.372018,0.341842,0.286702
Inflammatory Bowel Disease,p24_0025,0.875372,0.80425,0.724747,0.728041,0.690463,0.606905,0.61539,0.636268,0.490652,0.455412,0.434979,0.379657,0.345931,0.288873
Inflammatory Bowel Disease,p24_0026,0.897241,0.789698,0.700711,0.686247,0.702302,0.581569,0.634181,0.617922,0.479426,0.450569,0.454541,0.360777,0.334981,0.293508
Inflammatory Bowel Disease,p24_0027,0.885676,0.809142,0.719692,0.731967,0.690389,0.595589,0.636807,0.620464,0.468817,0.452475,0.459206,0.381772,0.358499,0.290397
Inflammatory Bowel Disease,p24_0028,0.881056,0.793202,0.717508,0.715675,0.669106,0.598932,0.627418,0.631708,0.489673,0.464991,0.438565,0.370379,0.317649,0.302023
Inflammatory Bowel Disease,p24_0029,0.875184,0.798838,0.722183,0.733465,0.690004,0.598261,0.621002,0.616843,0.495453,0.461124,0.450215,0.380775,0.332278,0.298248
Inflammatory Bowel Disease,p24_0030,0.907059,0.796998,0.734439,0.735496,0.678729,0.621282,0.62341,0.62006,0.498909,0.465585,0.464187,0.374991,0.329626,0.298416
Inflammatory Bowel Disease,p24_0031,0.872872,0.803189,0.712236,0.724511,0.662211,0.625237,0.633053,0.638512,0.487417,0.446081,0.470063,0.361656,0.351304,0.305271
Inflammatory Bowel Disease,p24_0032,0.874631,0.805175,0.714522,0.70902,0.683296,0.606933,0.64911,0.614017,0.495371,0.464777,0.453789,0.375435,0.334776,0.310105
Inflammatory Bowel Disease,p24_0033,0.862531,0.828651,0.727256,0.718316,0.703185,0.589595,0.622163,0.622882,0.480483,0.44605,0.450018,0.361904,0.343687,0.300694
Inflammatory Bowel Disease,p24_0034,0.877822,0.811228,0.700325,0.713015,0.699436,0.594368,0.6292,0.621669,0.486802,0.458898,0.450634,0.386307,0.325114,0.295967
Inflammatory Bowel Disease,p24_0035,0.893696,0.795017,0.728004,0.704036,0.689618,0.586621,0.622316,0.613365,0.495179,0.449795,0.459499,0.375997,0.339067,0.300401
Inflammatory Bowel Disease,p24_0036,0.894671,0.807197,0.715553,0.718256,0.671433,0.605299,0.626518,0.619127,0.502153,0.449952,0.453963,0.386627,0.338638,0.280091
Inflammatory Bowel Disease,p24_0037,0.881992,0.791167,0.730264,0.718413,0.670132,0.59156,0.627448,0.623287,0.477906,0.449023,0.436712,0.379908,0.348478,0.295141
Inflammatory Bowel Disease,p24_0038,0.873571,0.807072,0.735228,0.732861,0.696301,0.594666,0.650363,0.630676,0.48923,0.44464,0.443301,0.371053,0.356716,0.296844
Inflammatory Bowel Disease,p24_0039,0.880208,0.805757,0.69995,0.738379,0.678786,0.610951,0.631589,0.621763,0.498232,0.460603,0.452708,0.36293,0.353919,0.301665
Inflammatory Bowel Disease,p24_0040,0.88027,0.809721,0.72329,0.728574,0.694983,0.622009,0.622928,0.647762,0.490693,0.436131,0.455658,0.373274,0.339551,0.301033
Inflammatory Bowel Disease,p24_0041,0.868158,0.794694,0.722588,0.740361,0.670784,0.607215,0.630291,0.596019,0.488502,0.443015,0.448726,0.38365,0.339638,0.287135
Inflammatory Bowel Disease,p24_0042,0.890444,0.795343,0.70523,0.712736,0.690584,0.615616,0.634062,0.605697,0.493012,0.458473,0.455698,0.383477,0.329018,0.305278
Inflammatory Bowel Disease,p24_0043,0.889349,0.808814,0.705345,0.729715,0.695246,0.593046,0.61986,0.626777,0.498247,0.451778,0.469983,0.387077,0.339396,0.300183
Inflammatory Bowel Disease,p24_0044,0.879497,0.793216,0.712648,0.734694,0.701951,0.629028,0.633505,0.621803,0.483532,0.471138,0.457667,0.380281,0.326832,0.287561
Inflammatory Bowel Disease,p24_0045,0.888855,0.812958,0.70317,0.733115,0.696247,0.604819,0.628258,0.626235,0.480826,0.444794,0.469025,0.3752,0.345034,0.300407
Inflammatory Bowel Disease,p24_0046,0.891048,0.798133,0.719977,0.715732,0.686843,0.613553,0.630392,0.614656,0.486677,0.458256,0.45692,0.387386,0.322626,0.303004
Inflammatory Bowel Disease,p24_0047,0.89506,0.80189,0.707544,0.715927,0.69885,0.60215,0.637245,0.621235,0.485597,0.467236,0.445583,0.363002,0.345801,0.298781
Inflammatory Bowel Disease,p24_0048,0.855249,0.810507,0.719304,0.714874,0.690532,0.606425,0.641107,0.62051,0.492064,0.447168,0.461329,0.395222,0.327559,0.279499
Inflammatory Bowel Disease,p24_0049,0.883362,0.79459,0.709302,0.718988,0.683487,0.61642,0.637843,0.6094,0.491881,0.451166,0.459618,0.381731,0.339555,0.300567
Inflammatory Bowel Disease,p24_0050,0.893691,0.810339,0.71865,0.732909,0.678728,0.59502,0.615749,0.617544,0.481905,0.454094,0.445248,0.366277,0.337209,0.295622
Inflammatory Bowel Disease,p24_0051,0.894529,0.782341,0.732087,0.714348,0.695256,0.61013,0.603365,0.611384,0.478112,0.456855,0.448378,0.373947,0.352537,0.304332
Inflammatory Bowel Disease,p24_0052,0.888651,0.811622,0.717451,0.713275,0.671793,0.583339,0.633056,0.625829,0.487749,0.4458,0.455388,0.360498,0.323672,0.297327
Inflammatory Bowel Disease,p24_0053,0.894756,0.784863,0.707139,0.713904,0.683474,0.60678,0.635385,0.626975,0.49549,0.460853,0.46396,0.375736,0.3475,0.286455
Inflammatory Bowel Disease,p24_0054,0.888516,0.812494,0.72911,0.736343,0.696248,0.60112,0.647843,0.616642,0.52202,0.446601,0.452945,0.36518,0.34061,0.295955
Rheumatoid Arthritis,p25_0000,0.874047,0.796446,0.7173,0.694258,0.691217,0.705366,0.564892,0.606264,0.598201,0.505967,0.506231,0.410863,0.340178,0.346089
Rheumatoid Arthritis,p25_0001,0.880517,0.805729,0.71178,0.704667,0.683551,0.701978,0.578471,0.627808,0.574353,0.496295,0.528162,0.404677,0.321386,0.340201
Rheumatoid Arthritis,p25_0002,0.883019,0.772283,0.698431,0.735563,0.68178,0.700237,0.54994,0.627239,0.591459,0.472674,0.502461,0.406327,0.334876,0.347989
Rheumatoid Arthritis,p25_0003,0.873122,0.793266,0.69275,0.721723,0.667658,0.707071,0.568102,0.625609,0.568103,0.478558,0.50991,0.420916,0.328712,0.359525
Rheumatoid Arthritis,p25_0004,0.900762,0.78711,0.719286,0.722159,0.687868,0.705102,0.572733,0.621688,0.592513,0.501436,0.495858,0.411215,0.342955,0.349347
Rheumatoid Arthritis,p25_0005,0.875513,0.790867,0.732094,0.713612,0.689912,0.698677,0.561585,0.610457,0.563964,0.513401,0.516979,0.401914,0.340448,0.362877
Rheumatoid Arthritis,p25_0006,0.876158,0.783425,0.715868,0.717983,0.688865,0.696379,0.574494,0.619725,0.586961,0.489607,0.520012,0.425098,0.334244,0.337778
Rheumatoid Arthritis,p25_0007,0.881676,0.784171,0.720595,0.730353,0.668175,0.69762,0.568662,0.620692,0.580146,0.494342,0.509507,0.41293,0.346997,0.372239
Rheumatoid Arthritis,p25_0008,0.863564,0.79722,0.716215,0.71912,0.690532,0.704756,0.566084,0.613077,0.565473,0.494489,0.490289,0.419712,0.326846,0.34876
Rheumatoid Arthritis,p25_0009,0.884325,0.781555,0.709545,0.725914,0.677645,0.696423,0.573829,0.632512,0.570575,0.483926,0.508354,0.409578,0.339349,0.365271
Rheumatoid Arthritis,p25_0010,0.879771,0.795815,0.727263,0.720173,0.670598,0.697174,0.562611,0.625958,0.588634,0.482356,0.49257,0.440496,0.347804,0.351382
Rheumatoid Arthritis,p25_0011,0.879519,0.792159,0.713655,0.715257,0.684053,0.677183,0.565576,0.603322,0.571039,0.512282,0.514024,0.42016,0.333988,0.3402
Rheumatoid Arthritis,p25_0012,0.89016,0.78098,0.725364,0.720727,0.69232,0.696974,0.570424,0.633219,0.587961,0.489005,0.49656,0.427865,0.32627,0.343995
Rheumatoid Arthritis,p25_0013,0.892504,0.802604,0.72011,0.729458,0.693461,0.681709,0.552861,0.614041,0.580797,0.486073,0.520114,0.411291,0.330995,0.347904
Rheumatoid Arthritis,p25_0014,0.876952,0.796666,0.713479,0.73718,0.695083,0.680427,0.576901,0.611623,0.578085,0.498096,0.506463,0.404511,0.336473,0.345476
Rheumatoid Arthritis,p25_0015,0.885679,0.79054,0.707743,0.704759,0.677868,0.705338,0.561337,0.611,0.592976,0.480864,0.503586,0.41142,0.31997,0.3458
Rheumatoid Arthritis,p25_0016,0.883977,0.793183,0.73324,0.7284,0.682108,0.694537,0.566859,0.595245,0.588623,0.495494,0.506039,0.41352,0.330268,0.326265
Rheumatoid Arthritis,p25_0017,0.890159,0.801046,0.716983,0.725825,0.692242,0.702378,0.577409,0.619152,0.598862,0.510998,0.503502,0.415886,0.335041,0.330841
Rheumatoid Arthritis,p25_0018,0.903598,0.791152,0.709906,0.733789,0.677388,0.688919,0.55488,0.627338,0.591509,0.470808,0.477764,0.407543,0.328809,0.334733
Rheumatoid Arthritis,p25_0019,0.889605,0.799728,0.72371,0.718511,0.676964,0.697978,0.549094,0.600108,0.590733,0.480566,0.504073,0.420113,0.340153,0.3285
Rheumatoid Arthritis,p25_0020,0.896887,0.773174,0.717596,0.71185,0.66945,0.687552,0.564827,0.622217,0.598914,0.487038,0.497736,0.42223,0.331205,0.360482
Rheumatoid Arthritis,p25_0021,0.871424,0.799176,0.72399,0.716549,0.688635,0.699797,0.579741,0.622765,0.593359,0.496877,0.511912,0.429999,0.332989,0.332368
Rheumatoid Arthritis,p25_0022,0.87307,0.780859,0.727343,0.72445,0.692956,0.70729,0.571645,0.609654,0.574118,0.504978,0.510034,0.408352,0.358541,0.349558
Rheumatoid Arthritis,p25_0023,0.868423,0.801301,0.71091,0.703608,0.698591,0.714693,0.567634,0.624478,0.583693,0.480918,0.502084,0.430112,0.340682,0.3527
Rheumatoid Arthritis,p25_0024,0.872005,0.796489,0.725155,0.727809,0.705858,0.691097,0.558078,0.630431,0.602258,0.503052,0.510205,0.410798,0.343107,0.330277
Rheumatoid Arthritis,p25_0025,0.868494,0.785767,0.710303,0.704147,0.692953,0.682378,0.564175,0.608817,0.585948,0.491245,0.511836,0.433962,0.345876,0.350428
Rheumatoid Arthritis,p25_0026,0.871621,0.791344,0.720664,0.711485,0.691767,0.693952,0.555702,0.616478,0.583697,0.484118,0.512164,0.401934,0.351561,0.348369
Rheumatoid Arthritis,p25_0027,0.870303,0.795557,0.731793,0.728961,0.69112,0.688414,0.553313,0.623459,0.598746,0.510485,0.497812,0.411319,0.342572,0.350728
Rheumatoid Arthritis,p25_0028,0.893484,0.782329,0.720233,0.707336,0.691824,0.691214,0.553395,0.626601,0.581771,0.501792,0.514062,0.420537,0.320625,0.351751
Rheumatoid Arthritis,p25_0029,0.90167,0.777953,0.725021,0.721489,0.692151,0.693976,0.556055,0.611549,0.584647,0.483584,0.498897,0.406456,0.35333,0.347904
Rheumatoid Arthritis,p25_0030,0.879201,0.780013,0.729508,0.713965,0.677982,0.694615,0.548311,0.629329,0.590042,0.485231,0.502006,0.411815,0.354759,0.347149
Rheumatoid Arthritis,p25_0031,0.87961,0.806939,0.70617,0.735372,0.682669,0.691115,0.585991,0.627917,0.568677,0.478617,0.505073,0.414581,0.319316,0.350937
Rheumatoid Arthritis,p25_0032,0.87644,0.790735,0.711968,0.702328,0.690004,0.694269,0.567542,0.623776,0.577351,0.494915,0.50664,0.427267,0.344511,0.326877
Rheumatoid Arthritis,p25_0033,0.882866,0.807281,0.707456,0.711511,0.686813,0.697926,0.578781,0.614796,0.575678,0.495303,0.521131,0.425342,0.338753,0.318235
Rheumatoid Arthritis,p25_0034,0.882494,0.786192,0.710102,0.737045,0.679888,0.693785,0.566275,0.622979,0.582674,0.506766,0.510737,0.411111,0.327686,0.348011
Rheumatoid Arthritis,p25_0035,0.881906,0.791559,0.730506,0.727556,0.68574,0.707582,0.568905,0.603181,0.596677,0.47671,0.512959,0.415986,0.337233,0.353058
Rheumatoid Arthritis,p25_0036,0.900581,0.792432,0.705701,0.726507,0.668006,0.695084,0.556148,0.615435,0.587723,0.492627,0.516794,0.414143,0.349718,0.343946
Rheumatoid Arthritis,p25_0037,0.875258,0.781533,0.7028,0.727855,0.675113,0.697933,0.559751,0.630984,0.584256,0.49802,0.514677,0.426517,0.361655,0.346881
Rheumatoid Arthritis,p25_0038,0.898452,0.786134,0.713523,0.750517,0.689061,0.696303,0.563098,0.618672,0.585901,0.495724,0.500296,0.399307,0.331518,0.363569
Rheumatoid Arthritis,p25_0039,0.908054,0.782681,0.723496,0.714152,0.674966,0.683172,0.57922,0.616003,0.590387,0.502148,0.497002,0.425844,0.336153,0.34472
Rheumatoid Arthritis,p25_0040,0.886791,0.788205,0.709257,0.739252,0.682973,0.700406,0.549051,0.634494,0.573324,0.481583,0.514578,0.412767,0.32683,0.340165
Rheumatoid Arthritis,p25_0041,0.882834,0.78728,0.714154,0.727423,0.684396,0.693987,0.570281,0.613182,0.587949,0.513886,0.507679,0.418441,0.345517,0.349987
Rheumatoid Arthritis,p25_0042,0.881631,0.770307,0.731701,0.710172,0.692626,0.681603,0.550664,0.630173,0.581802,0.486471,0.509326,0.417866,0.344536,0.33305
Rheumatoid Arthritis,p25_0043,0.885424,0.791414,0.708848,0.734839,0.691218,0.702179,0.55417,0.61727,0.570089,0.491517,0.499461,0.428762,0.352527,0.349146
Rheumatoid Arthritis,p25_0044,0.878161,0.807636,0.711787,0.718459,0.68257,0.703824,0.567351,0.622607,0.58949,0.491905,0.524077,0.418552,0.347658,0.347299
Rheumatoid Arthritis,p25_0045,0.894237,0.776757,0.706442,0.7199,0.693518,0.69415,0.569334,0.603195,0.568122,0.48718,0.505503,0.429793,0.345043,0.347026
Rheumatoid Arthritis,p25_0046,0.886365,0.804461,0.710055,0.728373,0.669573,0.708894,0.566065,0.626543,0.589677,0.486619,0.506839,0.416699,0.341675,0.337214
Rheumatoid Arthritis,p25_0047,0.89604,0.80361,0.719415,0.724925,0.709261,0.698609,0.57017,0.610961,0.573368,0.48597,0.52047,0.423894,0.324978,0.348932
Rheumatoid Arthritis,p25_0048,0.878502,0.794846,0.695098,0.7262,0.692852,0.692107,0.566062,0.612458,0.587101,0.499852,0.49989,0.415649,0.330673,0.337403
Rheumatoid Arthritis,p25_0049,0.89775,0.786866,0.700995,0.719456,0.680789,0.70192,0.580529,0.627832,0.578577,0.492596,0.539435,0.415302,0.32784,0.340947
Rheumatoid Arthritis,p25_0050,0.882154,0.788683,0.718032,0.722663,0.676206,0.685188,0.558094,0.599011,0.578331,0.484245,0.514103,0.408054,0.340333,0.353848
Rheumatoid Arthritis,p25_0051,0.883903,0.798515,0.712907,0.713514,0.697103,0.690737,0.581829,0.607389,0.56327,0.495929,0.508899,0.412312,0.334586,0.32871
Rheumatoid Arthritis,p25_0052,0.893249,0.782116,0.715015,0.705587,0.681327,0.725054,0.574872,0.619751,0.58431,0.483304,0.500671,0.396629,0.345198,0.340912
Rheumatoid Arthritis,p25_0053,0.863437,0.795539,0.718604,0.732132,0.687841,0.697856,0.581694,0.626449,0.584032,0.487745,0.504058,0.437477,0.346332,0.355894
Rheumatoid Arthritis,p25_0054,0.906454,0.781683,0.704399,0.723576,0.679691,0.713819,0.562198,0.602925,0.587062,0.501298,0.524791,0.422131,0.352974,0.339371
Asthma Disease,p26_0000,0.827193,0.794131,0.762575,0.722121,0.689361,0.610996,0.656777,0.534281,0.546438,0.559785,0.419257,0.357151,0.384859,0.323438
Asthma Disease,p26_0001,0.825958,0.787816,0.748068,0.725604,0.670165,0.614952,0.66207,0.534398,0.537531,0.546049,0.431142,0.380119,0.37385,0.321305
Asthma Disease,p26_0002,0.842631,0.783786,0.757974,0.731726,0.678063,0.62347,0.661619,0.53569,0.541285,0.543548,0.414829,0.374823,0.378167,0.339366
Asthma Disease,p26_0003,0.82788,0.783957,0.748664,0.730172,0.68951,0.595256,0.653657,0.533274,0.540052,0.565279,0.40885,0.367163,0.373539,0.342322
Asthma Disease,p26_0004,0.833477,0.788183,0.739869,0.716185,0.672423,0.588514,0.645876,0.523443,0.54024,0.544345,0.408893,0.348338,0.377802,0.355909
Asthma Disease,p26_0005,0.830508,0.784125,0.758845,0.71479,0.660118,0.593482,0.663466,0.532824,0.546197,0.544861,0.402635,0.396106,0.366827,0.346892
Asthma Disease,p26_0006,0.844652,0.776131,0.759489,0.726178,0.690973,0.591691,0.656954,0.528706,0.536689,0.539466,0.427085,0.370413,0.357056,0.328172
Asthma Disease,p26_0007,0.83474,0.803131,0.757896,0.711191,0.679898,0.603582,0.642137,0.518863,0.549262,0.55012,0.410834,0.385712,0.391447,0.339416
Asthma Disease,p26_0008,0.813251,0.794138,0.75746,0.725458,0.685782,0.603588,0.677661,0.522619,0.545505,0.543903,0.432372,0.370706,0.393686,0.34667
Asthma Disease,p26_0009,0.839702,0.777335,0.753639,0.723813,0.682916,0.608498,0.641843,0.532477,0.534955,0.536811,0.421703,0.352682,0.366597,0.363995
Asthma Disease,p26_0010,0.849787,0.787721,0.768144,0.722405,0.677376,0.614453,0.660045,0.514718,0.530711,0.552393,0.406093,0.378943,0.388892,0.35181
Asthma Disease,p26_0011,0.813019,0.77688,0.750949,0.724134,0.707302,0.603214,0.665359,0.531162,0.551999,0.543205,0.407772,0.381748,0.379558,0.334759
Asthma Disease,p26_0012,0.833919,0.792416,0.749935,0.709524,0.663757,0.600822,0.672106,0.526582,0.526017,0.544897,0.41479,0.367223,0.37565,0.353207
Asthma Disease,p26_0013,0.828363,0.786084,0.769774,0.731526,0.688425,0.584322,0.672528,0.517706,0.526942,0.545042,0.422784,0.374991,0.372342,0.341588
Asthma Disease,p26_0014,0.825159,0.783384,0.751713,0.711495,0.685771,0.59811,0.65678,0.546764,0.531379,0.549161,0.414732,0.380961,0.382283,0.350168
Asthma Disease,p26_0015,0.83357,0.795337,0.744326,0.709971,0.69326,0.606713,0.648161,0.531662,0.535487,0.549146,0.424834,0.366818,0.386109,0.351538
Asthma Disease,p26_0016,0.837526,0.785683,0.753542,0.718958,0.676301,0.598572,0.65653,0.539033,0.52297,0.550672,0.415361,0.376299,0.406589,0.335842
Asthma Disease,p26_0017,0.832339,0.805083,0.758884,0.724288,0.681382,0.605716,0.665507,0.529306,0.525134,0.55572,0.407154,0.365669,0.372177,0.337796
Asthma Disease,p26_0018,0.84282,0.782183,0.752031,0.722924,0.68596,0.592815,0.665241,0.557225,0.53246,0.546797,0.403592,0.362506,0.377076,0.345238
Asthma Disease,p26_0019,0.83374,0.79255,0.762359,0.69787,0.678562,0.591542,0.649814,0.51638,0.528802,0.541268,0.415247,0.366771,0.385599,0.342885
Asthma Disease,p26_0020,0.85305,0.79153,0.774262,0.728387,0.677597,0.583792,0.665024,0.520172,0.535463,0.556568,0.413154,0.358592,0.396753,0.340196
Asthma Disease,p26_0021,0.822358,0.775446,0.778825,0.728952,0.679117,0.599354,0.647694,0.522498,0.520484,0.529369,0.410188,0.389176,0.388021,0.348363
Asthma Disease,p26_0022,0.817866,0.812827,0.752355,0.752281,0.690978,0.611099,0.652522,0.543655,0.557186,0.542872,0.422266,0.361342,0.352897,0.344725
Asthma Disease,p26_0023,0.846819,0.789518,0.760249,0.728101,0.675025,0.595456,0.673027,0.526955,0.512416,0.539736,0.41232,0.363555,0.384225,0.331327
Asthma Disease,p26_0024,0.83096,0.795251,0.75003,0.721029,0.66929,0.596969,0.64823,0.532281,0.530483,0.548556,0.410319,0.373312,0.362015,0.345449
Asthma Disease,p26_0025,0.825741,0.79067,0.753115,0.710298,0.666183,0.599754,0.656862,0.530726,0.527423,0.540743,0.428286,0.380098,0.390462,0.327395
Asthma Disease,p26_0026,0.824835,0.789072,0.75701,0.722962,0.707686,0.590811,0.653006,0.515778,0.537918,0.540488,0.417947,0.37566,0.394647,0.341314
Asthma Disease,p26_0027,0.834464,0.787577,0.740659,0.717496,0.693424,0.598305,0.65758,0.528682,0.533014,0.534902,0.425781,0.386505,0.357434,0.343029
Asthma Disease,p26_0028,0.839228,0.782759,0.766848,0.734074,0.695381,0.589468,0.651125,0.537805,0.529455,0.531952,0.39103,0.378518,0.372565,0.337745
Asthma Disease,p26_0029,0.829833,0.787437,0.737033,0.718883,0.673598,0.61998,0.679873,0.534131,0.532935,0.54324,0.414525,0.372401,0.376105,0.347503
Asthma Disease,p26_0030,0.824751,0.791604,0.757032,0.720316,0.671683,0.608216,0.663302,0.510734,0.533784,0.530204,0.396222,0.389895,0.381598,0.324804
Asthma Disease,p26_0031,0.825964,0.778902,0.759462,0.731865,0.696767,0.582848,0.646762,0.518744,0.523829,0.546592,0.415628,0.374111,0.374072,0.348896
Asthma Disease,p26_0032,0.830191,0.789895,0.771756,0.72283,0.673627,0.615011,0.660312,0.517452,0.535021,0.530527,0.405061,0.380195,0.379743,0.34385
Asthma Disease,p26_0033,0.820731,0.783929,0.769296,0.721401,0.67425,0.599025,0.662811,0.539489,0.527415,0.530661,0.416513,0.378538,0.37336,0.354388
Asthma Disease,p26_0034,0.841535,0.796726,0.756596,0.715994,0.711944,0.606654,0.652401,0.515052,0.537018,0.54822,0.417454,0.376738,0.370721,0.339229
Asthma Disease,p26_0035,0.823364,0.792048,0.769823,0.728345,0.676178,0.625805,0.654838,0.51724,0.52897,0.550141,0.411111,0.379372,0.376397,0.352556
Asthma Disease,p26_0036,0.824188,0.788203,0.763859,0.725909,0.675011,0.593346,0.661255,0.510804,0.544523,0.535793,0.409711,0.366429,0.374945,0.351208
Asthma Disease,p26_0037,0.843547,0.796706,0.765586,0.7194,0.682953,0.603549,0.671696,0.516577,0.535752,0.548326,0.397834,0.367121,0.389362,0.343636
Asthma Disease,p26_0038,0.838609,0.797949,0.756238,0.722113,0.684078,0.598838,0.655587,0.519095,0.531947,0.543012,0.432648,0.372207,0.376033,0.341854
Asthma Disease,p26_0039,0.845018,0.785252,0.757091,0.719481,0.683455,0.601945,0.653521,0.525235,0.550617,0.544081,0.425187,0.372123,0.373706,0.331102
Asthma Disease,p26_0040,0.826307,0.792382,0.771174,0.710871,0.677214,0.595119,0.645873,0.542524,0.531827,0.546566,0.404217,0.382765,0.389372,0.34441
Asthma Disease,p26_0041,0.835418,0.774449,0.770529,0.72804,0.678143,0.606786,0.662966,0.527523,0.523976,0.549639,0.416641,0.367009,0.389988,0.345627
Asthma Disease,p26_0042,0.841543,0.794646,0.757582,0.726805,0.689904,0.603319,0.658182,0.520102,0.543548,0.551902,0.41096,0.380208,0.388256,0.353277
Asthma Disease,p26_0043,0.845579,0.806192,0.766798,0.722736,0.683347,0.611644,0.660995,0.541597,0.517526,0.546325,0.425866,0.381272,0.382854,0.343558
Asthma Disease,p26_0044,0.830539,0.782432,0.761578,0.719451,0.69008,0.597524,0.677575,0.536104,0.531427,0.54351,0.400279,0.369507,0.368611,0.347785
Asthma Disease,p26_0045,0.842879,0.790636,0.760369,0.708391,0.68024,0.606784,0.654165,0.529649,0.513336,0.542162,0.409609,0.369694,0.368083,0.34381
Asthma Disease,p26_0046,0.834443,0.780801,0.755955,0.729167,0.676986,0.618368,0.667404,0.529329,0.543237,0.54447,0.406877,0.370629,0.376108,0.332827
Asthma Disease,p26_0047,0.84012,0.789252,0.756875,0.731924,0.676325,0.598279,0.668917,0.52753,0.520096,0.536018,0.404741,0.375726,0.391674,0.336764
Asthma Disease,p26_0048,0.831208,0.778473,0.772849,0.712791,0.688247,0.611104,0.660509,0.513724,0.524573,0.543841,0.42174,0.365512,0.362823,0.359742
Asthma Disease,p26_0049,0.838488,0.791876,0.762074,0.723361,0.679391,0.603271,0.680276,0.509808,0.521631,0.535036,0.416279,0.383202,0.384153,0.357592
Asthma Disease,p26_0050,0.846449,0.791369,0.763506,0.73608,0.673405,0.607714,0.649539,0.519072,0.544214,0.528526,0.402072,0.368776,0.389905,0.335275
Asthma Disease,p26_0051,0.844856,0.77898,0.759965,0.745504,0.681289,0.615603,0.655436,0.528451,0.551219,0.532951,0.416979,0.379425,0.385485,0.357214
Asthma Disease,p26_0052,0.834458,0.799229,0.766879,0.733306,0.679931,0.601334,0.651828,0.514006,0.526175,0.544195,0.409495,0.387917,0.381151,0.340507
Asthma Disease,p26_0053,0.827753,0.776055,0.758433,0.715882,0.687679,0.604879,0.639085,0.52796,0.526088,0.548928,0.432176,0.380269,0.388842,0.339693
Asthma Disease,p26_0054,0.837358,0.814084,0.755805,0.71672,0.700024,0.598633,0.677032,0.53582,0.544317,0.540997,0.432161,0.37184,0.393991,0.344892
Type 1 Diabetes,p27_0000,0.852728,0.771506,0.747292,0.716085,0.682902,0.700396,0.591227,0.567476,0.485692,0.467152,0.402332,0.471263,0.435599,0.38889
Type 1 Diabetes,p27_0001,0.85719,0.803703,0.753418,0.719317,0.661767,0.693304,0.608264,0.573515,0.493393,0.459798,0.424491,0.457586,0.435764,0.383055
Type 1 Diabetes,p27_0002,0.842829,0.788731,0.758865,0.738765,0.702666,0.710107,0.611843,0.555581,0.509716,0.466391,0.431561,0.47992,0.435926,0.391676
Type 1 Diabetes,p27_0003,0.837788,0.790025,0.74162,0.722401,0.685332,0.685241,0.622075,0.55678,0.491295,0.456225,0.419995,0.460719,0.417451,0.385857
Type 1 Diabetes,p27_0004,0.832202,0.795461,0.764119,0.711633,0.685406,0.695937,0.607378,0.571496,0.494394,0.457834,0.427978,0.461109,0.427181,0.420194
Type 1 Diabetes,p27_0005,0.873904,0.783215,0.750746,0.732257,0.684853,0.682321,0.594435,0.561434,0.480971,0.460307,0.40475,0.483119,0.421132,0.396569
Type 1 Diabetes,p27_0006,0.832266,0.80062,0.760485,0.717822,0.684439,0.698732,0.609248,0.583649,0.487857,0.467191,0.414858,0.464461,0.425801,0.393742
Type 1 Diabetes,p27_0007,0.828702,0.789621,0.7483,0.738635,0.686259,0.68876,0.616709,0.567245,0.497043,0.451277,0.400779,0.4785,0.436154,0.395252
Type 1 Diabetes,p27_0008,0.833383,0.785421,0.757664,0.749996,0.680221,0.68776,0.607668,0.569803,0.48841,0.466792,0.40725,0.479431,0.431255,0.38254
Type 1 Diabetes,p27_0009,0.835201,0.797713,0.767682,0.719648,0.669749,0.683869,0.591471,0.573489,0.484131,0.470624,0.402429,0.453109,0.440792,0.403143
Type 1 Diabetes,p27_0010,0.835805,0.803563,0.768989,0.717596,0.680807,0.66262,0.61456,0.584065,0.484417,0.463774,0.410506,0.460628,0.444356,0.39114
Type 1 Diabetes,p27_0011,0.838736,0.77989,0.753703,0.741243,0.679776,0.703797,0.593092,0.561404,0.482658,0.4718,0.426751,0.470305,0.435199,0.384759
Type 1 Diabetes,p27_0012,0.853817,0.779952,0.769615,0.716335,0.676194,0.690251,0.616038,0.587127,0.490145,0.468944,0.424205,0.465273,0.43601,0.38572
Type 1 Diabetes,p27_0013,0.830373,0.783075,0.765845,0.733699,0.692269,0.699407,0.617199,0.575572,0.490596,0.472456,0.411484,0.47471,0.419157,0.391013
Type 1 Diabetes,p27_0014,0.844138,0.782045,0.744344,0.73806,0.688627,0.682994,0.610937,0.573726,0.499412,0.473985,0.409855,0.475116,0.424877,0.390731
Type 1 Diabetes,p27_0015,0.849614,0.798167,0.73753,0.718571,0.685824,0.683472,0.590836,0.571712,0.476698,0.45201,0.418828,0.473867,0.441461,0.372493
Type 1 Diabetes,p27_0016,0.827225,0.816238,0.75675,0.714167,0.681761,0.693387,0.61212,0.562854,0.491102,0.466204,0.421615,0.478536,0.432479,0.385021
Type 1 Diabetes,p27_0017,0.836587,0.810471,0.741576,0.729963,0.689698,0.696753,0.592424,0.576841,0.499779,0.481641,0.418081,0.472616,0.441015,0.391157
Type 1 Diabetes,p27_0018,0.830171,0.78293,0.77376,0.741706,0.689761,0.701004,0.605268,0.566815,0.493309,0.460002,0.412718,0.492044,0.44772,0.378068
Type 1 Diabetes,p27_0019,0.825225,0.782028,0.773204,0.718751,0.685541,0.696491,0.614011,0.556341,0.472404,0.47154,0.40894,0.470975,0.421711,0.415583
Type 1 Diabetes,p27_0020,0.828893,0.805162,0.763259,0.717419,0.69019,0.707094,0.604145,0.561202,0.491442,0.487144,0.414542,0.465798,0.42525,0.381926
Type 1 Diabetes,p27_0021,0.831473,0.784793,0.754884,0.729983,0.684673,0.682621,0.624477,0.559731,0.48485,0.453721,0.416341,0.47555,0.44098,0.378715
Type 1 Diabetes,p27_0022,0.816212,0.790383,0.759924,0.730251,0.68728,0.713985,0.593991,0.563887,0.507671,0.470112,0.409961,0.464479,0.447838,0.393325
Type 1 Diabetes,p27_0023,0.834799,0.785044,0.764384,0.732886,0.687347,0.686667,0.608735,0.570516,0.504172,0.457977,0.434525,0.468543,0.43329,0.398403
Type 1 Diabetes,p27_0024,0.829592,0.776299,0.747476,0.728056,0.671175,0.685606,0.596726,0.556632,0.473947,0.46646,0.405102,0.477739,0.429126,0.385297
Type 1 Diabetes,p27_0025,0.819431,0.794549,0.773475,0.734771,0.691945,0.698188,0.609981,0.565089,0.482113,0.449774,0.408352,0.46882,0.448836,0.385116
Type 1 Diabetes,p27_0026,0.833847,0.782955,0.760096,0.722685,0.697082,0.696516,0.604433,0.571755,0.481076,0.469685,0.415443,0.465052,0.438179,0.395903
Type 1 Diabetes,p27_0027,0.827963,0.776786,0.763555,0.747482,0.686404,0.702597,0.612307,0.573905,0.488069,0.469228,0.410605,0.463566,0.43845,0.35543
Type 1 Diabetes,p27_0028,0.843843,0.809407,0.760957,0.726123,0.680234,0.699562,0.618443,0.569353,0.485348,0.479544,0.392731,0.466753,0.433592,0.397763
Type 1 Diabetes,p27_0029,0.8451,0.78926,0.766476,0.734125,0.687757,0.702962,0.601333,0.566422,0.47272,0.472999,0.431851,0.471541,0.428468,0.395292
Type 1 Diabetes,p27_0030,0.826687,0.791687,0.767189,0.719701,0.677843,0.701868,0.609027,0.568926,0.48737,0.469784,0.419684,0.457172,0.434588,0.386162
Type 1 Diabetes,p27_0031,0.824692,0.782731,0.753344,0.705258,0.663368,0.708093,0.617095,0.56007,0.481439,0.447016,0.422591,0.477812,0.421557,0.392824
Type 1 Diabetes,p27_0032,0.817592,0.802296,0.768968,0.721154,0.686953,0.704061,0.608651,0.57313,0.496618,0.460817,0.418652,0.469867,0.4287,0.396739
Type 1 Diabetes,p27_0033,0.826613,0.790476,0.766427,0.717183,0.681699,0.693812,0.613657,0.581477,0.494183,0.451006,0.41912,0.469746,0.440038,0.387962
Type 1 Diabetes,p27_0034,0.841542,0.787619,0.759396,0.732034,0.679651,0.69532,0.62826,0.572559,0.487108,0.474143,0.410724,0.467556,0.433355,0.371691
Type 1 Diabetes,p27_0035,0.843186,0.810354,0.773649,0.718222,0.687183,0.69485,0.609137,0.561727,0.484541,0.477237,0.415891,0.473044,0.444064,0.39798
Type 1 Diabetes,p27_0036,0.832715,0.776154,0.75692,0.72974,0.67825,0.705843,0.585727,0.57163,0.501632,0.450702,0.406368,0.475929,0.429177,0.394657
Type 1 Diabetes,p27_0037,0.839809,0.784338,0.769792,0.706657,0.684175,0.705821,0.606559,0.557745,0.478728,0.468996,0.403181,0.475128,0.443624,0.38672
Type 1 Diabetes,p27_0038,0.841705,0.793675,0.749795,0.726844,0.687887,0.696476,0.599824,0.554021,0.481705,0.469483,0.425846,0.470377,0.420706,0.377875
Type 1 Diabetes,p27_0039,0.824086,0.802574,0.770036,0.717285,0.657257,0.698724,0.606897,0.572162,0.480111,0.466073,0.40719,0.4592,0.418945,0.399976
Type 1 Diabetes,p27_0040,0.825406,0.792823,0.752138,0.729497,0.692043,0.705783,0.604178,0.562255,0.496557,0.459068,0.416829,0.477007,0.437747,0.392181
Type 1 Diabetes,p27_0041,0.837223,0.782624,0.765842,0.716766,0.687811,0.703166,0.608314,0.557978,0.489321,0.447196,0.418585,0.454441,0.430342,0.406183
Type 1 Diabetes,p27_0042,0.843905,0.791129,0.746317,0.710463,0.675604,0.69454,0.606466,0.587555,0.478371,0.473955,0.403379,0.47953,0.451878,0.397252
Type 1 Diabetes,p27_0043,0.825328,0.801812,0.765235,0.710417,0.670047,0.703481,0.595891,0.573284,0.474434,0.466332,0.404122,0.462611,0.416134,0.39471
Type 1 Diabetes,p27_0044,0.840053,0.776155,0.776766,0.738635,0.676551,0.705655,0.612861,0.573347,0.47647,0.468871,0.416239,0.472376,0.424524,0.406523
Type 1 Diabetes,p27_0045,0.830413,0.790358,0.759415,0.720937,0.685014,0.715006,0.641489,0.565815,0.480058,0.47307,0.411723,0.468703,0.433591,0.400236
Type 1 Diabetes,p27_0046,0.847458,0.781005,0.7848,0.727373,0.690305,0.690667,0.609154,0.576278,0.485095,0.466839,0.409118,0.48054,0.441806,0.399633
Type 1 Diabetes,p27_0047,0.82825,0.792106,0.767668,0.719601,0.669451,0.688141,0.623569,0.580744,0.499143,0.454689,0.413555,0.446733,0.443862,0.396841
Type 1 Diabetes,p27_0048,0.815208,0.796801,0.750453,0.725026,0.692039,0.698694,0.590822,0.557089,0.481837,0.466894,0.412024,0.462115,0.432377,0.392401
Type 1 Diabetes,p27_0049,0.829902,0.777359,0.772739,0.712824,0.674401,0.690489,0.622956,0.585675,0.480969,0.473856,0.427344,0.464792,0.430814,0.381396
Type 1 Diabetes,p27_0050,0.843855,0.801944,0.753347,0.7328,0.6644,0.714557,0.607448,0.586652,0.500802,0.481986,0.435226,0.45538,0.429909,0.389795
Type 1 Diabetes,p27_0051,0.80811,0.798712,0.745826,0.728106,0.679833,0.704787,0.613088,0.580434,0.474366,0.47931,0.383331,0.463519,0.424262,0.394641
Type 1 Diabetes,p27_0052,0.84111,0.774504,0.750089,0.71859,0.678445,0.687971,0.621311,0.571044,0.484328,0.47671,0.39497,0.461348,0.422071,0.392152
Type 1 Diabetes,p27_0053,0.844138,0.783316,0.74743,0.728136,0.678812,0.69111,0.606373,0.581134,0.495359,0.466664,0.429195,0.461595,0.420779,0.389957
Type 1 Diabetes,p27_0054,0.828041,0.785814,0.762024,0.705713,0.677177,0.710368,0.615603,0.584717,0.487526,0.455073,0.427941,0.47041,0.434959,0.409335
Type 2 Diabetes,p28_0000,0.811195,0.784725,0.743371,0.717795,0.672452,0.608528,0.552882,0.526163,0.544599,0.495764,0.468596,0.426442,0.400715,0.281649
Type 2 Diabetes,p28_0001,0.793225,0.813577,0.7512,0.712896,0.686482,0.619301,0.583847,0.515345,0.520402,0.503333,0.462842,0.425718,0.388621,0.298369
Type 2 Diabetes,p28_0002,0.785134,0.802497,0.768944,0.71852,0.704515,0.608901,0.560564,0.534477,0.527606,0.506146,0.446193,0.422563,0.397064,0.296649
Type 2 Diabetes,p28_0003,0.791882,0.795426,0.752411,0.71883,0.688379,0.589694,0.552426,0.536151,0.525051,0.505716,0.468463,0.425627,0.389988,0.301997
Type 2 Diabetes,p28_0004,0.805571,0.806619,0.763884,0.739259,0.679676,0.599067,0.578993,0.51755,0.545831,0.483512,0.44585,0.427028,0.370003,0.304299
Type 2 Diabetes,p28_0005,0.80201,0.789864,0.755613,0.717769,0.690681,0.602094,0.570725,0.523175,0.530401,0.484275,0.462391,0.425785,0.385427,0.295707
Type 2 Diabetes,p28_0006,0.795265,0.797759,0.763138,0.734055,0.689321,0.584827,0.562875,0.519514,0.536366,0.4958,0.446257,0.425063,0.401266,0.293111
Type 2 Diabetes,p28_0007,0.789242,0.795503,0.755731,0.708213,0.664791,0.623899,0.567222,0.50877,0.530895,0.492051,0.438099,0.400106,0.379918,0.313697
Type 2 Diabetes,p28_0008,0.774531,0.799451,0.759822,0.705695,0.689934,0.607307,0.566559,0.536287,0.52966,0.49444,0.45581,0.410702,0.392832,0.286081
Type 2 Diabetes,p28_0009,0.809913,0.791708,0.765136,0.702003,0.676492,0.597829,0.573333,0.519421,0.513968,0.501523,0.464404,0.422996,0.380461,0.290899
Type 2 Diabetes,p28_0010,0.793256,0.781942,0.742684,0.730031,0.688986,0.581115,0.567033,0.53466,0.539381,0.506796,0.457635,0.419441,0.400091,0.317456
Type 2 Diabetes,p28_0011,0.785613,0.786248,0.767037,0.724259,0.711326,0.587607,0.562571,0.543508,0.534244,0.501224,0.450889,0.413875,0.386424,0.298945
Type 2 Diabetes,p28_0012,0.781758,0.787247,0.776237,0.729956,0.685508,0.607368,0.564737,0.522574,0.535629,0.501094,0.464455,0.414807,0.397488,0.294919
Type 2 Diabetes,p28_0013,0.795112,0.799988,0.762151,0.71709,0.687403,0.59522,0.560384,0.514445,0.532895,0.509538,0.463627,0.415641,0.388168,0.310031
Type 2 Diabetes,p28_0014,0.792661,0.800629,0.752807,0.726705,0.691318,0.593727,0.571343,0.493092,0.5331,0.503869,0.443721,0.438976,0.366149,0.29764
Type 2 Diabetes,p28_0015,0.779505,0.809565,0.757767,0.73473,0.703463,0.592422,0.577455,0.541289,0.550013,0.490248,0.45387,0.420266,0.384279,0.294
Type 2 Diabetes,p28_0016,0.781245,0.801027,0.760524,0.721754,0.676958,0.583429,0.568536,0.532465,0.534417,0.51166,0.46083,0.417015,0.372378,0.288491
Type 2 Diabetes,p28_0017,0.778095,0.7938,0.757897,0.726496,0.674572,0.608332,0.560125,0.549178,0.535792,0.493316,0.468832,0.41392,0.380126,0.301586
Type 2 Diabetes,p28_0018,0.802995,0.791532,0.743218,0.724132,0.68537,0.597547,0.55514,0.534209,0.542726,0.484718,0.463148,0.419463,0.384366,0.30752
Type 2 Diabetes,p28_0019,0.790383,0.822061,0.74883,0.727152,0.669795,0.598439,0.572233,0.53051,0.527595,0.486514,0.457299,0.406499,0.374833,0.296482
Type 2 Diabetes,p28_0020,0.780393,0.798526,0.77024,0.720645,0.676508,0.597045,0.558736,0.527435,0.528784,0.504831,0.460299,0.421776,0.381081,0.303046
Type 2 Diabetes,p28_0021,0.806583,0.781657,0.769787,0.717346,0.684977,0.596557,0.561099,0.530661,0.53909,0.491174,0.453707,0.418126,0.394169,0.292758
Type 2 Diabetes,p28_0022,0.814505,0.799656,0.748407,0.738216,0.689835,0.628997,0.563152,0.518723,0.530167,0.487817,0.442322,0.417683,0.385457,0.302669
Type 2 Diabetes,p28_0023,0.793635,0.787197,0.75233,0.719315,0.675032,0.603443,0.559717,0.531835,0.548737,0.495683,0.463877,0.426211,0.399444,0.317845
Type 2 Diabetes,p28_0024,0.78173,0.794042,0.75788,0.705732,0.681974,0.617723,0.566778,0.517917,0.51616,0.496754,0.467418,0.419696,0.370592,0.293233
Type 2 Diabetes,p28_0025,0.787672,0.798084,0.752076,0.729911,0.682387,0.609907,0.557596,0.537004,0.533156,0.499082,0.452149,0.414567,0.376471,0.306193
Type 2 Diabetes,p28_0026,0.789237,0.81066,0.757603,0.729386,0.689255,0.625905,0.543232,0.524176,0.545001,0.492644,0.452911,0.420988,0.379054,0.305077
Type 2 Diabetes,p28_0027,0.785448,0.789897,0.769468,0.728226,0.679007,0.596158,0.565164,0.525792,0.538507,0.486682,0.469101,0.406073,0.37233,0.305063
Type 2 Diabetes,p28_0028,0.805817,0.798141,0.757823,0.715486,0.692495,0.586261,0.575295,0.534293,0.536144,0.495275,0.45966,0.418978,0.374558,0.300129
Type 2 Diabetes,p28_0029,0.791958,0.811301,0.760034,0.715602,0.688944,0.583493,0.551394,0.535532,0.546232,0.48499,0.46469,0.411257,0.381699,0.280855
Type 2 Diabetes,p28_0030,0.791162,0.80978,0.765011,0.737545,0.683222,0.602268,0.571805,0.525381,0.52702,0.485149,0.453016,0.424793,0.37697,0.30668
Type 2 Diabetes,p28_0031,0.803198,0.802387,0.765858,0.710379,0.686339,0.593105,0.554596,0.515777,0.553827,0.482018,0.456382,0.424222,0.381725,0.295044
Type 2 Diabetes,p28_0032,0.782838,0.803562,0.770837,0.698546,0.682317,0.596875,0.569222,0.528956,0.513383,0.477422,0.463814,0.406761,0.387485,0.300895
Type 2 Diabetes,p28_0033,0.810117,0.79895,0.735293,0.737679,0.669741,0.612019,0.554662,0.540947,0.543293,0.493586,0.448817,0.427274,0.395608,0.300097
Type 2 Diabetes,p28_0034,0.799768,0.809732,0.766979,0.727902,0.676835,0.610411,0.56411,0.523766,0.511892,0.507937,0.441928,0.427795,0.38691,0.311548
Type 2 Diabetes,p28_0035,0.773177,0.816085,0.766133,0.716766,0.682044,0.606941,0.584529,0.518413,0.522056,0.486831,0.466235,0.417246,0.401397,0.325703
Type 2 Diabetes,p28_0036,0.795982,0.79538,0.7595,0.726283,0.693394,0.602482,0.562667,0.528106,0.535925,0.492435,0.45549,0.44071,0.387644,0.304217
Type 2 Diabetes,p28_0037,0.779515,0.80808,0.762631,0.728757,0.688082,0.584903,0.569934,0.511639,0.545554,0.48499,0.445506,0.419726,0.383162,0.301625
Type 2 Diabetes,p28_0038,0.790814,0.779808,0.7637,0.725098,0.68334,0.613217,0.56137,0.522696,0.527224,0.48756,0.457085,0.427878,0.390636,0.289686
Type 2 Diabetes,p28_0039,0.807485,0.802098,0.745519,0.724093,0.696324,0.6,0.550516,0.520133,0.548169,0.498055,0.447362,0.424485,0.374646,0.313732
Type 2 Diabetes,p28_0040,0.802781,0.789102,0.747572,0.718105,0.670748,0.60127,0.562611,0.536281,0.518939,0.491065,0.442825,0.423101,0.367694,0.310032
Type 2 Diabetes,p28_0041,0.779367,0.793632,0.775444,0.709287,0.6925,0.598006,0.577245,0.534305,0.529613,0.487957,0.447647,0.419241,0.384493,0.318957
Type 2 Diabetes,p28_0042,0.805148,0.801535,0.773748,0.723575,0.693061,0.596801,0.55482,0.530784,0.528563,0.485159,0.447285,0.41684,0.382565,0.307603
Type 2 Diabetes,p28_0043,0.79611,0.805792,0.751992,0.717838,0.689697,0.598977,0.553608,0.524564,0.53771,0.488239,0.468323,0.418614,0.372335,0.296187
Type 2 Diabetes,p28_0044,0.808388,0.795285,0.738323,0.726221,0.679521,0.592547,0.531961,0.524275,0.533341,0.504022,0.450047,0.405787,0.389302,0.291419
Type 2 Diabetes,p28_0045,0.77542,0.804008,0.75252,0.73591,0.673402,0.603937,0.563565,0.537081,0.53589,0.505036,0.460361,0.413738,0.396356,0.283519
Type 2 Diabetes,p28_0046,0.777302,0.802872,0.75222,0.710612,0.696888,0.618757,0.56204,0.51634,0.539049,0.49972,0.458565,0.422046,0.387985,0.305192
Type 2 Diabetes,p28_0047,0.796632,0.790501,0.748095,0.724281,0.664281,0.60402,0.552546,0.523851,0.526613,0.501978,0.468456,0.415773,0.372532,0.291842
Type 2 Diabetes,p28_0048,0.768451,0.809888,0.739849,0.740772,0.703293,0.593946,0.568975,0.516315,0.527288,0.496859,0.46626,0.413883,0.366654,0.289312
Type 2 Diabetes,p28_0049,0.777773,0.791985,0.764352,0.728363,0.672834,0.59238,0.555885,0.533696,0.539863,0.492171,0.454578,0.42441,0.386486,0.285724
Type 2 Diabetes,p28_0050,0.7904,0.791399,0.749676,0.704577,0.684004,0.605129,0.566844,0.534236,0.537643,0.489274,0.459493,0.424599,0.366291,0.311947
Type 2 Diabetes,p28_0051,0.78672,0.799507,0.747774,0.723886,0.6973,0.60949,0.566082,0.525361,0.5284,0.501982,0.452858,0.418255,0.382694,0.298871
Type 2 Diabetes,p28_0052,0.797232,0.791818,0.757421,0.714719,0.681705,0.620792,0.579219,0.532088,0.529193,0.505196,0.451032,0.415676,0.381755,0.288246
Type 2 Diabetes,p28_0053,0.780176,0.794822,0.74368,0.715584,0.698561,0.58733,0.563135,0.500777,0.529468,0.493248,0.443163,0.420065,0.399676,0.30893
Type 2 Diabetes,p28_0054,0.793332,0.792882,0.775813,0.738039,0.684993,0.580086,0.568771,0.516289,0.537918,0.471964,0.464484,0.399377,0.368429,0.298618
Chronic Kidney Disease,p29_0000,0.890547,0.800687,0.761906,0.726072,0.6817,0.706566,0.656908,0.627562,0.57126,0.5211,0.423786,0.378511,0.377471,0.283348
Chronic Kidney Disease,p29_0001,0.885637,0.813965,0.759425,0.732351,0.663931,0.712666,0.656539,0.624082,0.581067,0.503649,0.41854,0.371829,0.386679,0.29708
Chronic Kidney Disease,p29_0002,0.867013,0.801422,0.769767,0.711182,0.672945,0.676875,0.65559,0.613106,0.602084,0.52536,0.404931,0.364942,0.376706,0.295658
Chronic Kidney Disease,p29_0003,0.896223,0.801623,0.753857,0.730574,0.678828,0.676915,0.644626,0.634857,0.581823,0.523574,0.402833,0.364531,0.381087,0.310603
Chronic Kidney Disease,p29_0004,0.895927,0.819026,0.766737,0.74176,0.681829,0.711762,0.670264,0.615084,0.592032,0.516066,0.4135,0.371756,0.3724,0.300517
Chronic Kidney Disease,p29_0005,0.889133,0.792159,0.762597,0.720103,0.692252,0.692547,0.661122,0.615232,0.568992,0.510695,0.413215,0.36307,0.392438,0.300983
Chronic Kidney Disease,p29_0006,0.882719,0.793584,0.763445,0.707175,0.674252,0.703059,0.66838,0.604479,0.581354,0.507613,0.416306,0.376687,0.376922,0.301611
Chronic Kidney Disease,p29_0007,0.898985,0.816892,0.773733,0.716759,0.676067,0.697575,0.664672,0.614543,0.587541,0.523711,0.425778,0.376741,0.375277,0.286575
Chronic Kidney Disease,p29_0008,0.889243,0.788999,0.764136,0.717962,0.688156,0.686976,0.650112,0.613626,0.582807,0.52249,0.422767,0.37853,0.377268,0.305487
Chronic Kidney Disease,p29_0009,0.888252,0.806358,0.768364,0.736407,0.675344,0.711952,0.659407,0.608024,0.600623,0.509065,0.416988,0.379367,0.386055,0.302009
Chronic Kidney Disease,p29_0010,0.881123,0.815438,0.754296,0.732203,0.698655,0.692234,0.66238,0.619679,0.599108,0.520271,0.43645,0.389336,0.388696,0.304942
Chronic Kidney Disease,p29_0011,0.896222,0.796134,0.774793,0.721304,0.699921,0.701917,0.661932,0.628723,0.589116,0.508755,0.419666,0.366125,0.372106,0.304562
Chronic Kidney Disease,p29_0012,0.891967,0.803508,0.770106,0.731892,0.683965,0.689618,0.664384,0.623168,0.572775,0.53796,0.405215,0.37719,0.370904,0.294275
Chronic Kidney Disease,p29_0013,0.885768,0.811426,0.768609,0.720356,0.683536,0.714967,0.667211,0.61195,0.591736,0.500459,0.391062,0.370911,0.378227,0.305641
Chronic Kidney Disease,p29_0014,0.897671,0.81657,0.746212,0.713512,0.693539,0.705242,0.656224,0.60983,0.570046,0.518957,0.407592,0.385118,0.36412,0.305746
Chronic Kidney Disease,p29_0015,0.87684,0.794829,0.753467,0.731215,0.688003,0.693032,0.667904,0.611463,0.576873,0.49962,0.397308,0.37176,0.378523,0.296684
Chronic Kidney Disease,p29_0016,0.886477,0.800662,0.750432,0.733489,0.696071,0.700865,0.680033,0.621253,0.579306,0.498979,0.425472,0.367738,0.37788,0.319722
Chronic Kidney Disease,p29_0017,0.898581,0.809942,0.753588,0.722446,0.683638,0.700113,0.67706,0.608054,0.582794,0.512191,0.418318,0.379951,0.383049,0.304075
Chronic Kidney Disease,p29_0018,0.882191,0.811795,0.748139,0.725453,0.681246,0.697735,0.670542,0.598511,0.583983,0.517924,0.403669,0.393538,0.375188,0.312695
Chronic Kidney Disease,p29_0019,0.868208,0.804217,0.751295,0.730227,0.683318,0.683645,0.653524,0.630853,0.566863,0.524277,0.395115,0.372084,0.375876,0.313563
Chronic Kidney Disease,p29_0020,0.887805,0.81415,0.757235,0.727059,0.676458,0.693626,0.677286,0.632769,0.598592,0.523374,0.402732,0.381733,0.407853,0.287964
Chronic Kidney Disease,p29_0021,0.87315,0.817515,0.749001,0.714483,0.681638,0.704237,0.662467,0.607764,0.583986,0.494136,0.397516,0.357686,0.373853,0.312126
Chronic Kidney Disease,p29_0022,0.888087,0.809509,0.750913,0.702875,0.679576,0.691129,0.654597,0.624939,0.588186,0.507395,0.412798,0.377682,0.371951,0.301829
Chronic Kidney Disease,p29_0023,0.896337,0.796009,0.752282,0.71961,0.687105,0.697327,0.633526,0.624882,0.594339,0.519014,0.430661,0.363401,0.39258,0.306739
Chronic Kidney Disease,p29_0024,0.879706,0.782424,0.741736,0.712941,0.678347,0.688487,0.636802,0.611787,0.596754,0.516218,0.416167,0.358614,0.357857,0.306843
Chronic Kidney Disease,p29_0025,0.894215,0.799001,0.77594,0.723374,0.680493,0.683849,0.661021,0.61257,0.571946,0.505162,0.420202,0.393474,0.397994,0.293236
Chronic Kidney Disease,p29_0026,0.897444,0.803536,0.771281,0.737628,0.666392,0.696103,0.651737,0.604499,0.587163,0.494247,0.420553,0.385527,0.376297,0.304096
Chronic Kidney Disease,p29_0027,0.885178,0.810997,0.748712,0.739952,0.669985,0.682585,0.660899,0.610916,0.573257,0.511248,0.42593,0.378354,0.377264,0.29829
Chronic Kidney Disease,p29_0028,0.87988,0.801432,0.777855,0.728795,0.682876,0.707051,0.663506,0.627717,0.585056,0.520798,0.413691,0.377578,0.366197,0.312388
Chronic Kidney Disease,p29_0029,0.879513,0.805211,0.759706,0.725131,0.68058,0.695079,0.663324,0.626266,0.588929,0.509914,0.409405,0.374862,0.378025,0.282939
Chronic Kidney Disease,p29_0030,0.876129,0.794029,0.757812,0.733427,0.662559,0.681125,0.645963,0.600878,0.569326,0.518273,0.408,0.380218,0.37585,0.303035
Chronic Kidney Disease,p29_0031,0.887754,0.804015,0.749607,0.726805,0.69064,0.70287,0.639739,0.622639,0.581965,0.506497,0.437016,0.391268,0.374608,0.315378
Chronic Kidney Disease,p29_0032,0.882241,0.801586,0.775961,0.720327,0.673539,0.694278,0.653719,0.635295,0.588769,0.492043,0.41897,0.376514,0.365919,0.294656
Chronic Kidney Disease,p29_0033,0.874446,0.800608,0.749982,0.722164,0.696154,0.684085,0.65908,0.620561,0.605391,0.528723,0.406663,0.368088,0.39539,0.308052
Chronic Kidney Disease,p29_0034,0.880054,0.805322,0.734201,0.72999,0.678245,0.688629,0.6685,0.622355,0.589042,0.524915,0.412574,0.380921,0.379007,0.304238
Chronic Kidney Disease,p29_0035,0.883544,0.817872,0.747419,0.728706,0.662069,0.711466,0.652963,0.619627,0.607045,0.526124,0.419971,0.371847,0.380519,0.311773
Chronic Kidney Disease,p29_0036,0.882481,0.815665,0.75107,0.738202,0.695424,0.66871,0.658453,0.625424,0.586788,0.527921,0.413616,0.376026,0.38658,0.302881
Chronic Kidney Disease,p29_0037,0.896422,0.800778,0.765603,0.716687,0.688389,0.702829,0.659788,0.602002,0.570869,0.509077,0.394041,0.383294,0.374966,0.307218
Chronic Kidney Disease,p29_0038,0.879713,0.810475,0.753471,0.727268,0.690698,0.686704,0.668719,0.615833,0.591935,0.52217,0.401471,0.371613,0.375689,0.290723
Chronic Kidney Disease,p29_0039,0.902092,0.79563,0.760447,0.716008,0.678751,0.68348,0.65019,0.61457,0.582877,0.521194,0.417252,0.378016,0.391199,0.273455
Chronic Kidney Disease,p29_0040,0.886969,0.794176,0.758934,0.724472,0.684526,0.693942,0.64955,0.621185,0.581256,0.513473,0.411137,0.378573,0.379197,0.303756
Chronic Kidney Disease,p29_0041,0.882416,0.804612,0.763229,0.71896,0.693936,0.690936,0.63341,0.625248,0.572998,0.523533,0.399999,0.378187,0.374639,0.276894
Chronic Kidney Disease,p29_0042,0.880013,0.820195,0.750822,0.719251,0.674917,0.68722,0.661006,0.631779,0.57589,0.515041,0.408113,0.36478,0.386906,0.304381
Chronic Kidney Disease,p29_0043,0.884627,0.793603,0.74431,0.714786,0.68861,0.690433,0.656301,0.615109,0.563464,0.521291,0.419381,0.387329,0.388656,0.304419
Chronic Kidney Disease,p29_0044,0.898267,0.79514,0.77694,0.724031,0.684115,0.693408,0.663507,0.619987,0.592487,0.532422,0.415218,0.361965,0.37013,0.306045
Chronic Kidney Disease,p29_0045,0.897224,0.804234,0.736171,0.710865,0.665752,0.688067,0.650461,0.620347,0.57958,0.522039,0.402973,0.380456,0.380827,0.299424
Chronic Kidney Disease,p29_0046,0.894385,0.796464,0.772411,0.729921,0.662509,0.680228,0.665651,0.607897,0.582961,0.511622,0.400844,0.375904,0.373591,0.294009
Chronic Kidney Disease,p29_0047,0.888464,0.810154,0.779897,0.736575,0.667132,0.693081,0.650449,0.614411,0.574444,0.505287,0.413087,0.363427,0.387224,0.295307
Chronic Kidney Disease,p29_0048,0.877191,0.796559,0.750814,0.713031,0.685943,0.698648,0.66496,0.619115,0.58907,0.507268,0.409327,0.38452,0.391667,0.300264
Chronic Kidney Disease,p29_0049,0.884061,0.785907,0.754277,0.690168,0.668173,0.693191,0.634526,0.613209,0.586027,0.51769,0.434729,0.370636,0.365887,0.304178
Chronic Kidney Disease,p29_0050,0.872323,0.800226,0.755871,0.716694,0.671199,0.689943,0.657309,0.607906,0.604067,0.530841,0.40385,0.367801,0.380389,0.291945
Chronic Kidney Disease,p29_0051,0.875749,0.798243,0.760063,0.707064,0.680924,0.714507,0.651669,0.62502,0.575944,0.507601,0.406992,0.364154,0.361073,0.298956
Chronic Kidney Disease,p29_0052,0.878952,0.79832,0.777492,0.718859,0.680932,0.694813,0.654176,0.615791,0.564421,0.494623,0.408573,0.376545,0.379137,0.300261
Chronic Kidney Disease,p29_0053,0.888409,0.797512,0.752675,0.726524,0.668197,0.682935,0.660676,0.63431,0.596462,0.509546,0.404307,0.368881,0.375944,0.285749
Chronic Kidney Disease,p29_0054,0.886244,0.789261,0.751163,0.718416,0.701108,0.681268,0.65643,0.624115,0.568151,0.526294,0.407898,0.381314,0.383585,0.304553
Gout,p30_0000,0.896272,0.793331,0.751796,0.774264,0.681715,0.701532,0.645988,0.627698,0.481038,0.443724,0.45245,0.504157,0.401225,0.293298
Gout,p30_0001,0.888943,0.799637,0.765438,0.763436,0.693443,0.692151,0.653141,0.634108,0.497379,0.45359,0.456217,0.458194,0.40443,0.303468
Gout,p30_0002,0.897612,0.792236,0.768627,0.770387,0.6797,0.67583,0.655958,0.644897,0.484219,0.45066,0.446794,0.477155,0.400888,0.307729
Gout,p30_0003,0.898972,0.794248,0.768714,0.778975,0.686115,0.683173,0.662316,0.627998,0.483549,0.459088,0.477473,0.463911,0.424529,0.293894
Gout,p30_0004,0.872424,0.805844,0.780634,0.776191,0.690633,0.694723,0.650053,0.620673,0.503168,0.462475,0.436822,0.479591,0.392264,0.290859
Gout,p30_0005,0.88996,0.816151,0.767161,0.763214,0.681244,0.704426,0.659412,0.593924,0.488005,0.454849,0.452998,0.447015,0.41586,0.307706
Gout,p30_0006,0.890269,0.799089,0.756696,0.749586,0.692859,0.694366,0.644261,0.619313,0.476933,0.452161,0.452184,0.463817,0.405359,0.289376
Gout,p30_0007,0.87818,0.794316,0.759982,0.766571,0.669348,0.694609,0.635154,0.623242,0.489751,0.442227,0.448207,0.471327,0.405903,0.304081
Gout,p30_0008,0.874971,0.784638,0.769569,0.759155,0.672785,0.693065,0.656082,0.613172,0.48213,0.440023,0.442975,0.467687,0.399861,0.294894
Gout,p30_0009,0.908206,0.806797,0.768122,0.767499,0.670932,0.704602,0.659356,0.622739,0.491165,0.436502,0.458774,0.472493,0.386418,0.301385
Gout,p30_0010,0.867413,0.802539,0.761822,0.770992,0.691078,0.690374,0.663566,0.627974,0.463516,0.457236,0.448252,0.463718,0.391957,0.280716
Gout,p30_0011,0.869145,0.796602,0.758961,0.771975,0.681869,0.706331,0.659933,0.619342,0.476448,0.458626,0.447318,0.472884,0.408144,0.2924
Gout,p30_0012,0.879479,0.8071,0.748081,0.788075,0.694722,0.682152,0.660877,0.614267,0.491622,0.448592,0.464889,0.488526,0.400181,0.30321
Gout,p30_0013,0.900679,0.792887,0.752156,0.77015,0.693726,0.690101,0.662553,0.631481,0.487416,0.441737,0.464847,0.47043,0.392486,0.294123
Gout,p30_0014,0.889584,0.789262,0.765805,0.75056,0.702463,0.687852,0.631218,0.63085,0.487817,0.469205,0.457075,0.456634,0.409015,0.299252
Gout,p30_0015,0.883337,0.8022,0.758761,0.774344,0.6715,0.692453,0.642816,0.612457,0.492338,0.457075,0.451497,0.451484,0.410004,0.300545
Gout,p30_0016,0.88122,0.831216,0.754206,0.77268,0.689724,0.693943,0.671408,0.615652,0.473075,0.461117,0.462807,0.483501,0.405459,0.305653
Gout,p30_0017,0.885396,0.80509,0.761665,0.763279,0.688471,0.723677,0.663171,0.621457,0.474369,0.454771,0.453204,0.471566,0.414006,0.304947
Gout,p30_0018,0.887154,0.788382,0.756596,0.778672,0.689396,0.686244,0.639681,0.615445,0.485124,0.434419,0.441106,0.480402,0.408778,0.311728
Gout,p30_0019,0.87688,0.814745,0.747919,0.7687,0.689398,0.70414,0.663807,0.618921,0.489295,0.454309,0.460162,0.471969,0.39821,0.302649
Gout,p30_0020,0.88904,0.791631,0.752956,0.768322,0.695744,0.706097,0.663692,0.627101,0.521648,0.458895,0.456313,0.470078,0.408118,0.284427
Gout,p30_0021,0.880655,0.790427,0.757861,0.747282,0.674432,0.69693,0.645876,0.623251,0.487299,0.447029,0.442722,0.479081,0.398778,0.301845
Gout,p30_0022,0.881884,0.798508,0.745807,0.766095,0.687668,0.705437,0.673677,0.598211,0.49643,0.471595,0.460904,0.462572,0.415576,0.317384
Gout,p30_0023,0.882063,0.796931,0.75883,0.769647,0.693345,0.694165,0.675591,0.603816,0.4814,0.444072,0.469129,0.4756,0.395804,0.300119
Gout,p30_0024,0.902356,0.786695,0.761157,0.770585,0.677688,0.681402,0.649587,0.636007,0.477171,0.459676,0.448158,0.466297,0.393477,0.297959
Gout,p30_0025,0.876273,0.812325,0.752307,0.757976,0.683834,0.703394,0.679055,0.606261,0.493202,0.442252,0.456498,0.46558,0.397948,0.295156
Gout,p30_0026,0.894876,0.811316,0.765651,0.758061,0.675138,0.680485,0.660493,0.603096,0.483892,0.430553,0.458756,0.465114,0.396673,0.30267
Gout,p30_0027,0.897401,0.805288,0.767893,0.76708,0.684758,0.688555,0.653004,0.605405,0.479232,0.451156,0.451054,0.481638,0.396663,0.300018
Gout,p30_0028,0.896595,0.794798,0.751769,0.774568,0.681779,0.678978,0.669723,0.632109,0.504225,0.478358,0.454145,0.468202,0.415447,0.316914
Gout,p30_0029,0.881078,0.808562,0.772907,0.761233,0.686411,0.700619,0.640409,0.633988,0.485406,0.449466,0.460457,0.465723,0.399694,0.310778
Gout,p30_0030,0.878587,0.795527,0.756845,0.781483,0.687918,0.681353,0.658974,0.623447,0.472869,0.441722,0.449311,0.482518,0.39458,0.302843
Gout,p30_0031,0.872837,0.786504,0.751768,0.790145,0.677831,0.693589,0.650202,0.629914,0.489741,0.459741,0.44644,0.467364,0.392117,0.297137
Gout,p30_0032,0.869149,0.795279,0.749749,0.768952,0.673199,0.680324,0.649684,0.619699,0.463452,0.444344,0.444927,0.477599,0.398253,0.297015
Gout,p30_0033,0.888168,0.793763,0.745609,0.768616,0.68001,0.704586,0.666223,0.622081,0.486381,0.458957,0.449821,0.481343,0.392339,0.313707
Gout,p30_0034,0.88069,0.779376,0.773427,0.761292,0.669831,0.685184,0.657225,0.637031,0.499508,0.462877,0.438949,0.469539,0.396571,0.312828
Gout,p30_0035,0.881545,0.803728,0.768305,0.770133,0.700401,0.711238,0.659351,0.626962,0.484319,0.44695,0.485076,0.453033,0.409206,0.298108
Gout,p30_0036,0.886675,0.801496,0.756116,0.773072,0.69537,0.701785,0.644411,0.612683,0.485929,0.453075,0.463403,0.466939,0.404708,0.293948
Gout,p30_0037,0.893486,0.81376,0.780877,0.772408,0.684446,0.700351,0.657792,0.622738,0.499788,0.448202,0.455715,0.472248,0.402571,0.292244
Gout,p30_0038,0.882594,0.797131,0.760192,0.782367,0.689105,0.697576,0.658328,0.613539,0.490238,0.473644,0.467909,0.466772,0.401672,0.302477
Gout,p30_0039,0.874927,0.802008,0.750797,0.785769,0.689336,0.69582,0.66417,0.624059,0.494237,0.443682,0.46077,0.446962,0.391369,0.291028
Gout,p30_0040,0.903035,0.789076,0.763509,0.767513,0.688377,0.699744,0.666401,0.611767,0.479565,0.448124,0.457687,0.452273,0.402674,0.297565
Gout,p30_0041,0.891431,0.793511,0.767905,0.773134,0.695215,0.699067,0.652198,0.610467,0.488902,0.451365,0.446528,0.471487,0.402222,0.296836
Gout,p30_0042,0.865388,0.804949,0.776276,0.76248,0.679205,0.712163,0.67288,0.618883,0.506411,0.455307,0.460146,0.466561,0.403798,0.294093
Gout,p30_0043,0.886147,0.815387,0.754665,0.784712,0.682049,0.705333,0.634137,0.624895,0.496054,0.461522,0.446819,0.475474,0.403647,0.293636
Gout,p30_0044,0.878721,0.803698,0.759508,0.791144,0.677139,0.682629,0.646349,0.615234,0.493102,0.45736,0.45799,0.47637,0.402132,0.317717
Gout,p30_0045,0.888249,0.787579,0.744045,0.781121,0.678476,0.683424,0.67268,0.614854,0.492261,0.449646,0.443944,0.455277,0.396532,0.298977
Gout,p30_0046,0.881013,0.791034,0.762417,0.771212,0.684418,0.711278,0.6694,0.626266,0.47969,0.445773,0.458382,0.451011,0.392608,0.306235
Gout,p30_0047,0.867019,0.781039,0.747325,0.77792,0.657596,0.69888,0.659186,0.604466,0.485973,0.441818,0.471652,0.471799,0.41606,0.289306
Gout,p30_0048,0.882002,0.805398,0.750236,0.770186,0.676934,0.704832,0.654599,0.614894,0.49082,0.438183,0.45429,0.469999,0.404398,0.321617
Gout,p30_0049,0.872343,0.804268,0.775066,0.770119,0.672922,0.684944,0.655076,0.636323,0.497,0.445265,0.460445,0.465889,0.419564,0.285169
Gout,p30_0050,0.869433,0.783801,0.767246,0.757654,0.679266,0.710163,0.658724,0.609023,0.517853,0.433382,0.449421,0.481839,0.394024,0.300682
Gout,p30_0051,0.89969,0.804144,0.75631,0.763232,0.678078,0.684718,0.652037,0.621482,0.480023,0.446835,0.441022,0.45693,0.385491,0.288376
Gout,p30_0052,0.883844,0.798673,0.759276,0.75563,0.686769,0.682193,0.651721,0.622729,0.512865,0.4544,0.447913,0.463153,0.396451,0.306411
Gout,p30_0053,0.868301,0.799279,0.764457,0.781379,0.671239,0.691846,0.652242,0.624862,0.493655,0.460732,0.452726,0.475479,0.423662,0.301379
Gout,p30_0054,0.885266,0.803315,0.749731,0.777679,0.69424,0.717261,0.659536,0.604706,0.49785,0.442916,0.45403,0.478911,0.411223,0.299766
General Certificate of Secondary Education,p31_0000,0.882496,0.813797,0.816191,0.727662,0.68631,0.628223,0.665063,0.525303,0.498849,0.502116,0.462004,0.383842,0.378127,0.302494
General Certificate of Secondary Education,p31_0001,0.871584,0.803498,0.801722,0.73109,0.670541,0.646607,0.64927,0.522387,0.478284,0.497003,0.442481,0.375791,0.366755,0.294088
General Certificate of Secondary Education,p31_0002,0.882958,0.815235,0.813334,0.736117,0.683468,0.643206,0.659371,0.547905,0.488533,0.486827,0.464019,0.375964,0.38367,0.287318
General Certificate of Secondary Education,p31_0003,0.885994,0.792064,0.801785,0.720344,0.682604,0.655819,0.670542,0.5226,0.483967,0.494963,0.453101,0.365844,0.397911,0.30577
General Certificate of Secondary Education,p31_0004,0.894246,0.798673,0.821061,0.715512,0.674641,0.649877,0.666716,0.534974,0.492481,0.498019,0.470931,0.387226,0.393783,0.306689
General Certificate of Secondary Education,p31_0005,0.88491,0.792572,0.810683,0.724284,0.683479,0.658121,0.670576,0.5367,0.484154,0.515142,0.44558,0.394055,0.38093,0.297635
General Certificate of Secondary Education,p31_0006,0.908219,0.809205,0.802222,0.728685,0.677068,0.638225,0.657235,0.520654,0.482993,0.495028,0.441799,0.388031,0.379723,0.304832
General Certificate of Secondary Education,p31_0007,0.872015,0.80949,0.804858,0.71849,0.679659,0.649538,0.672314,0.521209,0.472712,0.507057,0.457352,0.385647,0.372581,0.314992
General Certificate of Secondary Education,p31_0008,0.892479,0.793461,0.823286,0.742357,0.683961,0.646544,0.644498,0.528306,0.510182,0.504801,0.450106,0.36156,0.382913,0.304288
General Certificate of Secondary Education,p31_0009,0.876444,0.809926,0.798251,0.727453,0.68039,0.650945,0.657458,0.515059,0.477472,0.476494,0.45149,0.377262,0.376296,0.316485
General Certificate of Secondary Education,p31_0010,0.88569,0.802105,0.799826,0.744476,0.686557,0.642988,0.656068,0.513683,0.479122,0.483321,0.472522,0.380635,0.366434,0.288559
General Certificate of Secondary Education,p31_0011,0.894635,0.803766,0.817491,0.741034,0.701624,0.658706,0.650048,0.53982,0.487203,0.481111,0.445349,0.374062,0.394442,0.307318
General Certificate of Secondary Education,p31_0012,0.86898,0.803289,0.815314,0.716809,0.67412,0.660274,0.654627,0.537828,0.480072,0.491899,0.461903,0.371207,0.381788,0.30001
General Certificate of Secondary Education,p31_0013,0.883439,0.80097,0.8094,0.730653,0.685704,0.648353,0.660263,0.533464,0.504318,0.48609,0.459761,0.373692,0.370651,0.291158
General Certificate of Secondary Education,p31_0014,0.895616,0.793322,0.814674,0.727129,0.676386,0.64222,0.664612,0.535349,0.490971,0.479031,0.445929,0.386141,0.369669,0.316626
General Certificate of Secondary Education,p31_0015,0.878785,0.803086,0.824194,0.713835,0.675566,0.653436,0.671472,0.520647,0.485407,0.487393,0.462818,0.392064,0.361233,0.312575
General Certificate of Secondary Education,p31_0016,0.906897,0.815546,0.800552,0.730629,0.696166,0.641975,0.646223,0.542999,0.489542,0.505359,0.480792,0.363296,0.385233,0.295278
General Certificate of Secondary Education,p31_0017,0.892426,0.818495,0.812006,0.711189,0.676293,0.630537,0.664453,0.547085,0.463697,0.512796,0.444604,0.379134,0.374262,0.308223
General Certificate of Secondary Education,p31_0018,0.8933,0.821291,0.791467,0.707057,0.684361,0.633272,0.673981,0.513204,0.483848,0.487637,0.461725,0.375572,0.392594,0.295913
General Certificate of Secondary Education,p31_0019,0.882184,0.784126,0.809425,0.708273,0.69059,0.651963,0.646732,0.530134,0.503838,0.491565,0.462731,0.382794,0.367916,0.294595
General Certificate of Secondary Education,p31_0020,0.893749,0.809266,0.811581,0.721101,0.685521,0.65827,0.653289,0.518688,0.489116,0.491421,0.466042,0.373477,0.392341,0.309093
General Certificate of Secondary Education,p31_0021,0.883013,0.792495,0.813654,0.693544,0.684099,0.63788,0.652283,0.51289,0.498022,0.484704,0.451457,0.376007,0.371948,0.28417
General Certificate of Secondary Education,p31_0022,0.876189,0.801558,0.816676,0.741939,0.689959,0.663692,0.673562,0.521825,0.506345,0.501862,0.443029,0.377313,0.382654,0.31759
General Certificate of Secondary Education,p31_0023,0.882544,0.802454,0.818701,0.714605,0.67968,0.643453,0.645358,0.532588,0.463747,0.496015,0.457441,0.374807,0.377617,0.3015
General Certificate of Secondary Education,p31_0024,0.888964,0.785745,0.794364,0.704805,0.68568,0.651874,0.653157,0.519445,0.480659,0.510427,0.47147,0.367806,0.38842,0.299757
General Certificate of Secondary Education,p31_0025,0.889374,0.796295,0.817301,0.714537,0.682458,0.656524,0.653951,0.529772,0.499846,0.499688,0.453904,0.396241,0.372521,0.283489
General Certificate of Secondary Education,p31_0026,0.895731,0.808856,0.799379,0.712331,0.678064,0.630992,0.664616,0.520172,0.496059,0.489324,0.4593,0.38216,0.386621,0.311083
General Certificate of Secondary Education,p31_0027,0.907364,0.823516,0.814764,0.730399,0.679824,0.65874,0.658481,0.531394,0.470455,0.498869,0.467927,0.374762,0.37185,0.286135
General Certificate of Secondary Education,p31_0028,0.890143,0.791905,0.813065,0.712416,0.668756,0.642673,0.668046,0.542414,0.48458,0.494481,0.462139,0.379989,0.392883,0.302276
General Certificate of Secondary Education,p31_0029,0.878072,0.808537,0.79593,0.707926,0.686173,0.659608,0.66819,0.535443,0.502739,0.491336,0.446872,0.378402,0.376538,0.289493
General Certificate of Secondary Education,p31_0030,0.888034,0.812784,0.822796,0.72941,0.707393,0.650721,0.658801,0.517076,0.481825,0.484377,0.450665,0.386237,0.39139,0.286079
General Certificate of Secondary Education,p31_0031,0.896281,0.793796,0.809962,0.727312,0.688409,0.653844,0.661504,0.536488,0.499414,0.495849,0.466224,0.378441,0.378721,0.315151
General Certificate of Secondary Education,p31_0032,0.87592,0.793929,0.809327,0.71269,0.680223,0.645029,0.660332,0.522709,0.485346,0.49014,0.46377,0.344398,0.3861,0.321896
General Certificate of Secondary Education,p31_0033,0.876173,0.80093,0.805951,0.718274,0.674528,0.640948,0.664202,0.529567,0.505078,0.485132,0.463288,0.384776,0.379431,0.305102
General Certificate of Secondary Education,p31_0034,0.901608,0.796419,0.798917,0.725595,0.673825,0.661799,0.646716,0.53189,0.486774,0.509548,0.457632,0.376259,0.367791,0.296986
General Certificate of Secondary Education,p31_0035,0.882508,0.799486,0.825139,0.712346,0.684194,0.637068,0.653746,0.524706,0.478331,0.489786,0.444921,0.376104,0.394692,0.30021
General Certificate of Secondary Education,p31_0036,0.882144,0.815327,0.806043,0.720413,0.672765,0.642899,0.653212,0.527683,0.481133,0.502905,0.441461,0.377915,0.369753,0.318626
General Certificate of Secondary Education,p31_0037,0.891114,0.79604,0.816668,0.709112,0.685403,0.639403,0.660392,0.522157,0.489333,0.511147,0.451802,0.384763,0.370748,0.30238
General Certificate of Secondary Education,p31_0038,0.887215,0.793329,0.79591,0.723008,0.684724,0.643794,0.645341,0.525162,0.50021,0.494021,0.461238,0.348645,0.382274,0.288602
General Certificate of Secondary Education,p31_0039,0.879784,0.809315,0.803212,0.728681,0.681736,0.649129,0.654228,0.52964,0.482225,0.499582,0.452522,0.379519,0.375604,0.305464
General Certificate of Secondary Education,p31_0040,0.88651,0.802469,0.799895,0.719052,0.667399,0.653101,0.673288,0.516659,0.496006,0.491306,0.445303,0.382841,0.355696,0.296473
General Certificate of Secondary Education,p31_0041,0.89527,0.823016,0.805877,0.724731,0.685309,0.654475,0.668259,0.533284,0.491309,0.501185,0.450433,0.382509,0.388828,0.317686
General Certificate of Secondary Education,p31_0042,0.896479,0.800816,0.820366,0.712845,0.702492,0.651836,0.672863,0.524182,0.477399,0.512389,0.466474,0.406419,0.399666,0.285868
General Certificate of Secondary Education,p31_0043,0.893616,0.799608,0.816443,0.710671,0.686413,0.661347,0.655757,0.526625,0.478684,0.488272,0.448515,0.369903,0.368643,0.299913
General Certificate of Secondary Education,p31_0044,0.894951,0.800283,0.801949,0.708528,0.666133,0.651887,0.680968,0.542358,0.471232,0.49486,0.462663,0.385835,0.386379,0.303846
General Certificate of Secondary Education,p31_0045,0.885903,0.806699,0.827426,0.736032,0.676844,0.651411,0.66286,0.516791,0.468836,0.491845,0.44518,0.375169,0.378461,0.285031
General Certificate of Secondary Education,p31_0046,0.887719,0.812471,0.810796,0.717522,0.696086,0.641544,0.653778,0.525713,0.477492,0.488252,0.455679,0.359879,0.370571,0.301914
General Certificate of Secondary Education,p31_0047,0.892638,0.790817,0.807337,0.706819,0.680627,0.637798,0.649567,0.515301,0.490989,0.505219,0.462345,0.370848,0.38584,0.310868
General Certificate of Secondary Education,p31_0048,0.877257,0.792183,0.806491,0.719447,0.693197,0.654859,0.671792,0.541212,0.489032,0.479502,0.464286,0.373956,0.363651,0.311606
General Certificate of Secondary Education,p31_0049,0.897773,0.796907,0.793952,0.723825,0.684885,0.633275,0.660022,0.522113,0.485104,0.496479,0.458582,0.37668,0.38083,0.312941
General Certificate of Secondary Education,p31_0050,0.888948,0.811902,0.820411,0.726332,0.687927,0.652307,0.674207,0.523007,0.488288,0.503851,0.460459,0.375223,0.377529,0.304108
General Certificate of Secondary Education,p31_0051,0.885632,0.793968,0.807091,0.729511,0.704043,0.639483,0.660227,0.527341,0.490701,0.494669,0.446522,0.370145,0.37341,0.308566
General Certificate of Secondary Education,p31_0052,0.87237,0.806935,0.800171,0.725968,0.693649,0.654395,0.635357,0.52188,0.477643,0.493801,0.458647,0.367138,0.377983,0.289532
General Certificate of Secondary Education,p31_0053,0.894348,0.78926,0.822691,0.742707,0.691872,0.660357,0.662372,0.522145,0.492275,0.485448,0.464168,0.386438,0.390522,0.297793
General Certificate of Secondary Education,p31_0054,0.907659,0.802786,0.79844,0.721258,0.686441,0.653677,0.668874,0.527102,0.489326,0.494399,0.445799,0.361794,0.391169,0.309191
