item,sample_01,sample_02,sample_03,sample_04,sample_05,sample_06,sample_07,sample_08,sample_09,sample_10
model_A,0.8824102896855707,0.7578801183387087,0.889005773247546,0.9230702904984471,0.7089675658071717,0.589311088537392,0.9992036635959309,0.7987701550691942,0.8385970092568876,0.7434939526448808
model_B,0.716918392061156,0.8309764710531402,0.672607191924725,0.6384380505564655,0.8028498581663475,0.5909375221135726,0.916722987935771,0.7160487658519223,0.615668838943328,0.9204407815641448
model_C,0.7868598336206211,0.5534517525950661,0.6466465412366298,0.5759763791944607,0.6291033005949327,0.6845195836387146,0.5798744203915513,0.6230902169696049,0.7594757277657749,0.5815782577627768
model_D,0.6008788442632073,0.4901083745271807,0.739922795007116,0.36495441473756396,0.46951831095670515,0.4035463961897076,0.6557137618403482,0.6442316868164486,0.42295188622239227,0.8441221722471914
model_E,0.5391197380760091,0.6020760088459839,0.6872475679143984,0.7006201535231864,0.5774995897519395,0.38521876087116186,0.6082615890212786,0.4582603726327735,0.4755219874617691,0.5770460113064386
model_F,0.4401074033404256,0.45781224520836544,0.6239064876936995,0.3802686817590589,0.32329366418564387,0.4664297750533859,0.4069187808642264,0.3514669119087524,0.4408658130469058,0.47587218039786594
model_G,0.4684450477636428,0.3546108583846872,0.3717874223066089,0.387346742025294,0.31625942746845087,0.34563931039069473,0.25044584635017964,0.4109082970349832,0.33637762873480703,0.4476240353387666
