season,round,race_name,circuit_id,circuit_name,locality,country,date,track_type,weekend_type,driver_id,driver_code,driver_name,driver_slug,constructor,grid,finish_position,position_text,points,laps_completed,status,fastest_lap_rank,fastest_lap_number,fastest_lap_time,fastest_lap_speed_kph
2024,1,Bahrain Grand Prix,bahrain,Bahrain International Circuit,Sakhir,Bahrain,2024-03-02,permanent,standard,max_verstappen,VER,Max Verstappen,Max_Verstappen,Red Bull,1,1,1,26,57,Finished,1.0,39.0,1:32.608,210.383
2024,1,Bahrain Grand Prix,bahrain,Bahrain International Circuit,Sakhir,Bahrain,2024-03-02,permanent,standard,perez,PER,Sergio Pérez,Sergio_Perez,Red Bull,5,2,2,18,57,Finished,4.0,40.0,1:34.364,206.468
2024,1,Bahrain Grand Prix,bahrain,Bahrain International Circuit,Sakhir,Bahrain,2024-03-02,permanent,standard,sainz,SAI,Carlos Sainz,Carlos_Sainz,Ferrari,4,3,3,15,57,Finished,6.0,44.0,1:34.507,206.156
2024,1,Bahrain Grand Prix,bahrain,Bahrain International Circuit,Sakhir,Bahrain,2024-03-02,permanent,standard,leclerc,LEC,Charles Leclerc,Charles_Leclerc,Ferrari,2,4,4,12,57,Finished,2.0,36.0,1:34.090,207.069
2024,1,Bahrain Grand Prix,bahrain,Bahrain International Circuit,Sakhir,Bahrain,2024-03-02,permanent,standard,russell,RUS,George Russell,George_Russell,Mercedes,3,5,5,10,57,Finished,12.0,40.0,1:35.065,204.946
2024,1,Bahrain Grand Prix,bahrain,Bahrain International Circuit,Sakhir,Bahrain,2024-03-02,permanent,standard,norris,NOR,Lando Norris,Lando_Norris,McLaren,7,6,6,8,57,Finished,5.0,35.0,1:34.476,
2024,1,Bahrain Grand Prix,bahrain,Bahrain International Circuit,Sakhir,Bahrain,2024-03-02,permanent,standard,hamilton,HAM,Lewis Hamilton,Lewis_Hamilton,Mercedes,9,7,7,6,57,Finished,7.0,39.0,1:34.722,205.688
2024,1,Bahrain Grand Prix,bahrain,Bahrain International Circuit,Sakhir,Bahrain,2024-03-02,permanent,standard,piastri,PIA,Oscar Piastri,Oscar_Piastri,McLaren,8,8,8,4,57,Finished,11.0,39.0,1:34.983,
2024,1,Bahrain Grand Prix,bahrain,Bahrain International Circuit,Sakhir,Bahrain,2024-03-02,permanent,standard,alonso,ALO,Fernando Alonso,Fernando_Alonso,Aston Martin,6,9,9,2,57,Finished,3.0,48.0,1:34.199,206.83
2024,1,Bahrain Grand Prix,bahrain,Bahrain International Circuit,Sakhir,Bahrain,2024-03-02,permanent,standard,stroll,STR,Lance Stroll,Lance_Stroll,Aston Martin,12,10,10,1,57,Finished,16.0,30.0,1:35.632,203.73
2024,1,Bahrain Grand Prix,bahrain,Bahrain International Circuit,Sakhir,Bahrain,2024-03-02,permanent,standard,zhou,ZHO,Guanyu Zhou,Guanyu_Zhou,Sauber,17,11,11,0,56,Lapped,14.0,30.0,1:35.458,204.102
2024,1,Bahrain Grand Prix,bahrain,Bahrain International Circuit,Sakhir,Bahrain,2024-03-02,permanent,standard,kevin_magnussen,MAG,Kevin Magnussen,Kevin_Magnussen,Haas F1 Team,15,12,12,0,56,Lapped,15.0,34.0,1:35.570,203.863
2024,1,Bahrain Grand Prix,bahrain,Bahrain International Circuit,Sakhir,Bahrain,2024-03-02,permanent,standard,ricciardo,RIC,Daniel Ricciardo,Daniel_Ricciardo,RB F1 Team,14,13,13,0,56,Lapped,13.0,37.0,1:35.163,204.735
2024,1,Bahrain Grand Prix,bahrain,Bahrain International Circuit,Sakhir,Bahrain,2024-03-02,permanent,standard,tsunoda,TSU,Yuki Tsunoda,Yuki_Tsunoda,RB F1 Team,11,14,14,0,56,Lapped,18.0,37.0,1:35.833,203.303
2024,1,Bahrain Grand Prix,bahrain,Bahrain International Circuit,Sakhir,Bahrain,2024-03-02,permanent,standard,albon,ALB,Alexander Albon,Alexander_Albon,Williams,13,15,15,0,56,Lapped,17.0,40.0,1:35.723,203.537
2024,1,Bahrain Grand Prix,bahrain,Bahrain International Circuit,Sakhir,Bahrain,2024-03-02,permanent,standard,hulkenberg,HUL,Nico Hülkenberg,Nico_Hulkenberg,Haas F1 Team,10,16,16,0,56,Lapped,10.0,46.0,1:34.834,205.445
2024,1,Bahrain Grand Prix,bahrain,Bahrain International Circuit,Sakhir,Bahrain,2024-03-02,permanent,standard,ocon,OCO,Esteban Ocon,Esteban_Ocon,Alpine F1 Team,19,17,17,0,56,Lapped,20.0,34.0,1:36.226,202.473
2024,1,Bahrain Grand Prix,bahrain,Bahrain International Circuit,Sakhir,Bahrain,2024-03-02,permanent,standard,gasly,GAS,Pierre Gasly,Pierre_Gasly,Alpine F1 Team,20,18,18,0,56,Lapped,9.0,45.0,1:34.805,205.508
2024,1,Bahrain Grand Prix,bahrain,Bahrain International Circuit,Sakhir,Bahrain,2024-03-02,permanent,standard,bottas,BOT,Valtteri Bottas,Valtteri_Bottas,Sauber,16,19,19,0,56,Lapped,19.0,33.0,1:36.202,202.523
2024,1,Bahrain Grand Prix,bahrain,Bahrain International Circuit,Sakhir,Bahrain,2024-03-02,permanent,standard,sargeant,SAR,Logan Sargeant,Logan_Sargeant,Williams,18,20,20,0,55,Lapped,8.0,42.0,1:34.735,205.659
2024,2,Saudi Arabian Grand Prix,jeddah,Jeddah Corniche Circuit,Jeddah,Saudi Arabia,2024-03-09,street,standard,max_verstappen,VER,Max Verstappen,Max_Verstappen,Red Bull,1,1,1,25,50,Finished,3.0,50.0,1:31.773,242.188
2024,2,Saudi Arabian Grand Prix,jeddah,Jeddah Corniche Circuit,Jeddah,Saudi Arabia,2024-03-09,street,standard,perez,PER,Sergio Pérez,Sergio_Perez,Red Bull,3,2,2,18,50,Finished,8.0,37.0,1:32.273,240.876
2024,2,Saudi Arabian Grand Prix,jeddah,Jeddah Corniche Circuit,Jeddah,Saudi Arabia,2024-03-09,street,standard,leclerc,LEC,Charles Leclerc,Charles_Leclerc,Ferrari,2,3,3,16,50,Finished,1.0,50.0,1:31.632,242.561
2024,2,Saudi Arabian Grand Prix,jeddah,Jeddah Corniche Circuit,Jeddah,Saudi Arabia,2024-03-09,street,standard,piastri,PIA,Oscar Piastri,Oscar_Piastri,McLaren,5,4,4,12,50,Finished,10.0,45.0,1:32.310,
2024,2,Saudi Arabian Grand Prix,jeddah,Jeddah Corniche Circuit,Jeddah,Saudi Arabia,2024-03-09,street,standard,alonso,ALO,Fernando Alonso,Fernando_Alonso,Aston Martin,4,5,5,10,50,Finished,13.0,43.0,1:32.387,240.579
2024,2,Saudi Arabian Grand Prix,jeddah,Jeddah Corniche Circuit,Jeddah,Saudi Arabia,2024-03-09,street,standard,russell,RUS,George Russell,George_Russell,Mercedes,7,6,6,8,50,Finished,7.0,42.0,1:32.254,240.926
2024,2,Saudi Arabian Grand Prix,jeddah,Jeddah Corniche Circuit,Jeddah,Saudi Arabia,2024-03-09,street,standard,bearman,BEA,Oliver Bearman,Oliver_Bearman,Ferrari,11,7,7,6,50,Finished,5.0,50.0,1:32.186,241.103
2024,2,Saudi Arabian Grand Prix,jeddah,Jeddah Corniche Circuit,Jeddah,Saudi Arabia,2024-03-09,street,standard,norris,NOR,Lando Norris,Lando_Norris,McLaren,6,8,8,4,50,Finished,4.0,40.0,1:31.944,
2024,2,Saudi Arabian Grand Prix,jeddah,Jeddah Corniche Circuit,Jeddah,Saudi Arabia,2024-03-09,street,standard,hamilton,HAM,Lewis Hamilton,Lewis_Hamilton,Mercedes,8,9,9,2,50,Finished,2.0,38.0,1:31.746,242.26
2024,2,Saudi Arabian Grand Prix,jeddah,Jeddah Corniche Circuit,Jeddah,Saudi Arabia,2024-03-09,street,standard,hulkenberg,HUL,Nico Hülkenberg,Nico_Hulkenberg,Haas F1 Team,15,10,10,1,50,Finished,12.0,49.0,1:32.366,240.633
2024,2,Saudi Arabian Grand Prix,jeddah,Jeddah Corniche Circuit,Jeddah,Saudi Arabia,2024-03-09,street,standard,albon,ALB,Alexander Albon,Alexander_Albon,Williams,12,11,11,0,50,Finished,9.0,50.0,1:32.307,240.787
2024,2,Saudi Arabian Grand Prix,jeddah,Jeddah Corniche Circuit,Jeddah,Saudi Arabia,2024-03-09,street,standard,kevin_magnussen,MAG,Kevin Magnussen,Kevin_Magnussen,Haas F1 Team,13,12,12,0,50,Finished,11.0,47.0,1:32.338,240.706
2024,2,Saudi Arabian Grand Prix,jeddah,Jeddah Corniche Circuit,Jeddah,Saudi Arabia,2024-03-09,street,standard,ocon,OCO,Esteban Ocon,Esteban_Ocon,Alpine F1 Team,17,13,13,0,49,Lapped,17.0,48.0,1:33.481,237.763
2024,2,Saudi Arabian Grand Prix,jeddah,Jeddah Corniche Circuit,Jeddah,Saudi Arabia,2024-03-09,street,standard,sargeant,SAR,Logan Sargeant,Logan_Sargeant,Williams,19,14,14,0,49,Lapped,15.0,49.0,1:33.026,
2024,2,Saudi Arabian Grand Prix,jeddah,Jeddah Corniche Circuit,Jeddah,Saudi Arabia,2024-03-09,street,standard,tsunoda,TSU,Yuki Tsunoda,Yuki_Tsunoda,RB F1 Team,9,15,15,0,49,Lapped,18.0,44.0,1:33.523,
2024,2,Saudi Arabian Grand Prix,jeddah,Jeddah Corniche Circuit,Jeddah,Saudi Arabia,2024-03-09,street,standard,ricciardo,RIC,Daniel Ricciardo,Daniel_Ricciardo,RB F1 Team,14,16,16,0,49,Lapped,16.0,47.0,1:33.323,238.166
2024,2,Saudi Arabian Grand Prix,jeddah,Jeddah Corniche Circuit,Jeddah,Saudi Arabia,2024-03-09,street,standard,bottas,BOT,Valtteri Bottas,Valtteri_Bottas,Sauber,16,17,17,0,49,Lapped,14.0,49.0,1:32.706,239.751
2024,2,Saudi Arabian Grand Prix,jeddah,Jeddah Corniche Circuit,Jeddah,Saudi Arabia,2024-03-09,street,standard,zhou,ZHO,Guanyu Zhou,Guanyu_Zhou,Sauber,20,18,18,0,49,Lapped,6.0,49.0,1:32.208,241.046
2024,2,Saudi Arabian Grand Prix,jeddah,Jeddah Corniche Circuit,Jeddah,Saudi Arabia,2024-03-09,street,standard,stroll,STR,Lance Stroll,Lance_Stroll,Aston Martin,10,19,R,0,5,Retired,19.0,5.0,1:35.560,232.591
2024,2,Saudi Arabian Grand Prix,jeddah,Jeddah Corniche Circuit,Jeddah,Saudi Arabia,2024-03-09,street,standard,gasly,GAS,Pierre Gasly,Pierre_Gasly,Alpine F1 Team,18,20,R,0,1,Retired,,,,
2024,3,Australian Grand Prix,albert_park,Albert Park Grand Prix Circuit,Melbourne,Australia,2024-03-24,temporary_non_street,standard,sainz,SAI,Carlos Sainz,Carlos_Sainz,Ferrari,2,1,1,25,58,Finished,3.0,48.0,1:20.031,237.418
2024,3,Australian Grand Prix,albert_park,Albert Park Grand Prix Circuit,Melbourne,Australia,2024-03-24,temporary_non_street,standard,leclerc,LEC,Charles Leclerc,Charles_Leclerc,Ferrari,4,2,2,19,58,Finished,1.0,56.0,1:19.813,238.066
2024,3,Australian Grand Prix,albert_park,Albert Park Grand Prix Circuit,Melbourne,Australia,2024-03-24,temporary_non_street,standard,norris,NOR,Lando Norris,Lando_Norris,McLaren,3,3,3,15,58,Finished,2.0,49.0,1:19.915,
2024,3,Australian Grand Prix,albert_park,Albert Park Grand Prix Circuit,Melbourne,Australia,2024-03-24,temporary_non_street,standard,piastri,PIA,Oscar Piastri,Oscar_Piastri,McLaren,5,4,4,12,58,Finished,4.0,54.0,1:20.199,
2024,3,Australian Grand Prix,albert_park,Albert Park Grand Prix Circuit,Melbourne,Australia,2024-03-24,temporary_non_street,standard,perez,PER,Sergio Pérez,Sergio_Perez,Red Bull,6,5,5,10,58,Finished,6.0,47.0,1:20.388,236.363
2024,3,Australian Grand Prix,albert_park,Albert Park Grand Prix Circuit,Melbourne,Australia,2024-03-24,temporary_non_street,standard,stroll,STR,Lance Stroll,Lance_Stroll,Aston Martin,9,6,6,8,58,Finished,8.0,49.0,1:20.930,234.78
2024,3,Australian Grand Prix,albert_park,Albert Park Grand Prix Circuit,Melbourne,Australia,2024-03-24,temporary_non_street,standard,tsunoda,TSU,Yuki Tsunoda,Yuki_Tsunoda,RB F1 Team,8,7,7,6,58,Finished,11.0,46.0,1:21.134,234.19
2024,3,Australian Grand Prix,albert_park,Albert Park Grand Prix Circuit,Melbourne,Australia,2024-03-24,temporary_non_street,standard,alonso,ALO,Fernando Alonso,Fernando_Alonso,Aston Martin,10,8,8,4,58,Finished,7.0,52.0,1:20.493,236.055
2024,3,Australian Grand Prix,albert_park,Albert Park Grand Prix Circuit,Melbourne,Australia,2024-03-24,temporary_non_street,standard,hulkenberg,HUL,Nico Hülkenberg,Nico_Hulkenberg,Haas F1 Team,16,9,9,2,58,Finished,12.0,46.0,1:21.145,234.158
2024,3,Australian Grand Prix,albert_park,Albert Park Grand Prix Circuit,Melbourne,Australia,2024-03-24,temporary_non_street,standard,kevin_magnussen,MAG,Kevin Magnussen,Kevin_Magnussen,Haas F1 Team,14,10,10,1,57,Lapped,9.0,44.0,1:21.082,234.34
2024,3,Australian Grand Prix,albert_park,Albert Park Grand Prix Circuit,Melbourne,Australia,2024-03-24,temporary_non_street,standard,albon,ALB,Alexander Albon,Alexander_Albon,Williams,12,11,11,0,57,Lapped,17.0,46.0,1:21.618,232.801
2024,3,Australian Grand Prix,albert_park,Albert Park Grand Prix Circuit,Melbourne,Australia,2024-03-24,temporary_non_street,standard,ricciardo,RIC,Daniel Ricciardo,Daniel_Ricciardo,RB F1 Team,18,12,12,0,57,Lapped,13.0,46.0,1:21.239,233.887
2024,3,Australian Grand Prix,albert_park,Albert Park Grand Prix Circuit,Melbourne,Australia,2024-03-24,temporary_non_street,standard,gasly,GAS,Pierre Gasly,Pierre_Gasly,Alpine F1 Team,17,13,13,0,57,Lapped,10.0,51.0,1:21.090,234.317
2024,3,Australian Grand Prix,albert_park,Albert Park Grand Prix Circuit,Melbourne,Australia,2024-03-24,temporary_non_street,standard,bottas,BOT,Valtteri Bottas,Valtteri_Bottas,Sauber,13,14,14,0,57,Lapped,16.0,48.0,1:21.422,233.361
2024,3,Australian Grand Prix,albert_park,Albert Park Grand Prix Circuit,Melbourne,Australia,2024-03-24,temporary_non_street,standard,zhou,ZHO,Guanyu Zhou,Guanyu_Zhou,Sauber,19,15,15,0,57,Lapped,14.0,49.0,1:21.327,233.634
2024,3,Australian Grand Prix,albert_park,Albert Park Grand Prix Circuit,Melbourne,Australia,2024-03-24,temporary_non_street,standard,ocon,OCO,Esteban Ocon,Esteban_Ocon,Alpine F1 Team,15,16,16,0,57,Lapped,15.0,45.0,1:21.354,233.557
2024,3,Australian Grand Prix,albert_park,Albert Park Grand Prix Circuit,Melbourne,Australia,2024-03-24,temporary_non_street,standard,russell,RUS,George Russell,George_Russell,Mercedes,7,17,17,0,56,Retired,5.0,53.0,1:20.284,236.669
2024,3,Australian Grand Prix,albert_park,Albert Park Grand Prix Circuit,Melbourne,Australia,2024-03-24,temporary_non_street,standard,hamilton,HAM,Lewis Hamilton,Lewis_Hamilton,Mercedes,11,18,R,0,15,Retired,18.0,11.0,1:22.444,230.469
2024,3,Australian Grand Prix,albert_park,Albert Park Grand Prix Circuit,Melbourne,Australia,2024-03-24,temporary_non_street,standard,max_verstappen,VER,Max Verstappen,Max_Verstappen,Red Bull,1,19,R,0,3,Retired,19.0,3.0,1:23.115,228.608
2024,4,Japanese Grand Prix,suzuka,Suzuka Circuit,Suzuka,Japan,2024-04-07,permanent,standard,max_verstappen,VER,Max Verstappen,Max_Verstappen,Red Bull,1,1,1,26,53,Finished,1.0,50.0,1:33.706,223.093
2024,4,Japanese Grand Prix,suzuka,Suzuka Circuit,Suzuka,Japan,2024-04-07,permanent,standard,perez,PER,Sergio Pérez,Sergio_Perez,Red Bull,2,2,2,18,53,Finished,3.0,35.0,1:33.945,222.525
2024,4,Japanese Grand Prix,suzuka,Suzuka Circuit,Suzuka,Japan,2024-04-07,permanent,standard,sainz,SAI,Carlos Sainz,Carlos_Sainz,Ferrari,4,3,3,15,53,Finished,2.0,46.0,1:33.841,222.772
2024,4,Japanese Grand Prix,suzuka,Suzuka Circuit,Suzuka,Japan,2024-04-07,permanent,standard,leclerc,LEC,Charles Leclerc,Charles_Leclerc,Ferrari,8,4,4,12,53,Finished,9.0,53.0,1:35.044,219.952
2024,4,Japanese Grand Prix,suzuka,Suzuka Circuit,Suzuka,Japan,2024-04-07,permanent,standard,norris,NOR,Lando Norris,Lando_Norris,McLaren,3,5,5,10,53,Finished,10.0,51.0,1:35.186,
2024,4,Japanese Grand Prix,suzuka,Suzuka Circuit,Suzuka,Japan,2024-04-07,permanent,standard,alonso,ALO,Fernando Alonso,Fernando_Alonso,Aston Martin,5,6,6,8,53,Finished,6.0,53.0,1:34.726,220.691
2024,4,Japanese Grand Prix,suzuka,Suzuka Circuit,Suzuka,Japan,2024-04-07,permanent,standard,russell,RUS,George Russell,George_Russell,Mercedes,9,7,7,6,53,Finished,5.0,39.0,1:34.404,221.444
2024,4,Japanese Grand Prix,suzuka,Suzuka Circuit,Suzuka,Japan,2024-04-07,permanent,standard,piastri,PIA,Oscar Piastri,Oscar_Piastri,McLaren,6,8,8,4,53,Finished,7.0,35.0,1:34.802,
2024,4,Japanese Grand Prix,suzuka,Suzuka Circuit,Suzuka,Japan,2024-04-07,permanent,standard,hamilton,HAM,Lewis Hamilton,Lewis_Hamilton,Mercedes,7,9,9,2,53,Finished,4.0,41.0,1:33.952,222.509
2024,4,Japanese Grand Prix,suzuka,Suzuka Circuit,Suzuka,Japan,2024-04-07,permanent,standard,tsunoda,TSU,Yuki Tsunoda,Yuki_Tsunoda,RB F1 Team,10,10,10,1,52,Lapped,14.0,51.0,1:36.342,216.989
2024,4,Japanese Grand Prix,suzuka,Suzuka Circuit,Suzuka,Japan,2024-04-07,permanent,standard,hulkenberg,HUL,Nico Hülkenberg,Nico_Hulkenberg,Haas F1 Team,12,11,11,0,52,Lapped,11.0,52.0,1:35.325,219.304
2024,4,Japanese Grand Prix,suzuka,Suzuka Circuit,Suzuka,Japan,2024-04-07,permanent,standard,stroll,STR,Lance Stroll,Lance_Stroll,Aston Martin,16,12,12,0,52,Lapped,12.0,41.0,1:35.798,218.221
2024,4,Japanese Grand Prix,suzuka,Suzuka Circuit,Suzuka,Japan,2024-04-07,permanent,standard,kevin_magnussen,MAG,Kevin Magnussen,Kevin_Magnussen,Haas F1 Team,18,13,13,0,52,Lapped,17.0,24.0,1:36.654,216.289
2024,4,Japanese Grand Prix,suzuka,Suzuka Circuit,Suzuka,Japan,2024-04-07,permanent,standard,bottas,BOT,Valtteri Bottas,Valtteri_Bottas,Sauber,13,14,14,0,52,Lapped,15.0,25.0,1:36.608,216.392
2024,4,Japanese Grand Prix,suzuka,Suzuka Circuit,Suzuka,Japan,2024-04-07,permanent,standard,ocon,OCO,Esteban Ocon,Esteban_Ocon,Alpine F1 Team,15,15,15,0,52,Lapped,13.0,52.0,1:36.232,217.237
2024,4,Japanese Grand Prix,suzuka,Suzuka Circuit,Suzuka,Japan,2024-04-07,permanent,standard,gasly,GAS,Pierre Gasly,Pierre_Gasly,Alpine F1 Team,17,16,16,0,52,Lapped,16.0,48.0,1:36.642,216.315
2024,4,Japanese Grand Prix,suzuka,Suzuka Circuit,Suzuka,Japan,2024-04-07,permanent,standard,sargeant,SAR,Logan Sargeant,Logan_Sargeant,Williams,19,17,17,0,52,Lapped,8.0,43.0,1:34.900,220.286
2024,4,Japanese Grand Prix,suzuka,Suzuka Circuit,Suzuka,Japan,2024-04-07,permanent,standard,zhou,ZHO,Guanyu Zhou,Guanyu_Zhou,Sauber,20,18,R,0,12,Retired,18.0,9.0,1:37.160,215.162
2024,4,Japanese Grand Prix,suzuka,Suzuka Circuit,Suzuka,Japan,2024-04-07,permanent,standard,ricciardo,RIC,Daniel Ricciardo,Daniel_Ricciardo,RB F1 Team,11,19,R,0,0,Retired,,,,
2024,4,Japanese Grand Prix,suzuka,Suzuka Circuit,Suzuka,Japan,2024-04-07,permanent,standard,albon,ALB,Alexander Albon,Alexander_Albon,Williams,14,20,R,0,0,Retired,,,,
2024,5,Chinese Grand Prix,shanghai,Shanghai International Circuit,Shanghai,China,2024-04-21,permanent,sprint,max_verstappen,VER,Max Verstappen,Max_Verstappen,Red Bull,1,1,1,25,56,Finished,2.0,33.0,1:38.406,199.414
2024,5,Chinese Grand Prix,shanghai,Shanghai International Circuit,Shanghai,China,2024-04-21,permanent,sprint,norris,NOR,Lando Norris,Lando_Norris,McLaren,4,2,2,18,56,Finished,4.0,33.0,1:38.751,
2024,5,Chinese Grand Prix,shanghai,Shanghai International Circuit,Shanghai,China,2024-04-21,permanent,sprint,perez,PER,Sergio Pérez,Sergio_Perez,Red Bull,2,3,3,15,56,Finished,7.0,33.0,1:39.388,197.444
2024,5,Chinese Grand Prix,shanghai,Shanghai International Circuit,Shanghai,China,2024-04-21,permanent,sprint,leclerc,LEC,Charles Leclerc,Charles_Leclerc,Ferrari,6,4,4,12,56,Finished,6.0,33.0,1:39.384,197.452
2024,5,Chinese Grand Prix,shanghai,Shanghai International Circuit,Shanghai,China,2024-04-21,permanent,sprint,sainz,SAI,Carlos Sainz,Carlos_Sainz,Ferrari,7,5,5,10,56,Finished,10.0,19.0,1:39.764,196.7
2024,5,Chinese Grand Prix,shanghai,Shanghai International Circuit,Shanghai,China,2024-04-21,permanent,sprint,russell,RUS,George Russell,George_Russell,Mercedes,8,6,6,8,56,Finished,11.0,39.0,1:40.112,196.016
2024,5,Chinese Grand Prix,shanghai,Shanghai International Circuit,Shanghai,China,2024-04-21,permanent,sprint,alonso,ALO,Fernando Alonso,Fernando_Alonso,Aston Martin,3,7,7,7,56,Finished,1.0,45.0,1:37.810,200.629
2024,5,Chinese Grand Prix,shanghai,Shanghai International Circuit,Shanghai,China,2024-04-21,permanent,sprint,piastri,PIA,Oscar Piastri,Oscar_Piastri,McLaren,5,8,8,4,56,Finished,9.0,18.0,1:39.739,
2024,5,Chinese Grand Prix,shanghai,Shanghai International Circuit,Shanghai,China,2024-04-21,permanent,sprint,hamilton,HAM,Lewis Hamilton,Lewis_Hamilton,Mercedes,18,9,9,2,56,Finished,14.0,34.0,1:40.835,194.61
2024,5,Chinese Grand Prix,shanghai,Shanghai International Circuit,Shanghai,China,2024-04-21,permanent,sprint,hulkenberg,HUL,Nico Hülkenberg,Nico_Hulkenberg,Haas F1 Team,9,10,10,1,56,Finished,13.0,32.0,1:40.815,194.649
2024,5,Chinese Grand Prix,shanghai,Shanghai International Circuit,Shanghai,China,2024-04-21,permanent,sprint,ocon,OCO,Esteban Ocon,Esteban_Ocon,Alpine F1 Team,13,11,11,0,56,Finished,15.0,33.0,1:40.937,194.414
2024,5,Chinese Grand Prix,shanghai,Shanghai International Circuit,Shanghai,China,2024-04-21,permanent,sprint,albon,ALB,Alexander Albon,Alexander_Albon,Williams,14,12,12,0,56,Finished,12.0,34.0,1:40.790,194.697
2024,5,Chinese Grand Prix,shanghai,Shanghai International Circuit,Shanghai,China,2024-04-21,permanent,sprint,gasly,GAS,Pierre Gasly,Pierre_Gasly,Alpine F1 Team,15,13,13,0,56,Finished,5.0,40.0,1:39.198,197.822
2024,5,Chinese Grand Prix,shanghai,Shanghai International Circuit,Shanghai,China,2024-04-21,permanent,sprint,zhou,ZHO,Guanyu Zhou,Guanyu_Zhou,Sauber,16,14,14,0,56,Finished,3.0,42.0,1:38.633,198.955
2024,5,Chinese Grand Prix,shanghai,Shanghai International Circuit,Shanghai,China,2024-04-21,permanent,sprint,stroll,STR,Lance Stroll,Lance_Stroll,Aston Martin,11,15,15,0,56,Finished,8.0,37.0,1:39.444,197.333
2024,5,Chinese Grand Prix,shanghai,Shanghai International Circuit,Shanghai,China,2024-04-21,permanent,sprint,kevin_magnussen,MAG,Kevin Magnussen,Kevin_Magnussen,Haas F1 Team,17,16,16,0,56,Finished,18.0,45.0,1:41.077,194.145
2024,5,Chinese Grand Prix,shanghai,Shanghai International Circuit,Shanghai,China,2024-04-21,permanent,sprint,sargeant,SAR,Logan Sargeant,Logan_Sargeant,Williams,20,17,17,0,56,Finished,17.0,14.0,1:41.000,194.293
2024,5,Chinese Grand Prix,shanghai,Shanghai International Circuit,Shanghai,China,2024-04-21,permanent,sprint,ricciardo,RIC,Daniel Ricciardo,Daniel_Ricciardo,RB F1 Team,12,18,R,0,33,Retired,16.0,16.0,1:40.994,194.304
2024,5,Chinese Grand Prix,shanghai,Shanghai International Circuit,Shanghai,China,2024-04-21,permanent,sprint,tsunoda,TSU,Yuki Tsunoda,Yuki_Tsunoda,RB F1 Team,19,19,R,0,26,Retired,20.0,11.0,1:41.593,193.158
2024,5,Chinese Grand Prix,shanghai,Shanghai International Circuit,Shanghai,China,2024-04-21,permanent,sprint,bottas,BOT,Valtteri Bottas,Valtteri_Bottas,Sauber,10,20,R,0,19,Retired,19.0,11.0,1:41.276,193.763
2024,6,Miami Grand Prix,miami,Miami International Autodrome,Miami,USA,2024-05-05,temporary_non_street,sprint,norris,NOR,Lando Norris,Lando_Norris,McLaren,5,1,1,25,57,Finished,5.0,55.0,1:30.980,214.148
2024,6,Miami Grand Prix,miami,Miami International Autodrome,Miami,USA,2024-05-05,temporary_non_street,sprint,max_verstappen,VER,Max Verstappen,Max_Verstappen,Red Bull,1,2,2,18,57,Finished,8.0,48.0,1:31.261,213.488
2024,6,Miami Grand Prix,miami,Miami International Autodrome,Miami,USA,2024-05-05,temporary_non_street,sprint,leclerc,LEC,Charles Leclerc,Charles_Leclerc,Ferrari,2,3,3,15,57,Finished,6.0,56.0,1:31.084,213.903
2024,6,Miami Grand Prix,miami,Miami International Autodrome,Miami,USA,2024-05-05,temporary_non_street,sprint,perez,PER,Sergio Pérez,Sergio_Perez,Red Bull,4,4,4,12,57,Finished,3.0,55.0,1:30.855,214.442
2024,6,Miami Grand Prix,miami,Miami International Autodrome,Miami,USA,2024-05-05,temporary_non_street,sprint,sainz,SAI,Carlos Sainz,Carlos_Sainz,Ferrari,3,5,5,10,57,Finished,4.0,55.0,1:30.928,214.27
2024,6,Miami Grand Prix,miami,Miami International Autodrome,Miami,USA,2024-05-05,temporary_non_street,sprint,hamilton,HAM,Lewis Hamilton,Lewis_Hamilton,Mercedes,8,6,6,8,57,Finished,7.0,54.0,1:31.233,213.554
2024,6,Miami Grand Prix,miami,Miami International Autodrome,Miami,USA,2024-05-05,temporary_non_street,sprint,tsunoda,TSU,Yuki Tsunoda,Yuki_Tsunoda,RB F1 Team,10,7,7,6,57,Finished,10.0,55.0,1:31.682,212.508
2024,6,Miami Grand Prix,miami,Miami International Autodrome,Miami,USA,2024-05-05,temporary_non_street,sprint,russell,RUS,George Russell,George_Russell,Mercedes,7,8,8,4,57,Finished,13.0,43.0,1:31.921,211.955
2024,6,Miami Grand Prix,miami,Miami International Autodrome,Miami,USA,2024-05-05,temporary_non_street,sprint,alonso,ALO,Fernando Alonso,Fernando_Alonso,Aston Martin,15,9,9,2,57,Finished,11.0,55.0,1:31.727,212.404
2024,6,Miami Grand Prix,miami,Miami International Autodrome,Miami,USA,2024-05-05,temporary_non_street,sprint,ocon,OCO,Esteban Ocon,Esteban_Ocon,Alpine F1 Team,13,10,10,1,57,Finished,16.0,51.0,1:32.037,211.688
2024,6,Miami Grand Prix,miami,Miami International Autodrome,Miami,USA,2024-05-05,temporary_non_street,sprint,hulkenberg,HUL,Nico Hülkenberg,Nico_Hulkenberg,Haas F1 Team,9,11,11,0,57,Finished,14.0,56.0,1:31.941,211.909
2024,6,Miami Grand Prix,miami,Miami International Autodrome,Miami,USA,2024-05-05,temporary_non_street,sprint,gasly,GAS,Pierre Gasly,Pierre_Gasly,Alpine F1 Team,12,12,12,0,57,Finished,17.0,56.0,1:32.055,211.647
2024,6,Miami Grand Prix,miami,Miami International Autodrome,Miami,USA,2024-05-05,temporary_non_street,sprint,piastri,PIA,Oscar Piastri,Oscar_Piastri,McLaren,6,13,13,0,57,Finished,1.0,43.0,1:30.634,214.965
2024,6,Miami Grand Prix,miami,Miami International Autodrome,Miami,USA,2024-05-05,temporary_non_street,sprint,zhou,ZHO,Guanyu Zhou,Guanyu_Zhou,Sauber,19,14,14,0,57,Finished,15.0,56.0,1:31.991,211.794
2024,6,Miami Grand Prix,miami,Miami International Autodrome,Miami,USA,2024-05-05,temporary_non_street,sprint,ricciardo,RIC,Daniel Ricciardo,Daniel_Ricciardo,RB F1 Team,20,15,15,0,57,Finished,19.0,57.0,1:32.122,211.493
2024,6,Miami Grand Prix,miami,Miami International Autodrome,Miami,USA,2024-05-05,temporary_non_street,sprint,bottas,BOT,Valtteri Bottas,Valtteri_Bottas,Sauber,16,16,16,0,57,Finished,18.0,55.0,1:32.098,211.548
2024,6,Miami Grand Prix,miami,Miami International Autodrome,Miami,USA,2024-05-05,temporary_non_street,sprint,stroll,STR,Lance Stroll,Lance_Stroll,Aston Martin,11,17,17,0,57,Finished,9.0,57.0,1:31.588,212.726
2024,6,Miami Grand Prix,miami,Miami International Autodrome,Miami,USA,2024-05-05,temporary_non_street,sprint,albon,ALB,Alexander Albon,Alexander_Albon,Williams,14,18,18,0,57,Finished,2.0,55.0,1:30.849,214.456
2024,6,Miami Grand Prix,miami,Miami International Autodrome,Miami,USA,2024-05-05,temporary_non_street,sprint,kevin_magnussen,MAG,Kevin Magnussen,Kevin_Magnussen,Haas F1 Team,18,19,19,0,57,Finished,12.0,33.0,1:31.774,212.295
2024,6,Miami Grand Prix,miami,Miami International Autodrome,Miami,USA,2024-05-05,temporary_non_street,sprint,sargeant,SAR,Logan Sargeant,Logan_Sargeant,Williams,17,20,R,0,27,Retired,20.0,15.0,1:33.452,208.483
2024,7,Emilia Romagna Grand Prix,imola,Autodromo Enzo e Dino Ferrari,Imola,Italy,2024-05-19,permanent,standard,max_verstappen,VER,Max Verstappen,Max_Verstappen,Red Bull,1,1,1,25,63,Finished,9.0,38.0,1:20.366,219.898
2024,7,Emilia Romagna Grand Prix,imola,Autodromo Enzo e Dino Ferrari,Imola,Italy,2024-05-19,permanent,standard,norris,NOR,Lando Norris,Lando_Norris,McLaren,2,2,2,18,63,Finished,6.0,54.0,1:19.994,220.921
2024,7,Emilia Romagna Grand Prix,imola,Autodromo Enzo e Dino Ferrari,Imola,Italy,2024-05-19,permanent,standard,leclerc,LEC,Charles Leclerc,Charles_Leclerc,Ferrari,3,3,3,15,63,Finished,5.0,27.0,1:19.935,221.084
2024,7,Emilia Romagna Grand Prix,imola,Autodromo Enzo e Dino Ferrari,Imola,Italy,2024-05-19,permanent,standard,piastri,PIA,Oscar Piastri,Oscar_Piastri,McLaren,5,4,4,12,63,Finished,4.0,25.0,1:19.907,221.162
2024,7,Emilia Romagna Grand Prix,imola,Autodromo Enzo e Dino Ferrari,Imola,Italy,2024-05-19,permanent,standard,sainz,SAI,Carlos Sainz,Carlos_Sainz,Ferrari,4,5,5,10,63,Finished,7.0,63.0,1:20.220,220.299
2024,7,Emilia Romagna Grand Prix,imola,Autodromo Enzo e Dino Ferrari,Imola,Italy,2024-05-19,permanent,standard,hamilton,HAM,Lewis Hamilton,Lewis_Hamilton,Mercedes,8,6,6,8,63,Finished,8.0,43.0,1:20.331,219.994
2024,7,Emilia Romagna Grand Prix,imola,Autodromo Enzo e Dino Ferrari,Imola,Italy,2024-05-19,permanent,standard,russell,RUS,George Russell,George_Russell,Mercedes,6,7,7,7,63,Finished,1.0,54.0,1:18.589,224.871
2024,7,Emilia Romagna Grand Prix,imola,Autodromo Enzo e Dino Ferrari,Imola,Italy,2024-05-19,permanent,standard,perez,PER,Sergio Pérez,Sergio_Perez,Red Bull,11,8,8,4,63,Finished,3.0,52.0,1:19.686,221.775
2024,7,Emilia Romagna Grand Prix,imola,Autodromo Enzo e Dino Ferrari,Imola,Italy,2024-05-19,permanent,standard,stroll,STR,Lance Stroll,Lance_Stroll,Aston Martin,13,9,9,2,63,Finished,10.0,58.0,1:20.570,219.342
2024,7,Emilia Romagna Grand Prix,imola,Autodromo Enzo e Dino Ferrari,Imola,Italy,2024-05-19,permanent,standard,tsunoda,TSU,Yuki Tsunoda,Yuki_Tsunoda,RB F1 Team,7,10,10,1,62,Lapped,11.0,14.0,1:20.936,218.35
2024,7,Emilia Romagna Grand Prix,imola,Autodromo Enzo e Dino Ferrari,Imola,Italy,2024-05-19,permanent,standard,hulkenberg,HUL,Nico Hülkenberg,Nico_Hulkenberg,Haas F1 Team,10,11,11,0,62,Lapped,20.0,3.0,1:21.700,216.308
2024,7,Emilia Romagna Grand Prix,imola,Autodromo Enzo e Dino Ferrari,Imola,Italy,2024-05-19,permanent,standard,kevin_magnussen,MAG,Kevin Magnussen,Kevin_Magnussen,Haas F1 Team,18,12,12,0,62,Lapped,12.0,58.0,1:21.009,218.153
2024,7,Emilia Romagna Grand Prix,imola,Autodromo Enzo e Dino Ferrari,Imola,Italy,2024-05-19,permanent,standard,ricciardo,RIC,Daniel Ricciardo,Daniel_Ricciardo,RB F1 Team,9,13,13,0,62,Lapped,19.0,13.0,1:21.569,216.655
2024,7,Emilia Romagna Grand Prix,imola,Autodromo Enzo e Dino Ferrari,Imola,Italy,2024-05-19,permanent,standard,ocon,OCO,Esteban Ocon,Esteban_Ocon,Alpine F1 Team,12,14,14,0,62,Lapped,16.0,37.0,1:21.304,217.361
2024,7,Emilia Romagna Grand Prix,imola,Autodromo Enzo e Dino Ferrari,Imola,Italy,2024-05-19,permanent,standard,zhou,ZHO,Guanyu Zhou,Guanyu_Zhou,Sauber,17,15,15,0,62,Lapped,13.0,37.0,1:21.016,218.134
2024,7,Emilia Romagna Grand Prix,imola,Autodromo Enzo e Dino Ferrari,Imola,Italy,2024-05-19,permanent,standard,gasly,GAS,Pierre Gasly,Pierre_Gasly,Alpine F1 Team,15,16,16,0,62,Lapped,17.0,10.0,1:21.371,217.183
2024,7,Emilia Romagna Grand Prix,imola,Autodromo Enzo e Dino Ferrari,Imola,Italy,2024-05-19,permanent,standard,sargeant,SAR,Logan Sargeant,Logan_Sargeant,Williams,19,17,17,0,62,Lapped,14.0,55.0,1:21.229,217.562
2024,7,Emilia Romagna Grand Prix,imola,Autodromo Enzo e Dino Ferrari,Imola,Italy,2024-05-19,permanent,standard,bottas,BOT,Valtteri Bottas,Valtteri_Bottas,Sauber,16,18,18,0,62,Lapped,18.0,11.0,1:21.455,216.959
2024,7,Emilia Romagna Grand Prix,imola,Autodromo Enzo e Dino Ferrari,Imola,Italy,2024-05-19,permanent,standard,alonso,ALO,Fernando Alonso,Fernando_Alonso,Aston Martin,20,19,19,0,62,Lapped,2.0,62.0,1:19.004,223.689
2024,7,Emilia Romagna Grand Prix,imola,Autodromo Enzo e Dino Ferrari,Imola,Italy,2024-05-19,permanent,standard,albon,ALB,Alexander Albon,Alexander_Albon,Williams,14,20,R,0,51,Retired,15.0,48.0,1:21.274,217.442
2024,8,Monaco Grand Prix,monaco,Circuit de Monaco,Monte Carlo,Monaco,2024-05-26,street,standard,leclerc,LEC,Charles Leclerc,Charles_Leclerc,Ferrari,1,1,1,25,78,Finished,6.0,71.0,1:15.162,
2024,8,Monaco Grand Prix,monaco,Circuit de Monaco,Monte Carlo,Monaco,2024-05-26,street,standard,piastri,PIA,Oscar Piastri,Oscar_Piastri,McLaren,2,2,2,18,78,Finished,11.0,73.0,1:16.281,
2024,8,Monaco Grand Prix,monaco,Circuit de Monaco,Monte Carlo,Monaco,2024-05-26,street,standard,sainz,SAI,Carlos Sainz,Carlos_Sainz,Ferrari,3,3,3,15,78,Finished,5.0,62.0,1:14.726,
2024,8,Monaco Grand Prix,monaco,Circuit de Monaco,Monte Carlo,Monaco,2024-05-26,street,standard,norris,NOR,Lando Norris,Lando_Norris,McLaren,4,4,4,12,78,Finished,10.0,64.0,1:15.742,
2024,8,Monaco Grand Prix,monaco,Circuit de Monaco,Monte Carlo,Monaco,2024-05-26,street,standard,russell,RUS,George Russell,George_Russell,Mercedes,5,5,5,10,78,Finished,7.0,73.0,1:15.228,
2024,8,Monaco Grand Prix,monaco,Circuit de Monaco,Monte Carlo,Monaco,2024-05-26,street,standard,max_verstappen,VER,Max Verstappen,Max_Verstappen,Red Bull,6,6,6,8,78,Finished,2.0,58.0,1:14.569,
2024,8,Monaco Grand Prix,monaco,Circuit de Monaco,Monte Carlo,Monaco,2024-05-26,street,standard,hamilton,HAM,Lewis Hamilton,Lewis_Hamilton,Mercedes,7,7,7,7,78,Finished,1.0,63.0,1:14.165,
2024,8,Monaco Grand Prix,monaco,Circuit de Monaco,Monte Carlo,Monaco,2024-05-26,street,standard,tsunoda,TSU,Yuki Tsunoda,Yuki_Tsunoda,RB F1 Team,8,8,8,4,77,Lapped,4.0,77.0,1:14.720,
2024,8,Monaco Grand Prix,monaco,Circuit de Monaco,Monte Carlo,Monaco,2024-05-26,street,standard,albon,ALB,Alexander Albon,Alexander_Albon,Williams,9,9,9,2,77,Lapped,14.0,77.0,1:17.060,
2024,8,Monaco Grand Prix,monaco,Circuit de Monaco,Monte Carlo,Monaco,2024-05-26,street,standard,gasly,GAS,Pierre Gasly,Pierre_Gasly,Alpine F1 Team,10,10,10,1,77,Lapped,9.0,77.0,1:15.625,
2024,8,Monaco Grand Prix,monaco,Circuit de Monaco,Monte Carlo,Monaco,2024-05-26,street,standard,alonso,ALO,Fernando Alonso,Fernando_Alonso,Aston Martin,14,11,11,0,76,Lapped,16.0,68.0,1:17.939,
2024,8,Monaco Grand Prix,monaco,Circuit de Monaco,Monte Carlo,Monaco,2024-05-26,street,standard,ricciardo,RIC,Daniel Ricciardo,Daniel_Ricciardo,RB F1 Team,12,12,12,0,76,Lapped,15.0,46.0,1:17.172,
2024,8,Monaco Grand Prix,monaco,Circuit de Monaco,Monte Carlo,Monaco,2024-05-26,street,standard,bottas,BOT,Valtteri Bottas,Valtteri_Bottas,Sauber,17,13,13,0,76,Lapped,12.0,17.0,1:16.561,
2024,8,Monaco Grand Prix,monaco,Circuit de Monaco,Monte Carlo,Monaco,2024-05-26,street,standard,stroll,STR,Lance Stroll,Lance_Stroll,Aston Martin,13,14,14,0,76,Lapped,13.0,59.0,1:16.710,
2024,8,Monaco Grand Prix,monaco,Circuit de Monaco,Monte Carlo,Monaco,2024-05-26,street,standard,sargeant,SAR,Logan Sargeant,Logan_Sargeant,Williams,15,15,15,0,76,Lapped,8.0,62.0,1:15.525,
2024,8,Monaco Grand Prix,monaco,Circuit de Monaco,Monte Carlo,Monaco,2024-05-26,street,standard,zhou,ZHO,Guanyu Zhou,Guanyu_Zhou,Sauber,18,16,16,0,76,Lapped,3.0,75.0,1:14.718,
2024,8,Monaco Grand Prix,monaco,Circuit de Monaco,Monte Carlo,Monaco,2024-05-26,street,standard,ocon,OCO,Esteban Ocon,Esteban_Ocon,Alpine F1 Team,11,17,R,0,0,Retired,,,,
2024,8,Monaco Grand Prix,monaco,Circuit de Monaco,Monte Carlo,Monaco,2024-05-26,street,standard,perez,PER,Sergio Pérez,Sergio_Perez,Red Bull,16,18,R,0,0,Retired,,,,
2024,8,Monaco Grand Prix,monaco,Circuit de Monaco,Monte Carlo,Monaco,2024-05-26,street,standard,hulkenberg,HUL,Nico Hülkenberg,Nico_Hulkenberg,Haas F1 Team,19,19,R,0,0,Retired,,,,
2024,8,Monaco Grand Prix,monaco,Circuit de Monaco,Monte Carlo,Monaco,2024-05-26,street,standard,kevin_magnussen,MAG,Kevin Magnussen,Kevin_Magnussen,Haas F1 Team,20,20,R,0,0,Retired,,,,
2024,9,Canadian Grand Prix,villeneuve,Circuit Gilles Villeneuve,Montreal,Canada,2024-06-09,temporary_non_street,standard,max_verstappen,VER,Max Verstappen,Max_Verstappen,Red Bull,2,1,1,25,70,Finished,4.0,70.0,1:15.569,207.751
2024,9,Canadian Grand Prix,villeneuve,Circuit Gilles Villeneuve,Montreal,Canada,2024-06-09,temporary_non_street,standard,norris,NOR,Lando Norris,Lando_Norris,McLaren,3,2,2,18,70,Finished,3.0,67.0,1:15.558,207.782
2024,9,Canadian Grand Prix,villeneuve,Circuit Gilles Villeneuve,Montreal,Canada,2024-06-09,temporary_non_street,standard,russell,RUS,George Russell,George_Russell,Mercedes,1,3,3,15,70,Finished,2.0,70.0,1:14.895,209.621
2024,9,Canadian Grand Prix,villeneuve,Circuit Gilles Villeneuve,Montreal,Canada,2024-06-09,temporary_non_street,standard,hamilton,HAM,Lewis Hamilton,Lewis_Hamilton,Mercedes,7,4,4,13,70,Finished,1.0,70.0,1:14.856,209.73
2024,9,Canadian Grand Prix,villeneuve,Circuit Gilles Villeneuve,Montreal,Canada,2024-06-09,temporary_non_street,standard,piastri,PIA,Oscar Piastri,Oscar_Piastri,McLaren,4,5,5,10,70,Finished,5.0,65.0,1:16.247,205.904
2024,9,Canadian Grand Prix,villeneuve,Circuit Gilles Villeneuve,Montreal,Canada,2024-06-09,temporary_non_street,standard,alonso,ALO,Fernando Alonso,Fernando_Alonso,Aston Martin,6,6,6,8,70,Finished,6.0,70.0,1:16.303,205.753
2024,9,Canadian Grand Prix,villeneuve,Circuit Gilles Villeneuve,Montreal,Canada,2024-06-09,temporary_non_street,standard,stroll,STR,Lance Stroll,Lance_Stroll,Aston Martin,9,7,7,6,70,Finished,9.0,70.0,1:16.762,204.523
2024,9,Canadian Grand Prix,villeneuve,Circuit Gilles Villeneuve,Montreal,Canada,2024-06-09,temporary_non_street,standard,ricciardo,RIC,Daniel Ricciardo,Daniel_Ricciardo,RB F1 Team,5,8,8,4,70,Finished,12.0,68.0,1:17.076,203.689
2024,9,Canadian Grand Prix,villeneuve,Circuit Gilles Villeneuve,Montreal,Canada,2024-06-09,temporary_non_street,standard,gasly,GAS,Pierre Gasly,Pierre_Gasly,Alpine F1 Team,15,9,9,2,70,Finished,11.0,70.0,1:17.013,203.856
2024,9,Canadian Grand Prix,villeneuve,Circuit Gilles Villeneuve,Montreal,Canada,2024-06-09,temporary_non_street,standard,ocon,OCO,Esteban Ocon,Esteban_Ocon,Alpine F1 Team,18,10,10,1,70,Finished,10.0,70.0,1:17.012,203.859
2024,9,Canadian Grand Prix,villeneuve,Circuit Gilles Villeneuve,Montreal,Canada,2024-06-09,temporary_non_street,standard,hulkenberg,HUL,Nico Hülkenberg,Nico_Hulkenberg,Haas F1 Team,17,11,11,0,70,Finished,8.0,67.0,1:16.683,204.733
2024,9,Canadian Grand Prix,villeneuve,Circuit Gilles Villeneuve,Montreal,Canada,2024-06-09,temporary_non_street,standard,kevin_magnussen,MAG,Kevin Magnussen,Kevin_Magnussen,Haas F1 Team,14,12,12,0,70,Finished,7.0,68.0,1:16.499,205.226
2024,9,Canadian Grand Prix,villeneuve,Circuit Gilles Villeneuve,Montreal,Canada,2024-06-09,temporary_non_street,standard,bottas,BOT,Valtteri Bottas,Valtteri_Bottas,Sauber,19,13,13,0,70,Finished,13.0,65.0,1:17.250,203.231
2024,9,Canadian Grand Prix,villeneuve,Circuit Gilles Villeneuve,Montreal,Canada,2024-06-09,temporary_non_street,standard,tsunoda,TSU,Yuki Tsunoda,Yuki_Tsunoda,RB F1 Team,8,14,14,0,70,Finished,14.0,70.0,1:17.309,203.075
2024,9,Canadian Grand Prix,villeneuve,Circuit Gilles Villeneuve,Montreal,Canada,2024-06-09,temporary_non_street,standard,zhou,ZHO,Guanyu Zhou,Guanyu_Zhou,Sauber,20,15,15,0,69,Lapped,15.0,68.0,1:17.325,203.033
2024,9,Canadian Grand Prix,villeneuve,Circuit Gilles Villeneuve,Montreal,Canada,2024-06-09,temporary_non_street,standard,sainz,SAI,Carlos Sainz,Carlos_Sainz,Ferrari,12,16,R,0,52,Retired,17.0,51.0,1:18.957,198.837
2024,9,Canadian Grand Prix,villeneuve,Circuit Gilles Villeneuve,Montreal,Canada,2024-06-09,temporary_non_street,standard,albon,ALB,Alexander Albon,Alexander_Albon,Williams,10,17,R,0,52,Retired,18.0,51.0,1:19.359,197.83
2024,9,Canadian Grand Prix,villeneuve,Circuit Gilles Villeneuve,Montreal,Canada,2024-06-09,temporary_non_street,standard,perez,PER,Sergio Pérez,Sergio_Perez,Red Bull,16,18,R,0,51,Retired,16.0,51.0,1:18.819,199.185
2024,9,Canadian Grand Prix,villeneuve,Circuit Gilles Villeneuve,Montreal,Canada,2024-06-09,temporary_non_street,standard,leclerc,LEC,Charles Leclerc,Charles_Leclerc,Ferrari,11,19,R,0,40,Retired,19.0,39.0,1:26.012,182.528
2024,9,Canadian Grand Prix,villeneuve,Circuit Gilles Villeneuve,Montreal,Canada,2024-06-09,temporary_non_street,standard,sargeant,SAR,Logan Sargeant,Logan_Sargeant,Williams,13,20,R,0,23,Retired,20.0,19.0,1:26.484,181.531
2024,10,Spanish Grand Prix,catalunya,Circuit de Barcelona-Catalunya,Barcelona,Spain,2024-06-23,permanent,standard,max_verstappen,VER,Max Verstappen,Max_Verstappen,Red Bull,2,1,1,25,66,Finished,2.0,54.0,1:17.776,215.557
2024,10,Spanish Grand Prix,catalunya,Circuit de Barcelona-Catalunya,Barcelona,Spain,2024-06-23,permanent,standard,norris,NOR,Lando Norris,Lando_Norris,McLaren,1,2,2,19,66,Finished,1.0,51.0,1:17.115,217.405
2024,10,Spanish Grand Prix,catalunya,Circuit de Barcelona-Catalunya,Barcelona,Spain,2024-06-23,permanent,standard,hamilton,HAM,Lewis Hamilton,Lewis_Hamilton,Mercedes,3,3,3,15,66,Finished,4.0,46.0,1:17.809,215.466
2024,10,Spanish Grand Prix,catalunya,Circuit de Barcelona-Catalunya,Barcelona,Spain,2024-06-23,permanent,standard,russell,RUS,George Russell,George_Russell,Mercedes,4,4,4,12,66,Finished,7.0,50.0,1:18.290,214.142
2024,10,Spanish Grand Prix,catalunya,Circuit de Barcelona-Catalunya,Barcelona,Spain,2024-06-23,permanent,standard,leclerc,LEC,Charles Leclerc,Charles_Leclerc,Ferrari,5,5,5,10,66,Finished,6.0,52.0,1:17.897,215.222
2024,10,Spanish Grand Prix,catalunya,Circuit de Barcelona-Catalunya,Barcelona,Spain,2024-06-23,permanent,standard,sainz,SAI,Carlos Sainz,Carlos_Sainz,Ferrari,6,6,6,8,66,Finished,9.0,39.0,1:18.539,213.463
2024,10,Spanish Grand Prix,catalunya,Circuit de Barcelona-Catalunya,Barcelona,Spain,2024-06-23,permanent,standard,piastri,PIA,Oscar Piastri,Oscar_Piastri,McLaren,9,7,7,6,66,Finished,5.0,56.0,1:17.874,215.286
2024,10,Spanish Grand Prix,catalunya,Circuit de Barcelona-Catalunya,Barcelona,Spain,2024-06-23,permanent,standard,perez,PER,Sergio Pérez,Sergio_Perez,Red Bull,11,8,8,4,66,Finished,3.0,51.0,1:17.785,215.532
2024,10,Spanish Grand Prix,catalunya,Circuit de Barcelona-Catalunya,Barcelona,Spain,2024-06-23,permanent,standard,gasly,GAS,Pierre Gasly,Pierre_Gasly,Alpine F1 Team,7,9,9,2,66,Finished,13.0,51.0,1:19.045,212.096
2024,10,Spanish Grand Prix,catalunya,Circuit de Barcelona-Catalunya,Barcelona,Spain,2024-06-23,permanent,standard,ocon,OCO,Esteban Ocon,Esteban_Ocon,Alpine F1 Team,8,10,10,1,66,Finished,12.0,54.0,1:18.982,212.266
2024,10,Spanish Grand Prix,catalunya,Circuit de Barcelona-Catalunya,Barcelona,Spain,2024-06-23,permanent,standard,hulkenberg,HUL,Nico Hülkenberg,Nico_Hulkenberg,Haas F1 Team,13,11,11,0,66,Finished,10.0,49.0,1:18.609,213.273
2024,10,Spanish Grand Prix,catalunya,Circuit de Barcelona-Catalunya,Barcelona,Spain,2024-06-23,permanent,standard,alonso,ALO,Fernando Alonso,Fernando_Alonso,Aston Martin,10,12,12,0,65,Lapped,8.0,50.0,1:18.334,214.022
2024,10,Spanish Grand Prix,catalunya,Circuit de Barcelona-Catalunya,Barcelona,Spain,2024-06-23,permanent,standard,zhou,ZHO,Guanyu Zhou,Guanyu_Zhou,Sauber,15,13,13,0,65,Lapped,11.0,50.0,1:18.771,212.834
2024,10,Spanish Grand Prix,catalunya,Circuit de Barcelona-Catalunya,Barcelona,Spain,2024-06-23,permanent,standard,stroll,STR,Lance Stroll,Lance_Stroll,Aston Martin,14,14,14,0,65,Lapped,15.0,50.0,1:19.318,211.366
2024,10,Spanish Grand Prix,catalunya,Circuit de Barcelona-Catalunya,Barcelona,Spain,2024-06-23,permanent,standard,ricciardo,RIC,Daniel Ricciardo,Daniel_Ricciardo,RB F1 Team,18,15,15,0,65,Lapped,17.0,61.0,1:19.450,211.015
2024,10,Spanish Grand Prix,catalunya,Circuit de Barcelona-Catalunya,Barcelona,Spain,2024-06-23,permanent,standard,bottas,BOT,Valtteri Bottas,Valtteri_Bottas,Sauber,12,16,16,0,65,Lapped,18.0,13.0,1:19.608,210.596
2024,10,Spanish Grand Prix,catalunya,Circuit de Barcelona-Catalunya,Barcelona,Spain,2024-06-23,permanent,standard,kevin_magnussen,MAG,Kevin Magnussen,Kevin_Magnussen,Haas F1 Team,16,17,17,0,65,Lapped,19.0,33.0,1:19.805,210.077
2024,10,Spanish Grand Prix,catalunya,Circuit de Barcelona-Catalunya,Barcelona,Spain,2024-06-23,permanent,standard,albon,ALB,Alexander Albon,Alexander_Albon,Williams,20,18,18,0,65,Lapped,14.0,45.0,1:19.132,211.863
2024,10,Spanish Grand Prix,catalunya,Circuit de Barcelona-Catalunya,Barcelona,Spain,2024-06-23,permanent,standard,tsunoda,TSU,Yuki Tsunoda,Yuki_Tsunoda,RB F1 Team,17,19,19,0,65,Lapped,16.0,56.0,1:19.447,211.023
2024,10,Spanish Grand Prix,catalunya,Circuit de Barcelona-Catalunya,Barcelona,Spain,2024-06-23,permanent,standard,sargeant,SAR,Logan Sargeant,Logan_Sargeant,Williams,19,20,20,0,64,Lapped,20.0,38.0,1:20.172,209.115
2024,11,Austrian Grand Prix,red_bull_ring,Red Bull Ring,Spielberg,Austria,2024-06-30,permanent,sprint,russell,RUS,George Russell,George_Russell,Mercedes,3,1,1,25,71,Finished,5.0,48.0,1:09.164,224.752
2024,11,Austrian Grand Prix,red_bull_ring,Red Bull Ring,Spielberg,Austria,2024-06-30,permanent,sprint,piastri,PIA,Oscar Piastri,Oscar_Piastri,McLaren,7,2,2,18,71,Finished,4.0,56.0,1:08.697,226.28
2024,11,Austrian Grand Prix,red_bull_ring,Red Bull Ring,Spielberg,Austria,2024-06-30,permanent,sprint,sainz,SAI,Carlos Sainz,Carlos_Sainz,Ferrari,4,3,3,15,71,Finished,6.0,56.0,1:09.282,224.369
2024,11,Austrian Grand Prix,red_bull_ring,Red Bull Ring,Spielberg,Austria,2024-06-30,permanent,sprint,hamilton,HAM,Lewis Hamilton,Lewis_Hamilton,Mercedes,5,4,4,12,71,Finished,7.0,61.0,1:09.562,223.466
2024,11,Austrian Grand Prix,red_bull_ring,Red Bull Ring,Spielberg,Austria,2024-06-30,permanent,sprint,max_verstappen,VER,Max Verstappen,Max_Verstappen,Red Bull,1,5,5,10,71,Finished,2.0,68.0,1:07.719,229.548
2024,11,Austrian Grand Prix,red_bull_ring,Red Bull Ring,Spielberg,Austria,2024-06-30,permanent,sprint,hulkenberg,HUL,Nico Hülkenberg,Nico_Hulkenberg,Haas F1 Team,9,6,6,8,71,Finished,14.0,51.0,1:10.215,221.388
2024,11,Austrian Grand Prix,red_bull_ring,Red Bull Ring,Spielberg,Austria,2024-06-30,permanent,sprint,perez,PER,Sergio Pérez,Sergio_Perez,Red Bull,8,7,7,6,71,Finished,11.0,56.0,1:09.694,223.043
2024,11,Austrian Grand Prix,red_bull_ring,Red Bull Ring,Spielberg,Austria,2024-06-30,permanent,sprint,kevin_magnussen,MAG,Kevin Magnussen,Kevin_Magnussen,Haas F1 Team,12,8,8,4,71,Finished,12.0,45.0,1:10.125,221.672
2024,11,Austrian Grand Prix,red_bull_ring,Red Bull Ring,Spielberg,Austria,2024-06-30,permanent,sprint,ricciardo,RIC,Daniel Ricciardo,Daniel_Ricciardo,RB F1 Team,11,9,9,2,71,Finished,18.0,49.0,1:10.426,220.725
2024,11,Austrian Grand Prix,red_bull_ring,Red Bull Ring,Spielberg,Austria,2024-06-30,permanent,sprint,gasly,GAS,Pierre Gasly,Pierre_Gasly,Alpine F1 Team,13,10,10,1,71,Finished,9.0,45.0,1:09.609,223.315
2024,11,Austrian Grand Prix,red_bull_ring,Red Bull Ring,Spielberg,Austria,2024-06-30,permanent,sprint,leclerc,LEC,Charles Leclerc,Charles_Leclerc,Ferrari,6,11,11,0,71,Finished,8.0,55.0,1:09.584,223.396
2024,11,Austrian Grand Prix,red_bull_ring,Red Bull Ring,Spielberg,Austria,2024-06-30,permanent,sprint,ocon,OCO,Esteban Ocon,Esteban_Ocon,Alpine F1 Team,10,12,12,0,71,Finished,10.0,45.0,1:09.649,223.187
2024,11,Austrian Grand Prix,red_bull_ring,Red Bull Ring,Spielberg,Austria,2024-06-30,permanent,sprint,stroll,STR,Lance Stroll,Lance_Stroll,Aston Martin,17,13,13,0,70,Lapped,13.0,54.0,1:10.143,221.615
2024,11,Austrian Grand Prix,red_bull_ring,Red Bull Ring,Spielberg,Austria,2024-06-30,permanent,sprint,tsunoda,TSU,Yuki Tsunoda,Yuki_Tsunoda,RB F1 Team,14,14,14,0,70,Lapped,15.0,54.0,1:10.318,221.064
2024,11,Austrian Grand Prix,red_bull_ring,Red Bull Ring,Spielberg,Austria,2024-06-30,permanent,sprint,albon,ALB,Alexander Albon,Alexander_Albon,Williams,16,15,15,0,70,Lapped,16.0,41.0,1:10.364,220.919
2024,11,Austrian Grand Prix,red_bull_ring,Red Bull Ring,Spielberg,Austria,2024-06-30,permanent,sprint,bottas,BOT,Valtteri Bottas,Valtteri_Bottas,Sauber,18,16,16,0,70,Lapped,19.0,48.0,1:10.449,220.653
2024,11,Austrian Grand Prix,red_bull_ring,Red Bull Ring,Spielberg,Austria,2024-06-30,permanent,sprint,zhou,ZHO,Guanyu Zhou,Guanyu_Zhou,Sauber,20,17,17,0,70,Lapped,20.0,54.0,1:10.470,220.587
2024,11,Austrian Grand Prix,red_bull_ring,Red Bull Ring,Spielberg,Austria,2024-06-30,permanent,sprint,alonso,ALO,Fernando Alonso,Fernando_Alonso,Aston Martin,15,18,18,0,70,Lapped,1.0,70.0,1:07.694,229.633
2024,11,Austrian Grand Prix,red_bull_ring,Red Bull Ring,Spielberg,Austria,2024-06-30,permanent,sprint,sargeant,SAR,Logan Sargeant,Logan_Sargeant,Williams,19,19,19,0,69,Lapped,17.0,60.0,1:10.406,220.788
2024,11,Austrian Grand Prix,red_bull_ring,Red Bull Ring,Spielberg,Austria,2024-06-30,permanent,sprint,norris,NOR,Lando Norris,Lando_Norris,McLaren,2,20,20,0,64,Lapped,3.0,53.0,1:08.016,228.546
2024,12,British Grand Prix,silverstone,Silverstone Circuit,Silverstone,UK,2024-07-07,permanent,standard,hamilton,HAM,Lewis Hamilton,Lewis_Hamilton,Mercedes,2,1,1,25,52,Finished,5.0,45.0,1:29.438,237.12
2024,12,British Grand Prix,silverstone,Silverstone Circuit,Silverstone,UK,2024-07-07,permanent,standard,max_verstappen,VER,Max Verstappen,Max_Verstappen,Red Bull,4,2,2,18,52,Finished,3.0,48.0,1:28.952,238.416
2024,12,British Grand Prix,silverstone,Silverstone Circuit,Silverstone,UK,2024-07-07,permanent,standard,norris,NOR,Lando Norris,Lando_Norris,McLaren,3,3,3,15,52,Finished,4.0,43.0,1:29.262,237.588
2024,12,British Grand Prix,silverstone,Silverstone Circuit,Silverstone,UK,2024-07-07,permanent,standard,piastri,PIA,Oscar Piastri,Oscar_Piastri,McLaren,5,4,4,12,52,Finished,2.0,51.0,1:28.748,238.964
2024,12,British Grand Prix,silverstone,Silverstone Circuit,Silverstone,UK,2024-07-07,permanent,standard,sainz,SAI,Carlos Sainz,Carlos_Sainz,Ferrari,7,5,5,11,52,Finished,1.0,52.0,1:28.293,240.195
2024,12,British Grand Prix,silverstone,Silverstone Circuit,Silverstone,UK,2024-07-07,permanent,standard,hulkenberg,HUL,Nico Hülkenberg,Nico_Hulkenberg,Haas F1 Team,6,6,6,8,52,Finished,10.0,43.0,1:29.836,236.07
2024,12,British Grand Prix,silverstone,Silverstone Circuit,Silverstone,UK,2024-07-07,permanent,standard,stroll,STR,Lance Stroll,Lance_Stroll,Aston Martin,8,7,7,6,52,Finished,11.0,46.0,1:29.897,235.909
2024,12,British Grand Prix,silverstone,Silverstone Circuit,Silverstone,UK,2024-07-07,permanent,standard,alonso,ALO,Fernando Alonso,Fernando_Alonso,Aston Martin,10,8,8,4,52,Finished,7.0,47.0,1:29.710,236.401
2024,12,British Grand Prix,silverstone,Silverstone Circuit,Silverstone,UK,2024-07-07,permanent,standard,albon,ALB,Alexander Albon,Alexander_Albon,Williams,9,9,9,2,52,Finished,8.0,52.0,1:29.718,236.38
2024,12,British Grand Prix,silverstone,Silverstone Circuit,Silverstone,UK,2024-07-07,permanent,standard,tsunoda,TSU,Yuki Tsunoda,Yuki_Tsunoda,RB F1 Team,13,10,10,1,52,Finished,14.0,43.0,1:30.229,235.041
2024,12,British Grand Prix,silverstone,Silverstone Circuit,Silverstone,UK,2024-07-07,permanent,standard,sargeant,SAR,Logan Sargeant,Logan_Sargeant,Williams,12,11,11,0,52,Finished,12.0,42.0,1:29.972,235.713
2024,12,British Grand Prix,silverstone,Silverstone Circuit,Silverstone,UK,2024-07-07,permanent,standard,kevin_magnussen,MAG,Kevin Magnussen,Kevin_Magnussen,Haas F1 Team,17,12,12,0,52,Finished,13.0,42.0,1:30.093,235.396
2024,12,British Grand Prix,silverstone,Silverstone Circuit,Silverstone,UK,2024-07-07,permanent,standard,ricciardo,RIC,Daniel Ricciardo,Daniel_Ricciardo,RB F1 Team,15,13,13,0,51,Lapped,15.0,47.0,1:30.735,233.731
2024,12,British Grand Prix,silverstone,Silverstone Circuit,Silverstone,UK,2024-07-07,permanent,standard,leclerc,LEC,Charles Leclerc,Charles_Leclerc,Ferrari,11,14,14,0,51,Lapped,9.0,43.0,1:29.748,236.301
2024,12,British Grand Prix,silverstone,Silverstone Circuit,Silverstone,UK,2024-07-07,permanent,standard,bottas,BOT,Valtteri Bottas,Valtteri_Bottas,Sauber,16,15,15,0,51,Lapped,18.0,44.0,1:31.277,232.343
2024,12,British Grand Prix,silverstone,Silverstone Circuit,Silverstone,UK,2024-07-07,permanent,standard,ocon,OCO,Esteban Ocon,Esteban_Ocon,Alpine F1 Team,18,16,16,0,50,Lapped,16.0,46.0,1:30.875,233.371
2024,12,British Grand Prix,silverstone,Silverstone Circuit,Silverstone,UK,2024-07-07,permanent,standard,perez,PER,Sergio Pérez,Sergio_Perez,Red Bull,20,17,17,0,50,Lapped,6.0,50.0,1:29.707,236.409
2024,12,British Grand Prix,silverstone,Silverstone Circuit,Silverstone,UK,2024-07-07,permanent,standard,zhou,ZHO,Guanyu Zhou,Guanyu_Zhou,Sauber,14,18,18,0,50,Lapped,17.0,43.0,1:31.014,233.014
2024,12,British Grand Prix,silverstone,Silverstone Circuit,Silverstone,UK,2024-07-07,permanent,standard,russell,RUS,George Russell,George_Russell,Mercedes,1,19,R,0,33,Retired,19.0,3.0,1:31.298,232.289
2024,12,British Grand Prix,silverstone,Silverstone Circuit,Silverstone,UK,2024-07-07,permanent,standard,gasly,GAS,Pierre Gasly,Pierre_Gasly,Alpine F1 Team,19,20,W,0,0,Did not start,,,,
2024,13,Hungarian Grand Prix,hungaroring,Hungaroring,Budapest,Hungary,2024-07-21,permanent,standard,piastri,PIA,Oscar Piastri,Oscar_Piastri,McLaren,2,1,1,25,70,Finished,8.0,51.0,1:21.716,193.005
2024,13,Hungarian Grand Prix,hungaroring,Hungaroring,Budapest,Hungary,2024-07-21,permanent,standard,norris,NOR,Lando Norris,Lando_Norris,McLaren,1,2,2,18,70,Finished,7.0,50.0,1:21.712,193.014
2024,13,Hungarian Grand Prix,hungaroring,Hungaroring,Budapest,Hungary,2024-07-21,permanent,standard,hamilton,HAM,Lewis Hamilton,Lewis_Hamilton,Mercedes,5,3,3,15,70,Finished,9.0,54.0,1:22.153,191.978
2024,13,Hungarian Grand Prix,hungaroring,Hungaroring,Budapest,Hungary,2024-07-21,permanent,standard,leclerc,LEC,Charles Leclerc,Charles_Leclerc,Ferrari,6,4,4,12,70,Finished,10.0,29.0,1:22.182,191.91
2024,13,Hungarian Grand Prix,hungaroring,Hungaroring,Budapest,Hungary,2024-07-21,permanent,standard,max_verstappen,VER,Max Verstappen,Max_Verstappen,Red Bull,3,5,5,10,70,Finished,3.0,51.0,1:20.908,194.932
2024,13,Hungarian Grand Prix,hungaroring,Hungaroring,Budapest,Hungary,2024-07-21,permanent,standard,sainz,SAI,Carlos Sainz,Carlos_Sainz,Ferrari,4,6,6,8,70,Finished,5.0,53.0,1:21.441,193.656
2024,13,Hungarian Grand Prix,hungaroring,Hungaroring,Budapest,Hungary,2024-07-21,permanent,standard,perez,PER,Sergio Pérez,Sergio_Perez,Red Bull,16,7,7,6,70,Finished,4.0,49.0,1:21.096,194.48
2024,13,Hungarian Grand Prix,hungaroring,Hungaroring,Budapest,Hungary,2024-07-21,permanent,standard,russell,RUS,George Russell,George_Russell,Mercedes,17,8,8,5,70,Finished,1.0,55.0,1:20.305,196.396
2024,13,Hungarian Grand Prix,hungaroring,Hungaroring,Budapest,Hungary,2024-07-21,permanent,standard,tsunoda,TSU,Yuki Tsunoda,Yuki_Tsunoda,RB F1 Team,10,9,9,2,70,Finished,18.0,57.0,1:23.533,188.806
2024,13,Hungarian Grand Prix,hungaroring,Hungaroring,Budapest,Hungary,2024-07-21,permanent,standard,stroll,STR,Lance Stroll,Lance_Stroll,Aston Martin,8,10,10,1,70,Finished,11.0,48.0,1:22.338,191.547
2024,13,Hungarian Grand Prix,hungaroring,Hungaroring,Budapest,Hungary,2024-07-21,permanent,standard,alonso,ALO,Fernando Alonso,Fernando_Alonso,Aston Martin,7,11,11,0,70,Finished,14.0,52.0,1:23.063,189.875
2024,13,Hungarian Grand Prix,hungaroring,Hungaroring,Budapest,Hungary,2024-07-21,permanent,standard,ricciardo,RIC,Daniel Ricciardo,Daniel_Ricciardo,RB F1 Team,9,12,12,0,69,Lapped,12.0,30.0,1:22.640,190.847
2024,13,Hungarian Grand Prix,hungaroring,Hungaroring,Budapest,Hungary,2024-07-21,permanent,standard,hulkenberg,HUL,Nico Hülkenberg,Nico_Hulkenberg,Haas F1 Team,11,13,13,0,69,Lapped,16.0,54.0,1:23.461,188.969
2024,13,Hungarian Grand Prix,hungaroring,Hungaroring,Budapest,Hungary,2024-07-21,permanent,standard,albon,ALB,Alexander Albon,Alexander_Albon,Williams,13,14,14,0,69,Lapped,20.0,31.0,1:23.930,187.913
2024,13,Hungarian Grand Prix,hungaroring,Hungaroring,Budapest,Hungary,2024-07-21,permanent,standard,kevin_magnussen,MAG,Kevin Magnussen,Kevin_Magnussen,Haas F1 Team,15,15,15,0,69,Lapped,19.0,50.0,1:23.553,188.761
2024,13,Hungarian Grand Prix,hungaroring,Hungaroring,Budapest,Hungary,2024-07-21,permanent,standard,bottas,BOT,Valtteri Bottas,Valtteri_Bottas,Sauber,12,16,16,0,69,Lapped,13.0,52.0,1:22.792,190.496
2024,13,Hungarian Grand Prix,hungaroring,Hungaroring,Budapest,Hungary,2024-07-21,permanent,standard,sargeant,SAR,Logan Sargeant,Logan_Sargeant,Williams,14,17,17,0,69,Lapped,2.0,65.0,1:20.561,195.772
2024,13,Hungarian Grand Prix,hungaroring,Hungaroring,Budapest,Hungary,2024-07-21,permanent,standard,ocon,OCO,Esteban Ocon,Esteban_Ocon,Alpine F1 Team,19,18,18,0,69,Lapped,6.0,66.0,1:21.610,193.255
2024,13,Hungarian Grand Prix,hungaroring,Hungaroring,Budapest,Hungary,2024-07-21,permanent,standard,zhou,ZHO,Guanyu Zhou,Guanyu_Zhou,Sauber,18,19,19,0,69,Lapped,17.0,38.0,1:23.487,188.91
2024,13,Hungarian Grand Prix,hungaroring,Hungaroring,Budapest,Hungary,2024-07-21,permanent,standard,gasly,GAS,Pierre Gasly,Pierre_Gasly,Alpine F1 Team,20,20,R,0,33,Retired,15.0,31.0,1:23.340,189.244
2024,14,Belgian Grand Prix,spa,Circuit de Spa-Francorchamps,Spa,Belgium,2024-07-28,permanent,standard,hamilton,HAM,Lewis Hamilton,Lewis_Hamilton,Mercedes,3,1,1,25,44,Finished,6.0,33.0,1:46.653,236.415
2024,14,Belgian Grand Prix,spa,Circuit de Spa-Francorchamps,Spa,Belgium,2024-07-28,permanent,standard,piastri,PIA,Oscar Piastri,Oscar_Piastri,McLaren,5,2,2,18,44,Finished,3.0,32.0,1:45.840,238.231
2024,14,Belgian Grand Prix,spa,Circuit de Spa-Francorchamps,Spa,Belgium,2024-07-28,permanent,standard,leclerc,LEC,Charles Leclerc,Charles_Leclerc,Ferrari,1,3,3,15,44,Finished,8.0,33.0,1:47.013,235.619
2024,14,Belgian Grand Prix,spa,Circuit de Spa-Francorchamps,Spa,Belgium,2024-07-28,permanent,standard,max_verstappen,VER,Max Verstappen,Max_Verstappen,Red Bull,11,4,4,12,44,Finished,4.0,32.0,1:46.128,237.584
2024,14,Belgian Grand Prix,spa,Circuit de Spa-Francorchamps,Spa,Belgium,2024-07-28,permanent,standard,norris,NOR,Lando Norris,Lando_Norris,McLaren,4,5,5,10,44,Finished,2.0,31.0,1:45.563,238.856
2024,14,Belgian Grand Prix,spa,Circuit de Spa-Francorchamps,Spa,Belgium,2024-07-28,permanent,standard,sainz,SAI,Carlos Sainz,Carlos_Sainz,Ferrari,7,6,6,8,44,Finished,5.0,44.0,1:46.364,237.057
2024,14,Belgian Grand Prix,spa,Circuit de Spa-Francorchamps,Spa,Belgium,2024-07-28,permanent,standard,perez,PER,Sergio Pérez,Sergio_Perez,Red Bull,2,7,7,7,44,Finished,1.0,44.0,1:44.701,240.822
2024,14,Belgian Grand Prix,spa,Circuit de Spa-Francorchamps,Spa,Belgium,2024-07-28,permanent,standard,alonso,ALO,Fernando Alonso,Fernando_Alonso,Aston Martin,8,8,8,4,44,Finished,17.0,42.0,1:48.051,233.356
2024,14,Belgian Grand Prix,spa,Circuit de Spa-Francorchamps,Spa,Belgium,2024-07-28,permanent,standard,ocon,OCO,Esteban Ocon,Esteban_Ocon,Alpine F1 Team,9,9,9,2,44,Finished,7.0,43.0,1:46.957,235.743
2024,14,Belgian Grand Prix,spa,Circuit de Spa-Francorchamps,Spa,Belgium,2024-07-28,permanent,standard,ricciardo,RIC,Daniel Ricciardo,Daniel_Ricciardo,RB F1 Team,13,10,10,1,44,Finished,12.0,37.0,1:47.435,234.694
2024,14,Belgian Grand Prix,spa,Circuit de Spa-Francorchamps,Spa,Belgium,2024-07-28,permanent,standard,stroll,STR,Lance Stroll,Lance_Stroll,Aston Martin,15,11,11,0,44,Finished,18.0,44.0,1:48.105,233.239
2024,14,Belgian Grand Prix,spa,Circuit de Spa-Francorchamps,Spa,Belgium,2024-07-28,permanent,standard,albon,ALB,Alexander Albon,Alexander_Albon,Williams,10,12,12,0,44,Finished,16.0,44.0,1:47.996,233.475
2024,14,Belgian Grand Prix,spa,Circuit de Spa-Francorchamps,Spa,Belgium,2024-07-28,permanent,standard,gasly,GAS,Pierre Gasly,Pierre_Gasly,Alpine F1 Team,12,13,13,0,44,Finished,11.0,30.0,1:47.418,234.731
2024,14,Belgian Grand Prix,spa,Circuit de Spa-Francorchamps,Spa,Belgium,2024-07-28,permanent,standard,kevin_magnussen,MAG,Kevin Magnussen,Kevin_Magnussen,Haas F1 Team,17,14,14,0,44,Finished,14.0,44.0,1:47.848,233.795
2024,14,Belgian Grand Prix,spa,Circuit de Spa-Francorchamps,Spa,Belgium,2024-07-28,permanent,standard,bottas,BOT,Valtteri Bottas,Valtteri_Bottas,Sauber,14,15,15,0,44,Finished,9.0,37.0,1:47.019,235.606
2024,14,Belgian Grand Prix,spa,Circuit de Spa-Francorchamps,Spa,Belgium,2024-07-28,permanent,standard,tsunoda,TSU,Yuki Tsunoda,Yuki_Tsunoda,RB F1 Team,20,16,16,0,44,Finished,15.0,44.0,1:47.969,233.533
2024,14,Belgian Grand Prix,spa,Circuit de Spa-Francorchamps,Spa,Belgium,2024-07-28,permanent,standard,sargeant,SAR,Logan Sargeant,Logan_Sargeant,Williams,18,17,17,0,44,Finished,13.0,43.0,1:47.490,234.574
2024,14,Belgian Grand Prix,spa,Circuit de Spa-Francorchamps,Spa,Belgium,2024-07-28,permanent,standard,hulkenberg,HUL,Nico Hülkenberg,Nico_Hulkenberg,Haas F1 Team,16,18,18,0,44,Finished,19.0,44.0,1:48.954,231.422
2024,14,Belgian Grand Prix,spa,Circuit de Spa-Francorchamps,Spa,Belgium,2024-07-28,permanent,standard,zhou,ZHO,Guanyu Zhou,Guanyu_Zhou,Sauber,19,19,R,0,5,Retired,20.0,2.0,1:52.099,224.929
2024,14,Belgian Grand Prix,spa,Circuit de Spa-Francorchamps,Spa,Belgium,2024-07-28,permanent,standard,russell,RUS,George Russell,George_Russell,Mercedes,6,20,20,0,44,Disqualified,10.0,44.0,1:47.113,235.399
2024,15,Dutch Grand Prix,zandvoort,Circuit Park Zandvoort,Zandvoort,Netherlands,2024-08-25,permanent,standard,norris,NOR,Lando Norris,Lando_Norris,McLaren,1,1,1,26,72,Finished,1.0,72.0,1:13.817,207.708
2024,15,Dutch Grand Prix,zandvoort,Circuit Park Zandvoort,Zandvoort,Netherlands,2024-08-25,permanent,standard,max_verstappen,VER,Max Verstappen,Max_Verstappen,Red Bull,2,2,2,18,72,Finished,9.0,30.0,1:14.752,205.11
2024,15,Dutch Grand Prix,zandvoort,Circuit Park Zandvoort,Zandvoort,Netherlands,2024-08-25,permanent,standard,leclerc,LEC,Charles Leclerc,Charles_Leclerc,Ferrari,6,3,3,15,72,Finished,7.0,62.0,1:14.585,205.569
2024,15,Dutch Grand Prix,zandvoort,Circuit Park Zandvoort,Zandvoort,Netherlands,2024-08-25,permanent,standard,piastri,PIA,Oscar Piastri,Oscar_Piastri,McLaren,3,4,4,12,72,Finished,5.0,36.0,1:14.237,206.533
2024,15,Dutch Grand Prix,zandvoort,Circuit Park Zandvoort,Zandvoort,Netherlands,2024-08-25,permanent,standard,sainz,SAI,Carlos Sainz,Carlos_Sainz,Ferrari,10,5,5,10,72,Finished,4.0,40.0,1:14.117,206.867
2024,15,Dutch Grand Prix,zandvoort,Circuit Park Zandvoort,Zandvoort,Netherlands,2024-08-25,permanent,standard,perez,PER,Sergio Pérez,Sergio_Perez,Red Bull,5,6,6,8,72,Finished,8.0,69.0,1:14.587,205.563
2024,15,Dutch Grand Prix,zandvoort,Circuit Park Zandvoort,Zandvoort,Netherlands,2024-08-25,permanent,standard,russell,RUS,George Russell,George_Russell,Mercedes,4,7,7,6,72,Finished,3.0,57.0,1:13.927,207.399
2024,15,Dutch Grand Prix,zandvoort,Circuit Park Zandvoort,Zandvoort,Netherlands,2024-08-25,permanent,standard,hamilton,HAM,Lewis Hamilton,Lewis_Hamilton,Mercedes,14,8,8,4,72,Finished,2.0,62.0,1:13.878,207.536
2024,15,Dutch Grand Prix,zandvoort,Circuit Park Zandvoort,Zandvoort,Netherlands,2024-08-25,permanent,standard,gasly,GAS,Pierre Gasly,Pierre_Gasly,Alpine F1 Team,9,9,9,2,71,Lapped,11.0,54.0,1:14.855,204.828
2024,15,Dutch Grand Prix,zandvoort,Circuit Park Zandvoort,Zandvoort,Netherlands,2024-08-25,permanent,standard,alonso,ALO,Fernando Alonso,Fernando_Alonso,Aston Martin,7,10,10,1,71,Lapped,10.0,34.0,1:14.758,205.093
2024,15,Dutch Grand Prix,zandvoort,Circuit Park Zandvoort,Zandvoort,Netherlands,2024-08-25,permanent,standard,hulkenberg,HUL,Nico Hülkenberg,Nico_Hulkenberg,Haas F1 Team,12,11,11,0,71,Lapped,18.0,59.0,1:15.657,202.656
2024,15,Dutch Grand Prix,zandvoort,Circuit Park Zandvoort,Zandvoort,Netherlands,2024-08-25,permanent,standard,ricciardo,RIC,Daniel Ricciardo,Daniel_Ricciardo,RB F1 Team,13,12,12,0,71,Lapped,13.0,52.0,1:15.222,203.828
2024,15,Dutch Grand Prix,zandvoort,Circuit Park Zandvoort,Zandvoort,Netherlands,2024-08-25,permanent,standard,stroll,STR,Lance Stroll,Lance_Stroll,Aston Martin,8,13,13,0,71,Lapped,14.0,51.0,1:15.255,203.739
2024,15,Dutch Grand Prix,zandvoort,Circuit Park Zandvoort,Zandvoort,Netherlands,2024-08-25,permanent,standard,albon,ALB,Alexander Albon,Alexander_Albon,Williams,19,14,14,0,71,Lapped,6.0,71.0,1:14.434,205.986
2024,15,Dutch Grand Prix,zandvoort,Circuit Park Zandvoort,Zandvoort,Netherlands,2024-08-25,permanent,standard,ocon,OCO,Esteban Ocon,Esteban_Ocon,Alpine F1 Team,15,15,15,0,71,Lapped,15.0,50.0,1:15.390,203.374
2024,15,Dutch Grand Prix,zandvoort,Circuit Park Zandvoort,Zandvoort,Netherlands,2024-08-25,permanent,standard,sargeant,SAR,Logan Sargeant,Logan_Sargeant,Williams,18,16,16,0,71,Lapped,16.0,26.0,1:15.539,202.973
2024,15,Dutch Grand Prix,zandvoort,Circuit Park Zandvoort,Zandvoort,Netherlands,2024-08-25,permanent,standard,tsunoda,TSU,Yuki Tsunoda,Yuki_Tsunoda,RB F1 Team,11,17,17,0,71,Lapped,17.0,16.0,1:15.552,202.938
2024,15,Dutch Grand Prix,zandvoort,Circuit Park Zandvoort,Zandvoort,Netherlands,2024-08-25,permanent,standard,kevin_magnussen,MAG,Kevin Magnussen,Kevin_Magnussen,Haas F1 Team,20,18,18,0,71,Lapped,12.0,42.0,1:14.954,204.557
2024,15,Dutch Grand Prix,zandvoort,Circuit Park Zandvoort,Zandvoort,Netherlands,2024-08-25,permanent,standard,bottas,BOT,Valtteri Bottas,Valtteri_Bottas,Sauber,16,19,19,0,70,Lapped,20.0,45.0,1:15.822,202.215
2024,15,Dutch Grand Prix,zandvoort,Circuit Park Zandvoort,Zandvoort,Netherlands,2024-08-25,permanent,standard,zhou,ZHO,Guanyu Zhou,Guanyu_Zhou,Sauber,17,20,20,0,70,Lapped,19.0,67.0,1:15.724,202.477
2024,16,Italian Grand Prix,monza,Autodromo Nazionale di Monza,Monza,Italy,2024-09-01,permanent,standard,leclerc,LEC,Charles Leclerc,Charles_Leclerc,Ferrari,4,1,1,25,53,Finished,10.0,33.0,1:23.226,250.58
2024,16,Italian Grand Prix,monza,Autodromo Nazionale di Monza,Monza,Italy,2024-09-01,permanent,standard,piastri,PIA,Oscar Piastri,Oscar_Piastri,McLaren,2,2,2,18,53,Finished,4.0,53.0,1:21.943,254.503
2024,16,Italian Grand Prix,monza,Autodromo Nazionale di Monza,Monza,Italy,2024-09-01,permanent,standard,norris,NOR,Lando Norris,Lando_Norris,McLaren,1,3,3,16,53,Finished,1.0,53.0,1:21.432,256.1
2024,16,Italian Grand Prix,monza,Autodromo Nazionale di Monza,Monza,Italy,2024-09-01,permanent,standard,sainz,SAI,Carlos Sainz,Carlos_Sainz,Ferrari,5,4,4,12,53,Finished,9.0,53.0,1:23.219,250.601
2024,16,Italian Grand Prix,monza,Autodromo Nazionale di Monza,Monza,Italy,2024-09-01,permanent,standard,hamilton,HAM,Lewis Hamilton,Lewis_Hamilton,Mercedes,6,5,5,10,53,Finished,2.0,53.0,1:21.512,255.849
2024,16,Italian Grand Prix,monza,Autodromo Nazionale di Monza,Monza,Italy,2024-09-01,permanent,standard,max_verstappen,VER,Max Verstappen,Max_Verstappen,Red Bull,7,6,6,8,53,Finished,3.0,43.0,1:21.745,255.12
2024,16,Italian Grand Prix,monza,Autodromo Nazionale di Monza,Monza,Italy,2024-09-01,permanent,standard,russell,RUS,George Russell,George_Russell,Mercedes,3,7,7,6,53,Finished,5.0,49.0,1:22.036,254.215
2024,16,Italian Grand Prix,monza,Autodromo Nazionale di Monza,Monza,Italy,2024-09-01,permanent,standard,perez,PER,Sergio Pérez,Sergio_Perez,Red Bull,8,8,8,4,53,Finished,8.0,47.0,1:22.971,251.35
2024,16,Italian Grand Prix,monza,Autodromo Nazionale di Monza,Monza,Italy,2024-09-01,permanent,standard,albon,ALB,Alexander Albon,Alexander_Albon,Williams,9,9,9,2,53,Finished,16.0,53.0,1:23.918,248.514
2024,16,Italian Grand Prix,monza,Autodromo Nazionale di Monza,Monza,Italy,2024-09-01,permanent,standard,kevin_magnussen,MAG,Kevin Magnussen,Kevin_Magnussen,Haas F1 Team,13,10,10,1,53,Finished,12.0,51.0,1:23.437,249.946
2024,16,Italian Grand Prix,monza,Autodromo Nazionale di Monza,Monza,Italy,2024-09-01,permanent,standard,alonso,ALO,Fernando Alonso,Fernando_Alonso,Aston Martin,11,11,11,0,53,Finished,7.0,46.0,1:22.944,251.432
2024,16,Italian Grand Prix,monza,Autodromo Nazionale di Monza,Monza,Italy,2024-09-01,permanent,standard,colapinto,COL,Franco Colapinto,Franco_Colapinto,Williams,18,12,12,0,53,Finished,14.0,53.0,1:23.728,249.077
2024,16,Italian Grand Prix,monza,Autodromo Nazionale di Monza,Monza,Italy,2024-09-01,permanent,standard,ricciardo,RIC,Daniel Ricciardo,Daniel_Ricciardo,RB F1 Team,12,13,13,0,53,Finished,17.0,52.0,1:24.219,247.625
2024,16,Italian Grand Prix,monza,Autodromo Nazionale di Monza,Monza,Italy,2024-09-01,permanent,standard,ocon,OCO,Esteban Ocon,Esteban_Ocon,Alpine F1 Team,15,14,14,0,52,Lapped,18.0,52.0,1:24.343,247.261
2024,16,Italian Grand Prix,monza,Autodromo Nazionale di Monza,Monza,Italy,2024-09-01,permanent,standard,gasly,GAS,Pierre Gasly,Pierre_Gasly,Alpine F1 Team,14,15,15,0,52,Lapped,15.0,51.0,1:23.755,248.997
2024,16,Italian Grand Prix,monza,Autodromo Nazionale di Monza,Monza,Italy,2024-09-01,permanent,standard,bottas,BOT,Valtteri Bottas,Valtteri_Bottas,Sauber,19,16,16,0,52,Lapped,13.0,52.0,1:23.609,249.432
2024,16,Italian Grand Prix,monza,Autodromo Nazionale di Monza,Monza,Italy,2024-09-01,permanent,standard,hulkenberg,HUL,Nico Hülkenberg,Nico_Hulkenberg,Haas F1 Team,10,17,17,0,52,Lapped,11.0,44.0,1:23.275,250.432
2024,16,Italian Grand Prix,monza,Autodromo Nazionale di Monza,Monza,Italy,2024-09-01,permanent,standard,zhou,ZHO,Guanyu Zhou,Guanyu_Zhou,Sauber,20,18,18,0,52,Lapped,19.0,17.0,1:25.092,245.085
2024,16,Italian Grand Prix,monza,Autodromo Nazionale di Monza,Monza,Italy,2024-09-01,permanent,standard,stroll,STR,Lance Stroll,Lance_Stroll,Aston Martin,17,19,19,0,52,Lapped,6.0,52.0,1:22.232,253.609
2024,16,Italian Grand Prix,monza,Autodromo Nazionale di Monza,Monza,Italy,2024-09-01,permanent,standard,tsunoda,TSU,Yuki Tsunoda,Yuki_Tsunoda,RB F1 Team,16,20,R,0,7,Retired,20.0,4.0,1:26.198,241.94
2024,17,Azerbaijan Grand Prix,baku,Baku City Circuit,Baku,Azerbaijan,2024-09-15,street,standard,piastri,PIA,Oscar Piastri,Oscar_Piastri,McLaren,2,1,1,25,51,Finished,9.0,47.0,1:47.060,201.856
2024,17,Azerbaijan Grand Prix,baku,Baku City Circuit,Baku,Azerbaijan,2024-09-15,street,standard,leclerc,LEC,Charles Leclerc,Charles_Leclerc,Ferrari,1,2,2,18,51,Finished,10.0,44.0,1:47.067,201.843
2024,17,Azerbaijan Grand Prix,baku,Baku City Circuit,Baku,Azerbaijan,2024-09-15,street,standard,russell,RUS,George Russell,George_Russell,Mercedes,5,3,3,15,51,Finished,2.0,45.0,1:46.628,202.674
2024,17,Azerbaijan Grand Prix,baku,Baku City Circuit,Baku,Azerbaijan,2024-09-15,street,standard,norris,NOR,Lando Norris,Lando_Norris,McLaren,15,4,4,13,51,Finished,1.0,42.0,1:45.255,205.318
2024,17,Azerbaijan Grand Prix,baku,Baku City Circuit,Baku,Azerbaijan,2024-09-15,street,standard,max_verstappen,VER,Max Verstappen,Max_Verstappen,Red Bull,6,5,5,10,51,Finished,3.0,42.0,1:46.798,202.352
2024,17,Azerbaijan Grand Prix,baku,Baku City Circuit,Baku,Azerbaijan,2024-09-15,street,standard,alonso,ALO,Fernando Alonso,Fernando_Alonso,Aston Martin,7,6,6,8,51,Finished,8.0,48.0,1:47.057,201.862
2024,17,Azerbaijan Grand Prix,baku,Baku City Circuit,Baku,Azerbaijan,2024-09-15,street,standard,albon,ALB,Alexander Albon,Alexander_Albon,Williams,9,7,7,6,51,Finished,5.0,43.0,1:46.947,202.07
2024,17,Azerbaijan Grand Prix,baku,Baku City Circuit,Baku,Azerbaijan,2024-09-15,street,standard,colapinto,COL,Franco Colapinto,Franco_Colapinto,Williams,8,8,8,4,51,Finished,12.0,44.0,1:47.274,201.454
2024,17,Azerbaijan Grand Prix,baku,Baku City Circuit,Baku,Azerbaijan,2024-09-15,street,standard,hamilton,HAM,Lewis Hamilton,Lewis_Hamilton,Mercedes,19,9,9,2,51,Finished,11.0,48.0,1:47.236,201.525
2024,17,Azerbaijan Grand Prix,baku,Baku City Circuit,Baku,Azerbaijan,2024-09-15,street,standard,bearman,BEA,Oliver Bearman,Oliver_Bearman,Haas F1 Team,10,10,10,1,51,Finished,7.0,47.0,1:47.048,201.879
2024,17,Azerbaijan Grand Prix,baku,Baku City Circuit,Baku,Azerbaijan,2024-09-15,street,standard,hulkenberg,HUL,Nico Hülkenberg,Nico_Hulkenberg,Haas F1 Team,12,11,11,0,51,Finished,14.0,42.0,1:47.691,200.674
2024,17,Azerbaijan Grand Prix,baku,Baku City Circuit,Baku,Azerbaijan,2024-09-15,street,standard,gasly,GAS,Pierre Gasly,Pierre_Gasly,Alpine F1 Team,18,12,12,0,51,Finished,15.0,47.0,1:48.018,200.066
2024,17,Azerbaijan Grand Prix,baku,Baku City Circuit,Baku,Azerbaijan,2024-09-15,street,standard,ricciardo,RIC,Daniel Ricciardo,Daniel_Ricciardo,RB F1 Team,14,13,13,0,51,Finished,17.0,39.0,1:48.380,199.398
2024,17,Azerbaijan Grand Prix,baku,Baku City Circuit,Baku,Azerbaijan,2024-09-15,street,standard,zhou,ZHO,Guanyu Zhou,Guanyu_Zhou,Sauber,17,14,14,0,51,Finished,13.0,43.0,1:47.644,200.761
2024,17,Azerbaijan Grand Prix,baku,Baku City Circuit,Baku,Azerbaijan,2024-09-15,street,standard,ocon,OCO,Esteban Ocon,Esteban_Ocon,Alpine F1 Team,20,15,15,0,50,Lapped,19.0,35.0,1:48.831,198.572
2024,17,Azerbaijan Grand Prix,baku,Baku City Circuit,Baku,Azerbaijan,2024-09-15,street,standard,bottas,BOT,Valtteri Bottas,Valtteri_Bottas,Sauber,16,16,16,0,50,Lapped,18.0,41.0,1:48.418,199.328
2024,17,Azerbaijan Grand Prix,baku,Baku City Circuit,Baku,Azerbaijan,2024-09-15,street,standard,perez,PER,Sergio Pérez,Sergio_Perez,Red Bull,4,17,17,0,49,Retired,6.0,46.0,1:47.013,201.945
2024,17,Azerbaijan Grand Prix,baku,Baku City Circuit,Baku,Azerbaijan,2024-09-15,street,standard,sainz,SAI,Carlos Sainz,Carlos_Sainz,Ferrari,3,18,18,0,49,Retired,4.0,46.0,1:46.866,202.223
2024,17,Azerbaijan Grand Prix,baku,Baku City Circuit,Baku,Azerbaijan,2024-09-15,street,standard,stroll,STR,Lance Stroll,Lance_Stroll,Aston Martin,13,19,19,0,45,Retired,16.0,31.0,1:48.148,199.826
2024,17,Azerbaijan Grand Prix,baku,Baku City Circuit,Baku,Azerbaijan,2024-09-15,street,standard,tsunoda,TSU,Yuki Tsunoda,Yuki_Tsunoda,RB F1 Team,11,20,R,0,14,Retired,20.0,8.0,1:50.887,194.89
2024,18,Singapore Grand Prix,marina_bay,Marina Bay Street Circuit,Marina Bay,Singapore,2024-09-22,street,standard,norris,NOR,Lando Norris,Lando_Norris,McLaren,1,1,1,25,62,Finished,2.0,48.0,1:34.925,187.347
2024,18,Singapore Grand Prix,marina_bay,Marina Bay Street Circuit,Marina Bay,Singapore,2024-09-22,street,standard,max_verstappen,VER,Max Verstappen,Max_Verstappen,Red Bull,2,2,2,18,62,Finished,5.0,59.0,1:35.967,185.313
2024,18,Singapore Grand Prix,marina_bay,Marina Bay Street Circuit,Marina Bay,Singapore,2024-09-22,street,standard,piastri,PIA,Oscar Piastri,Oscar_Piastri,McLaren,5,3,3,15,62,Finished,4.0,48.0,1:35.745,185.743
2024,18,Singapore Grand Prix,marina_bay,Marina Bay Street Circuit,Marina Bay,Singapore,2024-09-22,street,standard,russell,RUS,George Russell,George_Russell,Mercedes,4,4,4,12,62,Finished,10.0,30.0,1:37.047,183.251
2024,18,Singapore Grand Prix,marina_bay,Marina Bay Street Circuit,Marina Bay,Singapore,2024-09-22,street,standard,leclerc,LEC,Charles Leclerc,Charles_Leclerc,Ferrari,9,5,5,10,62,Finished,3.0,46.0,1:35.371,186.471
2024,18,Singapore Grand Prix,marina_bay,Marina Bay Street Circuit,Marina Bay,Singapore,2024-09-22,street,standard,hamilton,HAM,Lewis Hamilton,Lewis_Hamilton,Mercedes,3,6,6,8,62,Finished,12.0,43.0,1:37.393,182.6
2024,18,Singapore Grand Prix,marina_bay,Marina Bay Street Circuit,Marina Bay,Singapore,2024-09-22,street,standard,sainz,SAI,Carlos Sainz,Carlos_Sainz,Ferrari,10,7,7,6,62,Finished,7.0,15.0,1:36.561,184.173
2024,18,Singapore Grand Prix,marina_bay,Marina Bay Street Circuit,Marina Bay,Singapore,2024-09-22,street,standard,alonso,ALO,Fernando Alonso,Fernando_Alonso,Aston Martin,7,8,8,4,61,Lapped,18.0,54.0,1:37.741,181.95
2024,18,Singapore Grand Prix,marina_bay,Marina Bay Street Circuit,Marina Bay,Singapore,2024-09-22,street,standard,hulkenberg,HUL,Nico Hülkenberg,Nico_Hulkenberg,Haas F1 Team,6,9,9,2,61,Lapped,15.0,35.0,1:37.470,182.456
2024,18,Singapore Grand Prix,marina_bay,Marina Bay Street Circuit,Marina Bay,Singapore,2024-09-22,street,standard,perez,PER,Sergio Pérez,Sergio_Perez,Red Bull,13,10,10,1,61,Lapped,16.0,33.0,1:37.477,182.443
2024,18,Singapore Grand Prix,marina_bay,Marina Bay Street Circuit,Marina Bay,Singapore,2024-09-22,street,standard,colapinto,COL,Franco Colapinto,Franco_Colapinto,Williams,12,11,11,0,61,Lapped,11.0,35.0,1:37.262,182.846
2024,18,Singapore Grand Prix,marina_bay,Marina Bay Street Circuit,Marina Bay,Singapore,2024-09-22,street,standard,tsunoda,TSU,Yuki Tsunoda,Yuki_Tsunoda,RB F1 Team,8,12,12,0,61,Lapped,6.0,53.0,1:36.393,184.494
2024,18,Singapore Grand Prix,marina_bay,Marina Bay Street Circuit,Marina Bay,Singapore,2024-09-22,street,standard,ocon,OCO,Esteban Ocon,Esteban_Ocon,Alpine F1 Team,15,13,13,0,61,Lapped,20.0,48.0,1:37.964,181.536
2024,18,Singapore Grand Prix,marina_bay,Marina Bay Street Circuit,Marina Bay,Singapore,2024-09-22,street,standard,stroll,STR,Lance Stroll,Lance_Stroll,Aston Martin,17,14,14,0,61,Lapped,19.0,36.0,1:37.851,181.745
2024,18,Singapore Grand Prix,marina_bay,Marina Bay Street Circuit,Marina Bay,Singapore,2024-09-22,street,standard,zhou,ZHO,Guanyu Zhou,Guanyu_Zhou,Sauber,20,15,15,0,61,Lapped,14.0,47.0,1:37.461,182.472
2024,18,Singapore Grand Prix,marina_bay,Marina Bay Street Circuit,Marina Bay,Singapore,2024-09-22,street,standard,bottas,BOT,Valtteri Bottas,Valtteri_Bottas,Sauber,19,16,16,0,61,Lapped,17.0,46.0,1:37.524,182.355
2024,18,Singapore Grand Prix,marina_bay,Marina Bay Street Circuit,Marina Bay,Singapore,2024-09-22,street,standard,gasly,GAS,Pierre Gasly,Pierre_Gasly,Alpine F1 Team,18,17,17,0,61,Lapped,9.0,46.0,1:36.927,183.478
2024,18,Singapore Grand Prix,marina_bay,Marina Bay Street Circuit,Marina Bay,Singapore,2024-09-22,street,standard,ricciardo,RIC,Daniel Ricciardo,Daniel_Ricciardo,RB F1 Team,16,18,18,0,61,Lapped,1.0,60.0,1:34.486,188.218
2024,18,Singapore Grand Prix,marina_bay,Marina Bay Street Circuit,Marina Bay,Singapore,2024-09-22,street,standard,kevin_magnussen,MAG,Kevin Magnussen,Kevin_Magnussen,Haas F1 Team,14,19,19,0,57,Retired,13.0,52.0,1:37.425,182.54
2024,18,Singapore Grand Prix,marina_bay,Marina Bay Street Circuit,Marina Bay,Singapore,2024-09-22,street,standard,albon,ALB,Alexander Albon,Alexander_Albon,Williams,11,20,R,0,15,Retired,8.0,13.0,1:36.888,183.552
2024,19,United States Grand Prix,americas,Circuit of the Americas,Austin,USA,2024-10-20,permanent,sprint,leclerc,LEC,Charles Leclerc,Charles_Leclerc,Ferrari,4,1,1,25,56,Finished,6.0,39.0,1:37.834,202.861
2024,19,United States Grand Prix,americas,Circuit of the Americas,Austin,USA,2024-10-20,permanent,sprint,sainz,SAI,Carlos Sainz,Carlos_Sainz,Ferrari,3,2,2,18,56,Finished,5.0,42.0,1:37.763,203.009
2024,19,United States Grand Prix,americas,Circuit of the Americas,Austin,USA,2024-10-20,permanent,sprint,max_verstappen,VER,Max Verstappen,Max_Verstappen,Red Bull,2,3,3,15,56,Finished,9.0,42.0,1:38.117,202.276
2024,19,United States Grand Prix,americas,Circuit of the Americas,Austin,USA,2024-10-20,permanent,sprint,norris,NOR,Lando Norris,Lando_Norris,McLaren,1,4,4,12,56,Finished,4.0,55.0,1:37.679,203.183
2024,19,United States Grand Prix,americas,Circuit of the Americas,Austin,USA,2024-10-20,permanent,sprint,piastri,PIA,Oscar Piastri,Oscar_Piastri,McLaren,5,5,5,10,56,Finished,7.0,42.0,1:37.883,202.76
2024,19,United States Grand Prix,americas,Circuit of the Americas,Austin,USA,2024-10-20,permanent,sprint,russell,RUS,George Russell,George_Russell,Mercedes,20,6,6,8,56,Finished,3.0,42.0,1:37.656,203.231
2024,19,United States Grand Prix,americas,Circuit of the Americas,Austin,USA,2024-10-20,permanent,sprint,perez,PER,Sergio Pérez,Sergio_Perez,Red Bull,9,7,7,6,56,Finished,13.0,45.0,1:38.514,201.461
2024,19,United States Grand Prix,americas,Circuit of the Americas,Austin,USA,2024-10-20,permanent,sprint,hulkenberg,HUL,Nico Hülkenberg,Nico_Hulkenberg,Haas F1 Team,11,8,8,4,56,Finished,12.0,51.0,1:38.404,201.686
2024,19,United States Grand Prix,americas,Circuit of the Americas,Austin,USA,2024-10-20,permanent,sprint,lawson,LAW,Liam Lawson,Liam_Lawson,RB F1 Team,19,9,9,2,56,Finished,8.0,54.0,1:38.091,202.33
2024,19,United States Grand Prix,americas,Circuit of the Americas,Austin,USA,2024-10-20,permanent,sprint,colapinto,COL,Franco Colapinto,Franco_Colapinto,Williams,15,10,10,1,56,Finished,2.0,46.0,1:37.611,203.325
2024,19,United States Grand Prix,americas,Circuit of the Americas,Austin,USA,2024-10-20,permanent,sprint,kevin_magnussen,MAG,Kevin Magnussen,Kevin_Magnussen,Haas F1 Team,8,11,11,0,56,Finished,10.0,56.0,1:38.210,202.085
2024,19,United States Grand Prix,americas,Circuit of the Americas,Austin,USA,2024-10-20,permanent,sprint,gasly,GAS,Pierre Gasly,Pierre_Gasly,Alpine F1 Team,6,12,12,0,56,Finished,11.0,55.0,1:38.311,201.877
2024,19,United States Grand Prix,americas,Circuit of the Americas,Austin,USA,2024-10-20,permanent,sprint,alonso,ALO,Fernando Alonso,Fernando_Alonso,Aston Martin,7,13,13,0,55,Lapped,17.0,52.0,1:39.261,199.945
2024,19,United States Grand Prix,americas,Circuit of the Americas,Austin,USA,2024-10-20,permanent,sprint,tsunoda,TSU,Yuki Tsunoda,Yuki_Tsunoda,RB F1 Team,10,14,14,0,55,Lapped,15.0,54.0,1:39.193,200.082
2024,19,United States Grand Prix,americas,Circuit of the Americas,Austin,USA,2024-10-20,permanent,sprint,stroll,STR,Lance Stroll,Lance_Stroll,Aston Martin,13,15,15,0,55,Lapped,16.0,54.0,1:39.214,200.04
2024,19,United States Grand Prix,americas,Circuit of the Americas,Austin,USA,2024-10-20,permanent,sprint,albon,ALB,Alexander Albon,Alexander_Albon,Williams,14,16,16,0,55,Lapped,14.0,54.0,1:39.084,200.302
2024,19,United States Grand Prix,americas,Circuit of the Americas,Austin,USA,2024-10-20,permanent,sprint,bottas,BOT,Valtteri Bottas,Valtteri_Bottas,Sauber,16,17,17,0,55,Lapped,19.0,53.0,1:40.575,197.333
2024,19,United States Grand Prix,americas,Circuit of the Americas,Austin,USA,2024-10-20,permanent,sprint,ocon,OCO,Esteban Ocon,Esteban_Ocon,Alpine F1 Team,12,18,18,0,55,Lapped,1.0,53.0,1:37.330,203.912
2024,19,United States Grand Prix,americas,Circuit of the Americas,Austin,USA,2024-10-20,permanent,sprint,zhou,ZHO,Guanyu Zhou,Guanyu_Zhou,Sauber,18,19,19,0,55,Lapped,18.0,53.0,1:39.272,199.923
2024,19,United States Grand Prix,americas,Circuit of the Americas,Austin,USA,2024-10-20,permanent,sprint,hamilton,HAM,Lewis Hamilton,Lewis_Hamilton,Mercedes,17,20,R,0,1,Retired,,,,
2024,20,Mexico City Grand Prix,rodriguez,Autódromo Hermanos Rodríguez,Mexico City,Mexico,2024-10-27,permanent,standard,sainz,SAI,Carlos Sainz,Carlos_Sainz,Ferrari,1,1,1,25,71,Finished,7.0,62.0,1:20.137,193.348
2024,20,Mexico City Grand Prix,rodriguez,Autódromo Hermanos Rodríguez,Mexico City,Mexico,2024-10-27,permanent,standard,norris,NOR,Lando Norris,Lando_Norris,McLaren,3,2,2,18,71,Finished,4.0,68.0,1:19.691,194.43
2024,20,Mexico City Grand Prix,rodriguez,Autódromo Hermanos Rodríguez,Mexico City,Mexico,2024-10-27,permanent,standard,leclerc,LEC,Charles Leclerc,Charles_Leclerc,Ferrari,4,3,3,16,71,Finished,1.0,71.0,1:18.336,197.794
2024,20,Mexico City Grand Prix,rodriguez,Autódromo Hermanos Rodríguez,Mexico City,Mexico,2024-10-27,permanent,standard,hamilton,HAM,Lewis Hamilton,Lewis_Hamilton,Mercedes,6,4,4,12,71,Finished,8.0,31.0,1:20.371,192.785
2024,20,Mexico City Grand Prix,rodriguez,Autódromo Hermanos Rodríguez,Mexico City,Mexico,2024-10-27,permanent,standard,russell,RUS,George Russell,George_Russell,Mercedes,5,5,5,10,71,Finished,11.0,63.0,1:20.731,191.926
2024,20,Mexico City Grand Prix,rodriguez,Autódromo Hermanos Rodríguez,Mexico City,Mexico,2024-10-27,permanent,standard,max_verstappen,VER,Max Verstappen,Max_Verstappen,Red Bull,2,6,6,8,71,Finished,13.0,53.0,1:20.872,191.591
2024,20,Mexico City Grand Prix,rodriguez,Autódromo Hermanos Rodríguez,Mexico City,Mexico,2024-10-27,permanent,standard,kevin_magnussen,MAG,Kevin Magnussen,Kevin_Magnussen,Haas F1 Team,7,7,7,6,71,Finished,9.0,61.0,1:20.637,192.15
2024,20,Mexico City Grand Prix,rodriguez,Autódromo Hermanos Rodríguez,Mexico City,Mexico,2024-10-27,permanent,standard,piastri,PIA,Oscar Piastri,Oscar_Piastri,McLaren,17,8,8,4,71,Finished,5.0,65.0,1:20.064,193.525
2024,20,Mexico City Grand Prix,rodriguez,Autódromo Hermanos Rodríguez,Mexico City,Mexico,2024-10-27,permanent,standard,hulkenberg,HUL,Nico Hülkenberg,Nico_Hulkenberg,Haas F1 Team,10,9,9,2,70,Lapped,12.0,69.0,1:20.748,191.885
2024,20,Mexico City Grand Prix,rodriguez,Autódromo Hermanos Rodríguez,Mexico City,Mexico,2024-10-27,permanent,standard,gasly,GAS,Pierre Gasly,Pierre_Gasly,Alpine F1 Team,8,10,10,1,70,Lapped,15.0,67.0,1:21.274,190.643
2024,20,Mexico City Grand Prix,rodriguez,Autódromo Hermanos Rodríguez,Mexico City,Mexico,2024-10-27,permanent,standard,stroll,STR,Lance Stroll,Lance_Stroll,Aston Martin,14,11,11,0,70,Lapped,16.0,55.0,1:21.311,190.557
2024,20,Mexico City Grand Prix,rodriguez,Autódromo Hermanos Rodríguez,Mexico City,Mexico,2024-10-27,permanent,standard,colapinto,COL,Franco Colapinto,Franco_Colapinto,Williams,16,12,12,0,70,Lapped,6.0,50.0,1:20.090,193.462
2024,20,Mexico City Grand Prix,rodriguez,Autódromo Hermanos Rodríguez,Mexico City,Mexico,2024-10-27,permanent,standard,ocon,OCO,Esteban Ocon,Esteban_Ocon,Alpine F1 Team,0,13,13,0,70,Lapped,10.0,70.0,1:20.659,192.097
2024,20,Mexico City Grand Prix,rodriguez,Autódromo Hermanos Rodríguez,Mexico City,Mexico,2024-10-27,permanent,standard,bottas,BOT,Valtteri Bottas,Valtteri_Bottas,Sauber,15,14,14,0,70,Lapped,14.0,57.0,1:21.085,191.088
2024,20,Mexico City Grand Prix,rodriguez,Autódromo Hermanos Rodríguez,Mexico City,Mexico,2024-10-27,permanent,standard,zhou,ZHO,Guanyu Zhou,Guanyu_Zhou,Sauber,19,15,15,0,70,Lapped,17.0,56.0,1:21.553,189.991
2024,20,Mexico City Grand Prix,rodriguez,Autódromo Hermanos Rodríguez,Mexico City,Mexico,2024-10-27,permanent,standard,lawson,LAW,Liam Lawson,Liam_Lawson,RB F1 Team,12,16,16,0,70,Lapped,3.0,67.0,1:19.502,194.893
2024,20,Mexico City Grand Prix,rodriguez,Autódromo Hermanos Rodríguez,Mexico City,Mexico,2024-10-27,permanent,standard,perez,PER,Sergio Pérez,Sergio_Perez,Red Bull,18,17,17,0,70,Lapped,2.0,70.0,1:19.209,195.614
2024,20,Mexico City Grand Prix,rodriguez,Autódromo Hermanos Rodríguez,Mexico City,Mexico,2024-10-27,permanent,standard,alonso,ALO,Fernando Alonso,Fernando_Alonso,Aston Martin,13,18,R,0,15,Retired,18.0,7.0,1:22.722,187.306
2024,20,Mexico City Grand Prix,rodriguez,Autódromo Hermanos Rodríguez,Mexico City,Mexico,2024-10-27,permanent,standard,albon,ALB,Alexander Albon,Alexander_Albon,Williams,9,19,R,0,0,Retired,,,,
2024,20,Mexico City Grand Prix,rodriguez,Autódromo Hermanos Rodríguez,Mexico City,Mexico,2024-10-27,permanent,standard,tsunoda,TSU,Yuki Tsunoda,Yuki_Tsunoda,RB F1 Team,11,20,R,0,0,Retired,,,,
2024,21,São Paulo Grand Prix,interlagos,Autódromo José Carlos Pace,São Paulo,Brazil,2024-11-03,permanent,sprint,max_verstappen,VER,Max Verstappen,Max_Verstappen,Red Bull,17,1,1,26,69,Finished,1.0,67.0,1:20.472,192.767
2024,21,São Paulo Grand Prix,interlagos,Autódromo José Carlos Pace,São Paulo,Brazil,2024-11-03,permanent,sprint,ocon,OCO,Esteban Ocon,Esteban_Ocon,Alpine F1 Team,4,2,2,18,69,Finished,7.0,64.0,1:21.771,189.705
2024,21,São Paulo Grand Prix,interlagos,Autódromo José Carlos Pace,São Paulo,Brazil,2024-11-03,permanent,sprint,gasly,GAS,Pierre Gasly,Pierre_Gasly,Alpine F1 Team,13,3,3,15,69,Finished,5.0,66.0,1:21.645,189.998
2024,21,São Paulo Grand Prix,interlagos,Autódromo José Carlos Pace,São Paulo,Brazil,2024-11-03,permanent,sprint,russell,RUS,George Russell,George_Russell,Mercedes,2,4,4,12,69,Finished,6.0,66.0,1:21.645,189.998
2024,21,São Paulo Grand Prix,interlagos,Autódromo José Carlos Pace,São Paulo,Brazil,2024-11-03,permanent,sprint,leclerc,LEC,Charles Leclerc,Charles_Leclerc,Ferrari,6,5,5,10,69,Finished,4.0,60.0,1:21.631,190.03
2024,21,São Paulo Grand Prix,interlagos,Autódromo José Carlos Pace,São Paulo,Brazil,2024-11-03,permanent,sprint,norris,NOR,Lando Norris,Lando_Norris,McLaren,1,6,6,8,69,Finished,2.0,67.0,1:21.517,190.296
2024,21,São Paulo Grand Prix,interlagos,Autódromo José Carlos Pace,São Paulo,Brazil,2024-11-03,permanent,sprint,tsunoda,TSU,Yuki Tsunoda,Yuki_Tsunoda,RB F1 Team,3,7,7,6,69,Finished,8.0,69.0,1:21.828,189.573
2024,21,São Paulo Grand Prix,interlagos,Autódromo José Carlos Pace,São Paulo,Brazil,2024-11-03,permanent,sprint,piastri,PIA,Oscar Piastri,Oscar_Piastri,McLaren,8,8,8,4,69,Finished,3.0,69.0,1:21.532,190.261
2024,21,São Paulo Grand Prix,interlagos,Autódromo José Carlos Pace,São Paulo,Brazil,2024-11-03,permanent,sprint,lawson,LAW,Liam Lawson,Liam_Lawson,RB F1 Team,5,9,9,2,69,Finished,10.0,67.0,1:22.123,188.892
2024,21,São Paulo Grand Prix,interlagos,Autódromo José Carlos Pace,São Paulo,Brazil,2024-11-03,permanent,sprint,hamilton,HAM,Lewis Hamilton,Lewis_Hamilton,Mercedes,14,10,10,1,69,Finished,9.0,69.0,1:22.041,189.081
2024,21,São Paulo Grand Prix,interlagos,Autódromo José Carlos Pace,São Paulo,Brazil,2024-11-03,permanent,sprint,perez,PER,Sergio Pérez,Sergio_Perez,Red Bull,12,11,11,0,69,Finished,11.0,67.0,1:22.143,188.846
2024,21,São Paulo Grand Prix,interlagos,Autódromo José Carlos Pace,São Paulo,Brazil,2024-11-03,permanent,sprint,bearman,BEA,Oliver Bearman,Oliver_Bearman,Haas F1 Team,15,12,12,0,69,Finished,13.0,64.0,1:22.494,188.042
2024,21,São Paulo Grand Prix,interlagos,Autódromo José Carlos Pace,São Paulo,Brazil,2024-11-03,permanent,sprint,bottas,BOT,Valtteri Bottas,Valtteri_Bottas,Sauber,11,13,13,0,69,Finished,14.0,67.0,1:22.877,187.173
2024,21,São Paulo Grand Prix,interlagos,Autódromo José Carlos Pace,São Paulo,Brazil,2024-11-03,permanent,sprint,alonso,ALO,Fernando Alonso,Fernando_Alonso,Aston Martin,9,14,14,0,69,Finished,12.0,59.0,1:22.293,188.502
2024,21,São Paulo Grand Prix,interlagos,Autódromo José Carlos Pace,São Paulo,Brazil,2024-11-03,permanent,sprint,zhou,ZHO,Guanyu Zhou,Guanyu_Zhou,Sauber,19,15,15,0,69,Finished,15.0,65.0,1:23.058,186.765
2024,21,São Paulo Grand Prix,interlagos,Autódromo José Carlos Pace,São Paulo,Brazil,2024-11-03,permanent,sprint,sainz,SAI,Carlos Sainz,Carlos_Sainz,Ferrari,20,16,R,0,38,Retired,16.0,19.0,1:24.201,184.23
2024,21,São Paulo Grand Prix,interlagos,Autódromo José Carlos Pace,São Paulo,Brazil,2024-11-03,permanent,sprint,colapinto,COL,Franco Colapinto,Franco_Colapinto,Williams,16,17,R,0,30,Retired,17.0,21.0,1:24.296,184.022
2024,21,São Paulo Grand Prix,interlagos,Autódromo José Carlos Pace,São Paulo,Brazil,2024-11-03,permanent,sprint,albon,ALB,Alexander Albon,Alexander_Albon,Williams,7,18,W,0,0,Did not start,,,,
2024,21,São Paulo Grand Prix,interlagos,Autódromo José Carlos Pace,São Paulo,Brazil,2024-11-03,permanent,sprint,stroll,STR,Lance Stroll,Lance_Stroll,Aston Martin,10,19,W,0,0,Did not start,,,,
2024,21,São Paulo Grand Prix,interlagos,Autódromo José Carlos Pace,São Paulo,Brazil,2024-11-03,permanent,sprint,hulkenberg,HUL,Nico Hülkenberg,Nico_Hulkenberg,Haas F1 Team,18,20,D,0,0,Disqualified,,,,
2024,22,Las Vegas Grand Prix,vegas,Las Vegas Strip Street Circuit,Las Vegas,USA,2024-11-23,street,standard,russell,RUS,George Russell,George_Russell,Mercedes,1,1,1,25,50,Finished,4.0,46.0,1:35.717,233.225
2024,22,Las Vegas Grand Prix,vegas,Las Vegas Strip Street Circuit,Las Vegas,USA,2024-11-23,street,standard,hamilton,HAM,Lewis Hamilton,Lewis_Hamilton,Mercedes,10,2,2,18,50,Finished,2.0,41.0,1:35.480,233.803
2024,22,Las Vegas Grand Prix,vegas,Las Vegas Strip Street Circuit,Las Vegas,USA,2024-11-23,street,standard,sainz,SAI,Carlos Sainz,Carlos_Sainz,Ferrari,2,3,3,15,50,Finished,5.0,44.0,1:35.875,232.84
2024,22,Las Vegas Grand Prix,vegas,Las Vegas Strip Street Circuit,Las Vegas,USA,2024-11-23,street,standard,leclerc,LEC,Charles Leclerc,Charles_Leclerc,Ferrari,4,4,4,12,50,Finished,3.0,40.0,1:35.674,233.329
2024,22,Las Vegas Grand Prix,vegas,Las Vegas Strip Street Circuit,Las Vegas,USA,2024-11-23,street,standard,max_verstappen,VER,Max Verstappen,Max_Verstappen,Red Bull,5,5,5,10,50,Finished,6.0,43.0,1:36.248,231.938
2024,22,Las Vegas Grand Prix,vegas,Las Vegas Strip Street Circuit,Las Vegas,USA,2024-11-23,street,standard,norris,NOR,Lando Norris,Lando_Norris,McLaren,6,6,6,9,50,Finished,1.0,50.0,1:34.876,235.292
2024,22,Las Vegas Grand Prix,vegas,Las Vegas Strip Street Circuit,Las Vegas,USA,2024-11-23,street,standard,piastri,PIA,Oscar Piastri,Oscar_Piastri,McLaren,8,7,7,6,50,Finished,13.0,44.0,1:36.598,231.097
2024,22,Las Vegas Grand Prix,vegas,Las Vegas Strip Street Circuit,Las Vegas,USA,2024-11-23,street,standard,hulkenberg,HUL,Nico Hülkenberg,Nico_Hulkenberg,Haas F1 Team,9,8,8,4,50,Finished,12.0,48.0,1:36.585,231.129
2024,22,Las Vegas Grand Prix,vegas,Las Vegas Strip Street Circuit,Las Vegas,USA,2024-11-23,street,standard,tsunoda,TSU,Yuki Tsunoda,Yuki_Tsunoda,RB F1 Team,7,9,9,2,50,Finished,16.0,48.0,1:36.957,230.242
2024,22,Las Vegas Grand Prix,vegas,Las Vegas Strip Street Circuit,Las Vegas,USA,2024-11-23,street,standard,perez,PER,Sergio Pérez,Sergio_Perez,Red Bull,15,10,10,1,50,Finished,8.0,42.0,1:36.326,231.75
2024,22,Las Vegas Grand Prix,vegas,Las Vegas Strip Street Circuit,Las Vegas,USA,2024-11-23,street,standard,alonso,ALO,Fernando Alonso,Fernando_Alonso,Aston Martin,16,11,11,0,50,Finished,10.0,39.0,1:36.553,231.205
2024,22,Las Vegas Grand Prix,vegas,Las Vegas Strip Street Circuit,Las Vegas,USA,2024-11-23,street,standard,kevin_magnussen,MAG,Kevin Magnussen,Kevin_Magnussen,Haas F1 Team,12,12,12,0,50,Finished,11.0,49.0,1:36.557,231.196
2024,22,Las Vegas Grand Prix,vegas,Las Vegas Strip Street Circuit,Las Vegas,USA,2024-11-23,street,standard,zhou,ZHO,Guanyu Zhou,Guanyu_Zhou,Sauber,13,13,13,0,50,Finished,7.0,46.0,1:36.324,231.755
2024,22,Las Vegas Grand Prix,vegas,Las Vegas Strip Street Circuit,Las Vegas,USA,2024-11-23,street,standard,colapinto,COL,Franco Colapinto,Franco_Colapinto,Williams,20,14,14,0,50,Finished,15.0,37.0,1:36.867,230.456
2024,22,Las Vegas Grand Prix,vegas,Las Vegas Strip Street Circuit,Las Vegas,USA,2024-11-23,street,standard,stroll,STR,Lance Stroll,Lance_Stroll,Aston Martin,18,15,15,0,50,Finished,18.0,43.0,1:37.179,229.716
2024,22,Las Vegas Grand Prix,vegas,Las Vegas Strip Street Circuit,Las Vegas,USA,2024-11-23,street,standard,lawson,LAW,Liam Lawson,Liam_Lawson,RB F1 Team,14,16,16,0,50,Finished,17.0,45.0,1:36.980,230.187
2024,22,Las Vegas Grand Prix,vegas,Las Vegas Strip Street Circuit,Las Vegas,USA,2024-11-23,street,standard,ocon,OCO,Esteban Ocon,Esteban_Ocon,Alpine F1 Team,11,17,17,0,49,Lapped,9.0,47.0,1:36.511,231.306
2024,22,Las Vegas Grand Prix,vegas,Las Vegas Strip Street Circuit,Las Vegas,USA,2024-11-23,street,standard,bottas,BOT,Valtteri Bottas,Valtteri_Bottas,Sauber,19,18,18,0,49,Lapped,14.0,46.0,1:36.601,231.09
2024,22,Las Vegas Grand Prix,vegas,Las Vegas Strip Street Circuit,Las Vegas,USA,2024-11-23,street,standard,albon,ALB,Alexander Albon,Alexander_Albon,Williams,17,19,R,0,25,Retired,19.0,21.0,1:38.008,227.773
2024,22,Las Vegas Grand Prix,vegas,Las Vegas Strip Street Circuit,Las Vegas,USA,2024-11-23,street,standard,gasly,GAS,Pierre Gasly,Pierre_Gasly,Alpine F1 Team,3,20,R,0,15,Retired,20.0,13.0,1:38.314,227.064
2024,23,Qatar Grand Prix,losail,Losail International Circuit,Lusail,Qatar,2024-12-01,permanent,standard,max_verstappen,VER,Max Verstappen,Max_Verstappen,Red Bull,2,1,1,25,57,Finished,2.0,55.0,1:22.905,235.31
2024,23,Qatar Grand Prix,losail,Losail International Circuit,Lusail,Qatar,2024-12-01,permanent,standard,leclerc,LEC,Charles Leclerc,Charles_Leclerc,Ferrari,5,2,2,18,57,Finished,4.0,53.0,1:23.242,234.357
2024,23,Qatar Grand Prix,losail,Losail International Circuit,Lusail,Qatar,2024-12-01,permanent,standard,piastri,PIA,Oscar Piastri,Oscar_Piastri,McLaren,4,3,3,15,57,Finished,3.0,51.0,1:23.218,234.425
2024,23,Qatar Grand Prix,losail,Losail International Circuit,Lusail,Qatar,2024-12-01,permanent,standard,russell,RUS,George Russell,George_Russell,Mercedes,1,4,4,12,57,Finished,5.0,50.0,1:23.355,234.039
2024,23,Qatar Grand Prix,losail,Losail International Circuit,Lusail,Qatar,2024-12-01,permanent,standard,gasly,GAS,Pierre Gasly,Pierre_Gasly,Alpine F1 Team,11,5,5,10,57,Finished,8.0,56.0,1:23.705,233.061
2024,23,Qatar Grand Prix,losail,Losail International Circuit,Lusail,Qatar,2024-12-01,permanent,standard,sainz,SAI,Carlos Sainz,Carlos_Sainz,Ferrari,7,6,6,8,57,Finished,6.0,52.0,1:23.465,233.731
2024,23,Qatar Grand Prix,losail,Losail International Circuit,Lusail,Qatar,2024-12-01,permanent,standard,alonso,ALO,Fernando Alonso,Fernando_Alonso,Aston Martin,8,7,7,6,57,Finished,7.0,57.0,1:23.667,233.167
2024,23,Qatar Grand Prix,losail,Losail International Circuit,Lusail,Qatar,2024-12-01,permanent,standard,zhou,ZHO,Guanyu Zhou,Guanyu_Zhou,Sauber,12,8,8,4,57,Finished,10.0,57.0,1:23.889,232.55
2024,23,Qatar Grand Prix,losail,Losail International Circuit,Lusail,Qatar,2024-12-01,permanent,standard,kevin_magnussen,MAG,Kevin Magnussen,Kevin_Magnussen,Haas F1 Team,10,9,9,2,57,Finished,11.0,55.0,1:24.259,231.528
2024,23,Qatar Grand Prix,losail,Losail International Circuit,Lusail,Qatar,2024-12-01,permanent,standard,norris,NOR,Lando Norris,Lando_Norris,McLaren,3,10,10,2,57,Finished,1.0,56.0,1:22.384,236.798
2024,23,Qatar Grand Prix,losail,Losail International Circuit,Lusail,Qatar,2024-12-01,permanent,standard,bottas,BOT,Valtteri Bottas,Valtteri_Bottas,Sauber,13,11,11,0,57,Finished,13.0,53.0,1:25.533,228.08
2024,23,Qatar Grand Prix,losail,Losail International Circuit,Lusail,Qatar,2024-12-01,permanent,standard,hamilton,HAM,Lewis Hamilton,Lewis_Hamilton,Mercedes,6,12,12,0,57,Finished,9.0,52.0,1:23.865,232.616
2024,23,Qatar Grand Prix,losail,Losail International Circuit,Lusail,Qatar,2024-12-01,permanent,standard,tsunoda,TSU,Yuki Tsunoda,Yuki_Tsunoda,RB F1 Team,14,13,13,0,57,Finished,17.0,47.0,1:26.144,226.462
2024,23,Qatar Grand Prix,losail,Losail International Circuit,Lusail,Qatar,2024-12-01,permanent,standard,lawson,LAW,Liam Lawson,Liam_Lawson,RB F1 Team,17,14,14,0,57,Finished,16.0,46.0,1:26.076,226.641
2024,23,Qatar Grand Prix,losail,Losail International Circuit,Lusail,Qatar,2024-12-01,permanent,standard,albon,ALB,Alexander Albon,Alexander_Albon,Williams,16,15,15,0,56,Lapped,14.0,47.0,1:25.559,228.011
2024,23,Qatar Grand Prix,losail,Losail International Circuit,Lusail,Qatar,2024-12-01,permanent,standard,hulkenberg,HUL,Nico Hülkenberg,Nico_Hulkenberg,Haas F1 Team,18,16,R,0,39,Retired,15.0,33.0,1:25.767,227.458
2024,23,Qatar Grand Prix,losail,Losail International Circuit,Lusail,Qatar,2024-12-01,permanent,standard,perez,PER,Sergio Pérez,Sergio_Perez,Red Bull,9,17,R,0,38,Retired,12.0,31.0,1:25.288,228.735
2024,23,Qatar Grand Prix,losail,Losail International Circuit,Lusail,Qatar,2024-12-01,permanent,standard,stroll,STR,Lance Stroll,Lance_Stroll,Aston Martin,15,18,R,0,8,Retired,18.0,6.0,1:30.935,214.531
2024,23,Qatar Grand Prix,losail,Losail International Circuit,Lusail,Qatar,2024-12-01,permanent,standard,colapinto,COL,Franco Colapinto,Franco_Colapinto,Williams,19,19,R,0,0,Retired,,,,
2024,23,Qatar Grand Prix,losail,Losail International Circuit,Lusail,Qatar,2024-12-01,permanent,standard,ocon,OCO,Esteban Ocon,Esteban_Ocon,Alpine F1 Team,20,20,R,0,0,Retired,,,,
2024,24,Abu Dhabi Grand Prix,yas_marina,Yas Marina Circuit,Abu Dhabi,UAE,2024-12-08,permanent,standard,norris,NOR,Lando Norris,Lando_Norris,McLaren,1,1,1,25,58,Finished,3.0,52.0,1:27.438,217.429
2024,24,Abu Dhabi Grand Prix,yas_marina,Yas Marina Circuit,Abu Dhabi,UAE,2024-12-08,permanent,standard,sainz,SAI,Carlos Sainz,Carlos_Sainz,Ferrari,3,2,2,18,58,Finished,5.0,55.0,1:27.765,216.619
2024,24,Abu Dhabi Grand Prix,yas_marina,Yas Marina Circuit,Abu Dhabi,UAE,2024-12-08,permanent,standard,leclerc,LEC,Charles Leclerc,Charles_Leclerc,Ferrari,19,3,3,15,58,Finished,9.0,51.0,1:28.018,215.996
2024,24,Abu Dhabi Grand Prix,yas_marina,Yas Marina Circuit,Abu Dhabi,UAE,2024-12-08,permanent,standard,hamilton,HAM,Lewis Hamilton,Lewis_Hamilton,Mercedes,16,4,4,12,58,Finished,2.0,44.0,1:27.278,217.828
2024,24,Abu Dhabi Grand Prix,yas_marina,Yas Marina Circuit,Abu Dhabi,UAE,2024-12-08,permanent,standard,russell,RUS,George Russell,George_Russell,Mercedes,6,5,5,10,58,Finished,10.0,56.0,1:28.195,215.563
2024,24,Abu Dhabi Grand Prix,yas_marina,Yas Marina Circuit,Abu Dhabi,UAE,2024-12-08,permanent,standard,max_verstappen,VER,Max Verstappen,Max_Verstappen,Red Bull,4,6,6,8,58,Finished,6.0,56.0,1:27.765,216.619
2024,24,Abu Dhabi Grand Prix,yas_marina,Yas Marina Circuit,Abu Dhabi,UAE,2024-12-08,permanent,standard,gasly,GAS,Pierre Gasly,Pierre_Gasly,Alpine F1 Team,5,7,7,6,58,Finished,16.0,30.0,1:29.251,213.012
2024,24,Abu Dhabi Grand Prix,yas_marina,Yas Marina Circuit,Abu Dhabi,UAE,2024-12-08,permanent,standard,hulkenberg,HUL,Nico Hülkenberg,Nico_Hulkenberg,Haas F1 Team,7,8,8,4,58,Finished,14.0,17.0,1:29.152,213.249
2024,24,Abu Dhabi Grand Prix,yas_marina,Yas Marina Circuit,Abu Dhabi,UAE,2024-12-08,permanent,standard,alonso,ALO,Fernando Alonso,Fernando_Alonso,Aston Martin,8,9,9,2,58,Finished,7.0,51.0,1:27.948,216.168
2024,24,Abu Dhabi Grand Prix,yas_marina,Yas Marina Circuit,Abu Dhabi,UAE,2024-12-08,permanent,standard,piastri,PIA,Oscar Piastri,Oscar_Piastri,McLaren,2,10,10,1,58,Finished,4.0,51.0,1:27.690,216.804
2024,24,Abu Dhabi Grand Prix,yas_marina,Yas Marina Circuit,Abu Dhabi,UAE,2024-12-08,permanent,standard,albon,ALB,Alexander Albon,Alexander_Albon,Williams,18,11,11,0,57,Lapped,18.0,46.0,1:29.438,212.567
2024,24,Abu Dhabi Grand Prix,yas_marina,Yas Marina Circuit,Abu Dhabi,UAE,2024-12-08,permanent,standard,tsunoda,TSU,Yuki Tsunoda,Yuki_Tsunoda,RB F1 Team,11,12,12,0,57,Lapped,15.0,41.0,1:29.200,213.134
2024,24,Abu Dhabi Grand Prix,yas_marina,Yas Marina Circuit,Abu Dhabi,UAE,2024-12-08,permanent,standard,zhou,ZHO,Guanyu Zhou,Guanyu_Zhou,Sauber,15,13,13,0,57,Lapped,8.0,56.0,1:27.982,216.085
2024,24,Abu Dhabi Grand Prix,yas_marina,Yas Marina Circuit,Abu Dhabi,UAE,2024-12-08,permanent,standard,stroll,STR,Lance Stroll,Lance_Stroll,Aston Martin,13,14,14,0,57,Lapped,11.0,42.0,1:28.604,214.568
2024,24,Abu Dhabi Grand Prix,yas_marina,Yas Marina Circuit,Abu Dhabi,UAE,2024-12-08,permanent,standard,doohan,DOO,Jack Doohan,Jack_Doohan,Alpine F1 Team,17,15,15,0,57,Lapped,13.0,56.0,1:29.121,213.323
2024,24,Abu Dhabi Grand Prix,yas_marina,Yas Marina Circuit,Abu Dhabi,UAE,2024-12-08,permanent,standard,kevin_magnussen,MAG,Kevin Magnussen,Kevin_Magnussen,Haas F1 Team,14,16,16,0,57,Lapped,1.0,57.0,1:25.637,222.002
2024,24,Abu Dhabi Grand Prix,yas_marina,Yas Marina Circuit,Abu Dhabi,UAE,2024-12-08,permanent,standard,lawson,LAW,Liam Lawson,Liam_Lawson,RB F1 Team,12,17,17,0,55,Retired,12.0,52.0,1:28.751,214.212
2024,24,Abu Dhabi Grand Prix,yas_marina,Yas Marina Circuit,Abu Dhabi,UAE,2024-12-08,permanent,standard,bottas,BOT,Valtteri Bottas,Valtteri_Bottas,Sauber,9,18,R,0,30,Retired,19.0,14.0,1:29.482,212.462
2024,24,Abu Dhabi Grand Prix,yas_marina,Yas Marina Circuit,Abu Dhabi,UAE,2024-12-08,permanent,standard,colapinto,COL,Franco Colapinto,Franco_Colapinto,Williams,20,19,R,0,26,Retired,17.0,5.0,1:29.411,212.631
2024,24,Abu Dhabi Grand Prix,yas_marina,Yas Marina Circuit,Abu Dhabi,UAE,2024-12-08,permanent,standard,perez,PER,Sergio Pérez,Sergio_Perez,Red Bull,10,20,R,0,0,Retired,,,,
2025,1,Australian Grand Prix,albert_park,Albert Park Grand Prix Circuit,Melbourne,Australia,2025-03-16,temporary_non_street,standard,norris,NOR,Lando Norris,Lando_Norris,McLaren,1,1,1,25,57,Finished,1.0,43.0,1:22.167,
2025,1,Australian Grand Prix,albert_park,Albert Park Grand Prix Circuit,Melbourne,Australia,2025-03-16,temporary_non_street,standard,max_verstappen,VER,Max Verstappen,Max_Verstappen,Red Bull,3,2,2,18,57,Finished,3.0,43.0,1:23.081,
2025,1,Australian Grand Prix,albert_park,Albert Park Grand Prix Circuit,Melbourne,Australia,2025-03-16,temporary_non_street,standard,russell,RUS,George Russell,George_Russell,Mercedes,4,3,3,15,57,Finished,11.0,43.0,1:25.065,
2025,1,Australian Grand Prix,albert_park,Albert Park Grand Prix Circuit,Melbourne,Australia,2025-03-16,temporary_non_street,standard,antonelli,ANT,Andrea Kimi Antonelli,Andrea_Kimi_Antonelli,Mercedes,16,4,4,12,57,Finished,9.0,43.0,1:24.901,
2025,1,Australian Grand Prix,albert_park,Albert Park Grand Prix Circuit,Melbourne,Australia,2025-03-16,temporary_non_street,standard,albon,ALB,Alexander Albon,Alexander_Albon,Williams,6,5,5,10,57,Finished,8.0,43.0,1:24.597,
2025,1,Australian Grand Prix,albert_park,Albert Park Grand Prix Circuit,Melbourne,Australia,2025-03-16,temporary_non_street,standard,stroll,STR,Lance Stroll,Lance_Stroll,Aston Martin,13,6,6,8,57,Finished,14.0,43.0,1:25.538,
2025,1,Australian Grand Prix,albert_park,Albert Park Grand Prix Circuit,Melbourne,Australia,2025-03-16,temporary_non_street,standard,hulkenberg,HUL,Nico Hülkenberg,Nico_Hulkenberg,Sauber,17,7,7,6,57,Finished,12.0,43.0,1:25.243,
2025,1,Australian Grand Prix,albert_park,Albert Park Grand Prix Circuit,Melbourne,Australia,2025-03-16,temporary_non_street,standard,leclerc,LEC,Charles Leclerc,Charles_Leclerc,Ferrari,7,8,8,4,57,Finished,13.0,43.0,1:25.271,
2025,1,Australian Grand Prix,albert_park,Albert Park Grand Prix Circuit,Melbourne,Australia,2025-03-16,temporary_non_street,standard,piastri,PIA,Oscar Piastri,Oscar_Piastri,McLaren,2,9,9,2,57,Finished,4.0,43.0,1:23.242,
2025,1,Australian Grand Prix,albert_park,Albert Park Grand Prix Circuit,Melbourne,Australia,2025-03-16,temporary_non_street,standard,hamilton,HAM,Lewis Hamilton,Lewis_Hamilton,Ferrari,8,10,10,1,57,Finished,7.0,43.0,1:24.218,
2025,1,Australian Grand Prix,albert_park,Albert Park Grand Prix Circuit,Melbourne,Australia,2025-03-16,temporary_non_street,standard,gasly,GAS,Pierre Gasly,Pierre_Gasly,Alpine F1 Team,9,11,11,0,57,Finished,10.0,43.0,1:25.020,
2025,1,Australian Grand Prix,albert_park,Albert Park Grand Prix Circuit,Melbourne,Australia,2025-03-16,temporary_non_street,standard,tsunoda,TSU,Yuki Tsunoda,Yuki_Tsunoda,RB F1 Team,5,12,12,0,57,Finished,6.0,43.0,1:24.194,
2025,1,Australian Grand Prix,albert_park,Albert Park Grand Prix Circuit,Melbourne,Australia,2025-03-16,temporary_non_street,standard,ocon,OCO,Esteban Ocon,Esteban_Ocon,Haas F1 Team,19,13,13,0,57,Finished,15.0,42.0,1:26.764,
2025,1,Australian Grand Prix,albert_park,Albert Park Grand Prix Circuit,Melbourne,Australia,2025-03-16,temporary_non_street,standard,bearman,BEA,Oliver Bearman,Oliver_Bearman,Haas F1 Team,20,14,14,0,57,Finished,16.0,42.0,1:27.603,
2025,1,Australian Grand Prix,albert_park,Albert Park Grand Prix Circuit,Melbourne,Australia,2025-03-16,temporary_non_street,standard,lawson,LAW,Liam Lawson,Liam_Lawson,Red Bull,18,15,R,0,46,Retired,2.0,43.0,1:22.970,
2025,1,Australian Grand Prix,albert_park,Albert Park Grand Prix Circuit,Melbourne,Australia,2025-03-16,temporary_non_street,standard,bortoleto,BOR,Gabriel Bortoleto,Gabriel_Bortoleto,Sauber,15,16,R,0,45,Retired,5.0,43.0,1:24.192,
2025,1,Australian Grand Prix,albert_park,Albert Park Grand Prix Circuit,Melbourne,Australia,2025-03-16,temporary_non_street,standard,alonso,ALO,Fernando Alonso,Fernando_Alonso,Aston Martin,12,17,R,0,32,Retired,17.0,32.0,1:28.819,
2025,1,Australian Grand Prix,albert_park,Albert Park Grand Prix Circuit,Melbourne,Australia,2025-03-16,temporary_non_street,standard,sainz,SAI,Carlos Sainz,Carlos_Sainz,Williams,10,18,R,0,0,Retired,,,,
2025,1,Australian Grand Prix,albert_park,Albert Park Grand Prix Circuit,Melbourne,Australia,2025-03-16,temporary_non_street,standard,doohan,DOO,Jack Doohan,Jack_Doohan,Alpine F1 Team,14,19,R,0,0,Retired,,,,
2025,1,Australian Grand Prix,albert_park,Albert Park Grand Prix Circuit,Melbourne,Australia,2025-03-16,temporary_non_street,standard,hadjar,HAD,Isack Hadjar,Isack_Hadjar,RB F1 Team,11,20,R,0,0,Retired,,,,
2025,2,Chinese Grand Prix,shanghai,Shanghai International Circuit,Shanghai,China,2025-03-23,permanent,sprint,piastri,PIA,Oscar Piastri,Oscar_Piastri,McLaren,1,1,1,25,56,Finished,3.0,53.0,1:35.520,
2025,2,Chinese Grand Prix,shanghai,Shanghai International Circuit,Shanghai,China,2025-03-23,permanent,sprint,norris,NOR,Lando Norris,Lando_Norris,McLaren,3,2,2,18,56,Finished,1.0,53.0,1:35.454,
2025,2,Chinese Grand Prix,shanghai,Shanghai International Circuit,Shanghai,China,2025-03-23,permanent,sprint,russell,RUS,George Russell,George_Russell,Mercedes,2,3,3,15,56,Finished,5.0,55.0,1:35.816,
2025,2,Chinese Grand Prix,shanghai,Shanghai International Circuit,Shanghai,China,2025-03-23,permanent,sprint,max_verstappen,VER,Max Verstappen,Max_Verstappen,Red Bull,4,4,4,12,56,Finished,2.0,56.0,1:35.488,
2025,2,Chinese Grand Prix,shanghai,Shanghai International Circuit,Shanghai,China,2025-03-23,permanent,sprint,ocon,OCO,Esteban Ocon,Esteban_Ocon,Haas F1 Team,11,5,5,10,56,Finished,4.0,56.0,1:35.740,
2025,2,Chinese Grand Prix,shanghai,Shanghai International Circuit,Shanghai,China,2025-03-23,permanent,sprint,antonelli,ANT,Andrea Kimi Antonelli,Andrea_Kimi_Antonelli,Mercedes,8,6,6,8,56,Finished,11.0,56.0,1:36.046,
2025,2,Chinese Grand Prix,shanghai,Shanghai International Circuit,Shanghai,China,2025-03-23,permanent,sprint,albon,ALB,Alexander Albon,Alexander_Albon,Williams,10,7,7,6,56,Finished,12.0,52.0,1:36.254,
2025,2,Chinese Grand Prix,shanghai,Shanghai International Circuit,Shanghai,China,2025-03-23,permanent,sprint,bearman,BEA,Oliver Bearman,Oliver_Bearman,Haas F1 Team,17,8,8,4,56,Finished,13.0,52.0,1:36.363,
2025,2,Chinese Grand Prix,shanghai,Shanghai International Circuit,Shanghai,China,2025-03-23,permanent,sprint,stroll,STR,Lance Stroll,Lance_Stroll,Aston Martin,14,9,9,2,56,Finished,10.0,39.0,1:36.044,
2025,2,Chinese Grand Prix,shanghai,Shanghai International Circuit,Shanghai,China,2025-03-23,permanent,sprint,sainz,SAI,Carlos Sainz,Carlos_Sainz,Williams,15,10,10,1,56,Finished,15.0,50.0,1:36.779,
2025,2,Chinese Grand Prix,shanghai,Shanghai International Circuit,Shanghai,China,2025-03-23,permanent,sprint,hadjar,HAD,Isack Hadjar,Isack_Hadjar,RB F1 Team,7,11,11,0,56,Finished,6.0,35.0,1:35.868,
2025,2,Chinese Grand Prix,shanghai,Shanghai International Circuit,Shanghai,China,2025-03-23,permanent,sprint,lawson,LAW,Liam Lawson,Liam_Lawson,Red Bull,20,12,12,0,56,Finished,9.0,32.0,1:35.985,
2025,2,Chinese Grand Prix,shanghai,Shanghai International Circuit,Shanghai,China,2025-03-23,permanent,sprint,doohan,DOO,Jack Doohan,Jack_Doohan,Alpine F1 Team,18,13,13,0,56,Finished,14.0,52.0,1:36.424,
2025,2,Chinese Grand Prix,shanghai,Shanghai International Circuit,Shanghai,China,2025-03-23,permanent,sprint,bortoleto,BOR,Gabriel Bortoleto,Gabriel_Bortoleto,Sauber,19,14,14,0,55,Lapped,8.0,28.0,1:35.874,
2025,2,Chinese Grand Prix,shanghai,Shanghai International Circuit,Shanghai,China,2025-03-23,permanent,sprint,hulkenberg,HUL,Nico Hülkenberg,Nico_Hulkenberg,Sauber,12,15,15,0,55,Lapped,16.0,35.0,1:37.275,
2025,2,Chinese Grand Prix,shanghai,Shanghai International Circuit,Shanghai,China,2025-03-23,permanent,sprint,tsunoda,TSU,Yuki Tsunoda,Yuki_Tsunoda,RB F1 Team,9,16,16,0,55,Lapped,7.0,49.0,1:35.871,
2025,2,Chinese Grand Prix,shanghai,Shanghai International Circuit,Shanghai,China,2025-03-23,permanent,sprint,alonso,ALO,Fernando Alonso,Fernando_Alonso,Aston Martin,13,17,R,0,4,Retired,17.0,3.0,1:39.256,
2025,2,Chinese Grand Prix,shanghai,Shanghai International Circuit,Shanghai,China,2025-03-23,permanent,sprint,leclerc,LEC,Charles Leclerc,Charles_Leclerc,Ferrari,6,18,D,0,0,Disqualified,,,,
2025,2,Chinese Grand Prix,shanghai,Shanghai International Circuit,Shanghai,China,2025-03-23,permanent,sprint,hamilton,HAM,Lewis Hamilton,Lewis_Hamilton,Ferrari,5,19,D,0,0,Disqualified,,,,
2025,2,Chinese Grand Prix,shanghai,Shanghai International Circuit,Shanghai,China,2025-03-23,permanent,sprint,gasly,GAS,Pierre Gasly,Pierre_Gasly,Alpine F1 Team,16,20,D,0,0,Disqualified,,,,
2025,3,Japanese Grand Prix,suzuka,Suzuka Circuit,Suzuka,Japan,2025-04-06,permanent,standard,max_verstappen,VER,Max Verstappen,Max_Verstappen,Red Bull,1,1,1,25,53,Finished,3.0,52.0,1:31.041,
2025,3,Japanese Grand Prix,suzuka,Suzuka Circuit,Suzuka,Japan,2025-04-06,permanent,standard,norris,NOR,Lando Norris,Lando_Norris,McLaren,2,2,2,18,53,Finished,5.0,51.0,1:31.116,
2025,3,Japanese Grand Prix,suzuka,Suzuka Circuit,Suzuka,Japan,2025-04-06,permanent,standard,piastri,PIA,Oscar Piastri,Oscar_Piastri,McLaren,3,3,3,15,53,Finished,2.0,53.0,1:31.039,
2025,3,Japanese Grand Prix,suzuka,Suzuka Circuit,Suzuka,Japan,2025-04-06,permanent,standard,leclerc,LEC,Charles Leclerc,Charles_Leclerc,Ferrari,4,4,4,12,53,Finished,10.0,47.0,1:31.469,
2025,3,Japanese Grand Prix,suzuka,Suzuka Circuit,Suzuka,Japan,2025-04-06,permanent,standard,russell,RUS,George Russell,George_Russell,Mercedes,5,5,5,10,53,Finished,8.0,51.0,1:31.357,
2025,3,Japanese Grand Prix,suzuka,Suzuka Circuit,Suzuka,Japan,2025-04-06,permanent,standard,antonelli,ANT,Andrea Kimi Antonelli,Andrea_Kimi_Antonelli,Mercedes,6,6,6,8,53,Finished,1.0,50.0,1:30.965,
2025,3,Japanese Grand Prix,suzuka,Suzuka Circuit,Suzuka,Japan,2025-04-06,permanent,standard,hamilton,HAM,Lewis Hamilton,Lewis_Hamilton,Ferrari,8,7,7,6,53,Finished,9.0,51.0,1:31.406,
2025,3,Japanese Grand Prix,suzuka,Suzuka Circuit,Suzuka,Japan,2025-04-06,permanent,standard,hadjar,HAD,Isack Hadjar,Isack_Hadjar,RB F1 Team,7,8,8,4,53,Finished,7.0,52.0,1:31.317,
2025,3,Japanese Grand Prix,suzuka,Suzuka Circuit,Suzuka,Japan,2025-04-06,permanent,standard,albon,ALB,Alexander Albon,Alexander_Albon,Williams,9,9,9,2,53,Finished,6.0,52.0,1:31.125,
2025,3,Japanese Grand Prix,suzuka,Suzuka Circuit,Suzuka,Japan,2025-04-06,permanent,standard,bearman,BEA,Oliver Bearman,Oliver_Bearman,Haas F1 Team,10,10,10,1,53,Finished,15.0,49.0,1:32.006,
2025,3,Japanese Grand Prix,suzuka,Suzuka Circuit,Suzuka,Japan,2025-04-06,permanent,standard,alonso,ALO,Fernando Alonso,Fernando_Alonso,Aston Martin,12,11,11,0,53,Finished,11.0,51.0,1:31.770,
2025,3,Japanese Grand Prix,suzuka,Suzuka Circuit,Suzuka,Japan,2025-04-06,permanent,standard,tsunoda,TSU,Yuki Tsunoda,Yuki_Tsunoda,Red Bull,14,12,12,0,53,Finished,13.0,51.0,1:31.871,
2025,3,Japanese Grand Prix,suzuka,Suzuka Circuit,Suzuka,Japan,2025-04-06,permanent,standard,gasly,GAS,Pierre Gasly,Pierre_Gasly,Alpine F1 Team,11,13,13,0,53,Finished,12.0,52.0,1:31.820,
2025,3,Japanese Grand Prix,suzuka,Suzuka Circuit,Suzuka,Japan,2025-04-06,permanent,standard,sainz,SAI,Carlos Sainz,Carlos_Sainz,Williams,15,14,14,0,53,Finished,4.0,36.0,1:31.106,
2025,3,Japanese Grand Prix,suzuka,Suzuka Circuit,Suzuka,Japan,2025-04-06,permanent,standard,doohan,DOO,Jack Doohan,Jack_Doohan,Alpine F1 Team,19,15,15,0,53,Finished,20.0,47.0,1:32.685,
2025,3,Japanese Grand Prix,suzuka,Suzuka Circuit,Suzuka,Japan,2025-04-06,permanent,standard,hulkenberg,HUL,Nico Hülkenberg,Nico_Hulkenberg,Sauber,16,16,16,0,53,Finished,19.0,31.0,1:32.572,
2025,3,Japanese Grand Prix,suzuka,Suzuka Circuit,Suzuka,Japan,2025-04-06,permanent,standard,lawson,LAW,Liam Lawson,Liam_Lawson,RB F1 Team,13,17,17,0,53,Finished,17.0,39.0,1:32.043,
2025,3,Japanese Grand Prix,suzuka,Suzuka Circuit,Suzuka,Japan,2025-04-06,permanent,standard,ocon,OCO,Esteban Ocon,Esteban_Ocon,Haas F1 Team,18,18,18,0,53,Finished,14.0,48.0,1:31.967,
2025,3,Japanese Grand Prix,suzuka,Suzuka Circuit,Suzuka,Japan,2025-04-06,permanent,standard,bortoleto,BOR,Gabriel Bortoleto,Gabriel_Bortoleto,Sauber,17,19,19,0,53,Finished,16.0,45.0,1:32.034,
2025,3,Japanese Grand Prix,suzuka,Suzuka Circuit,Suzuka,Japan,2025-04-06,permanent,standard,stroll,STR,Lance Stroll,Lance_Stroll,Aston Martin,20,20,20,0,52,Lapped,18.0,52.0,1:32.052,
2025,4,Bahrain Grand Prix,bahrain,Bahrain International Circuit,Sakhir,Bahrain,2025-04-13,permanent,standard,piastri,PIA,Oscar Piastri,Oscar_Piastri,McLaren,1,1,1,25,57,Finished,1.0,36.0,1:35.140,
2025,4,Bahrain Grand Prix,bahrain,Bahrain International Circuit,Sakhir,Bahrain,2025-04-13,permanent,standard,russell,RUS,George Russell,George_Russell,Mercedes,3,2,2,18,57,Finished,2.0,36.0,1:35.518,
2025,4,Bahrain Grand Prix,bahrain,Bahrain International Circuit,Sakhir,Bahrain,2025-04-13,permanent,standard,norris,NOR,Lando Norris,Lando_Norris,McLaren,6,3,3,15,57,Finished,3.0,38.0,1:35.728,
2025,4,Bahrain Grand Prix,bahrain,Bahrain International Circuit,Sakhir,Bahrain,2025-04-13,permanent,standard,leclerc,LEC,Charles Leclerc,Charles_Leclerc,Ferrari,2,4,4,12,57,Finished,4.0,36.0,1:36.132,
2025,4,Bahrain Grand Prix,bahrain,Bahrain International Circuit,Sakhir,Bahrain,2025-04-13,permanent,standard,hamilton,HAM,Lewis Hamilton,Lewis_Hamilton,Ferrari,9,5,5,10,57,Finished,6.0,37.0,1:36.235,
2025,4,Bahrain Grand Prix,bahrain,Bahrain International Circuit,Sakhir,Bahrain,2025-04-13,permanent,standard,max_verstappen,VER,Max Verstappen,Max_Verstappen,Red Bull,7,6,6,8,57,Finished,5.0,29.0,1:36.167,
2025,4,Bahrain Grand Prix,bahrain,Bahrain International Circuit,Sakhir,Bahrain,2025-04-13,permanent,standard,gasly,GAS,Pierre Gasly,Pierre_Gasly,Alpine F1 Team,4,7,7,6,57,Finished,7.0,39.0,1:36.531,
2025,4,Bahrain Grand Prix,bahrain,Bahrain International Circuit,Sakhir,Bahrain,2025-04-13,permanent,standard,ocon,OCO,Esteban Ocon,Esteban_Ocon,Haas F1 Team,14,8,8,4,57,Finished,12.0,30.0,1:37.098,
2025,4,Bahrain Grand Prix,bahrain,Bahrain International Circuit,Sakhir,Bahrain,2025-04-13,permanent,standard,tsunoda,TSU,Yuki Tsunoda,Yuki_Tsunoda,Red Bull,10,9,9,2,57,Finished,14.0,45.0,1:37.225,
2025,4,Bahrain Grand Prix,bahrain,Bahrain International Circuit,Sakhir,Bahrain,2025-04-13,permanent,standard,bearman,BEA,Oliver Bearman,Oliver_Bearman,Haas F1 Team,20,10,10,1,57,Finished,15.0,40.0,1:37.303,
2025,4,Bahrain Grand Prix,bahrain,Bahrain International Circuit,Sakhir,Bahrain,2025-04-13,permanent,standard,antonelli,ANT,Andrea Kimi Antonelli,Andrea_Kimi_Antonelli,Mercedes,5,11,11,0,57,Finished,9.0,29.0,1:36.690,
2025,4,Bahrain Grand Prix,bahrain,Bahrain International Circuit,Sakhir,Bahrain,2025-04-13,permanent,standard,albon,ALB,Alexander Albon,Alexander_Albon,Williams,15,12,12,0,57,Finished,13.0,47.0,1:37.141,
2025,4,Bahrain Grand Prix,bahrain,Bahrain International Circuit,Sakhir,Bahrain,2025-04-13,permanent,standard,hadjar,HAD,Isack Hadjar,Isack_Hadjar,RB F1 Team,12,13,13,0,57,Finished,10.0,30.0,1:36.952,
2025,4,Bahrain Grand Prix,bahrain,Bahrain International Circuit,Sakhir,Bahrain,2025-04-13,permanent,standard,doohan,DOO,Jack Doohan,Jack_Doohan,Alpine F1 Team,11,14,14,0,57,Finished,8.0,31.0,1:36.682,
2025,4,Bahrain Grand Prix,bahrain,Bahrain International Circuit,Sakhir,Bahrain,2025-04-13,permanent,standard,alonso,ALO,Fernando Alonso,Fernando_Alonso,Aston Martin,13,15,15,0,57,Finished,17.0,38.0,1:37.906,
2025,4,Bahrain Grand Prix,bahrain,Bahrain International Circuit,Sakhir,Bahrain,2025-04-13,permanent,standard,lawson,LAW,Liam Lawson,Liam_Lawson,RB F1 Team,17,16,16,0,57,Finished,16.0,44.0,1:37.380,
2025,4,Bahrain Grand Prix,bahrain,Bahrain International Circuit,Sakhir,Bahrain,2025-04-13,permanent,standard,stroll,STR,Lance Stroll,Lance_Stroll,Aston Martin,19,17,17,0,57,Finished,19.0,38.0,1:38.064,
2025,4,Bahrain Grand Prix,bahrain,Bahrain International Circuit,Sakhir,Bahrain,2025-04-13,permanent,standard,bortoleto,BOR,Gabriel Bortoleto,Gabriel_Bortoleto,Sauber,18,18,18,0,57,Finished,18.0,38.0,1:38.006,
2025,4,Bahrain Grand Prix,bahrain,Bahrain International Circuit,Sakhir,Bahrain,2025-04-13,permanent,standard,sainz,SAI,Carlos Sainz,Carlos_Sainz,Williams,8,19,R,0,45,Retired,11.0,16.0,1:36.954,
2025,4,Bahrain Grand Prix,bahrain,Bahrain International Circuit,Sakhir,Bahrain,2025-04-13,permanent,standard,hulkenberg,HUL,Nico Hülkenberg,Nico_Hulkenberg,Sauber,16,20,D,0,0,Disqualified,,,,
2025,5,Saudi Arabian Grand Prix,jeddah,Jeddah Corniche Circuit,Jeddah,Saudi Arabia,2025-04-20,street,standard,piastri,PIA,Oscar Piastri,Oscar_Piastri,McLaren,2,1,1,25,50,Finished,3.0,50.0,1:32.228,
2025,5,Saudi Arabian Grand Prix,jeddah,Jeddah Corniche Circuit,Jeddah,Saudi Arabia,2025-04-20,street,standard,max_verstappen,VER,Max Verstappen,Max_Verstappen,Red Bull,1,2,2,18,50,Finished,4.0,49.0,1:32.280,
2025,5,Saudi Arabian Grand Prix,jeddah,Jeddah Corniche Circuit,Jeddah,Saudi Arabia,2025-04-20,street,standard,leclerc,LEC,Charles Leclerc,Charles_Leclerc,Ferrari,4,3,3,15,50,Finished,2.0,49.0,1:32.192,
2025,5,Saudi Arabian Grand Prix,jeddah,Jeddah Corniche Circuit,Jeddah,Saudi Arabia,2025-04-20,street,standard,norris,NOR,Lando Norris,Lando_Norris,McLaren,10,4,4,12,50,Finished,1.0,41.0,1:31.778,
2025,5,Saudi Arabian Grand Prix,jeddah,Jeddah Corniche Circuit,Jeddah,Saudi Arabia,2025-04-20,street,standard,russell,RUS,George Russell,George_Russell,Mercedes,3,5,5,10,50,Finished,9.0,32.0,1:32.893,
2025,5,Saudi Arabian Grand Prix,jeddah,Jeddah Corniche Circuit,Jeddah,Saudi Arabia,2025-04-20,street,standard,antonelli,ANT,Andrea Kimi Antonelli,Andrea_Kimi_Antonelli,Mercedes,5,6,6,8,50,Finished,5.0,50.0,1:32.396,
2025,5,Saudi Arabian Grand Prix,jeddah,Jeddah Corniche Circuit,Jeddah,Saudi Arabia,2025-04-20,street,standard,hamilton,HAM,Lewis Hamilton,Lewis_Hamilton,Ferrari,7,7,7,6,50,Finished,7.0,43.0,1:32.600,
2025,5,Saudi Arabian Grand Prix,jeddah,Jeddah Corniche Circuit,Jeddah,Saudi Arabia,2025-04-20,street,standard,sainz,SAI,Carlos Sainz,Carlos_Sainz,Williams,6,8,8,4,50,Finished,6.0,50.0,1:32.466,
2025,5,Saudi Arabian Grand Prix,jeddah,Jeddah Corniche Circuit,Jeddah,Saudi Arabia,2025-04-20,street,standard,albon,ALB,Alexander Albon,Alexander_Albon,Williams,11,9,9,2,50,Finished,16.0,47.0,1:33.477,
2025,5,Saudi Arabian Grand Prix,jeddah,Jeddah Corniche Circuit,Jeddah,Saudi Arabia,2025-04-20,street,standard,hadjar,HAD,Isack Hadjar,Isack_Hadjar,RB F1 Team,14,10,10,1,50,Finished,14.0,39.0,1:33.257,
2025,5,Saudi Arabian Grand Prix,jeddah,Jeddah Corniche Circuit,Jeddah,Saudi Arabia,2025-04-20,street,standard,alonso,ALO,Fernando Alonso,Fernando_Alonso,Aston Martin,13,11,11,0,50,Finished,11.0,49.0,1:33.009,
2025,5,Saudi Arabian Grand Prix,jeddah,Jeddah Corniche Circuit,Jeddah,Saudi Arabia,2025-04-20,street,standard,lawson,LAW,Liam Lawson,Liam_Lawson,RB F1 Team,12,12,12,0,50,Finished,10.0,43.0,1:32.998,
2025,5,Saudi Arabian Grand Prix,jeddah,Jeddah Corniche Circuit,Jeddah,Saudi Arabia,2025-04-20,street,standard,bearman,BEA,Oliver Bearman,Oliver_Bearman,Haas F1 Team,15,13,13,0,50,Finished,13.0,50.0,1:33.238,
2025,5,Saudi Arabian Grand Prix,jeddah,Jeddah Corniche Circuit,Jeddah,Saudi Arabia,2025-04-20,street,standard,ocon,OCO,Esteban Ocon,Esteban_Ocon,Haas F1 Team,19,14,14,0,50,Finished,17.0,47.0,1:34.309,
2025,5,Saudi Arabian Grand Prix,jeddah,Jeddah Corniche Circuit,Jeddah,Saudi Arabia,2025-04-20,street,standard,hulkenberg,HUL,Nico Hülkenberg,Nico_Hulkenberg,Sauber,18,15,15,0,49,Lapped,15.0,39.0,1:33.446,
2025,5,Saudi Arabian Grand Prix,jeddah,Jeddah Corniche Circuit,Jeddah,Saudi Arabia,2025-04-20,street,standard,stroll,STR,Lance Stroll,Lance_Stroll,Aston Martin,16,16,16,0,49,Lapped,8.0,44.0,1:32.745,
2025,5,Saudi Arabian Grand Prix,jeddah,Jeddah Corniche Circuit,Jeddah,Saudi Arabia,2025-04-20,street,standard,doohan,DOO,Jack Doohan,Jack_Doohan,Alpine F1 Team,17,17,17,0,49,Lapped,12.0,48.0,1:33.150,
2025,5,Saudi Arabian Grand Prix,jeddah,Jeddah Corniche Circuit,Jeddah,Saudi Arabia,2025-04-20,street,standard,bortoleto,BOR,Gabriel Bortoleto,Gabriel_Bortoleto,Sauber,20,18,18,0,49,Lapped,18.0,39.0,1:34.447,
2025,5,Saudi Arabian Grand Prix,jeddah,Jeddah Corniche Circuit,Jeddah,Saudi Arabia,2025-04-20,street,standard,tsunoda,TSU,Yuki Tsunoda,Yuki_Tsunoda,Red Bull,8,19,R,0,1,Retired,,,,
2025,5,Saudi Arabian Grand Prix,jeddah,Jeddah Corniche Circuit,Jeddah,Saudi Arabia,2025-04-20,street,standard,gasly,GAS,Pierre Gasly,Pierre_Gasly,Alpine F1 Team,9,20,R,0,0,Retired,,,,
2025,6,Miami Grand Prix,miami,Miami International Autodrome,Miami,USA,2025-05-04,temporary_non_street,sprint,piastri,PIA,Oscar Piastri,Oscar_Piastri,McLaren,4,1,1,25,57,Finished,2.0,35.0,1:29.822,
2025,6,Miami Grand Prix,miami,Miami International Autodrome,Miami,USA,2025-05-04,temporary_non_street,sprint,norris,NOR,Lando Norris,Lando_Norris,McLaren,2,2,2,18,57,Finished,1.0,36.0,1:29.746,
2025,6,Miami Grand Prix,miami,Miami International Autodrome,Miami,USA,2025-05-04,temporary_non_street,sprint,russell,RUS,George Russell,George_Russell,Mercedes,5,3,3,15,57,Finished,3.0,31.0,1:30.318,
2025,6,Miami Grand Prix,miami,Miami International Autodrome,Miami,USA,2025-05-04,temporary_non_street,sprint,max_verstappen,VER,Max Verstappen,Max_Verstappen,Red Bull,1,4,4,12,57,Finished,5.0,41.0,1:30.466,
2025,6,Miami Grand Prix,miami,Miami International Autodrome,Miami,USA,2025-05-04,temporary_non_street,sprint,albon,ALB,Alexander Albon,Alexander_Albon,Williams,7,5,5,10,57,Finished,6.0,55.0,1:30.482,
2025,6,Miami Grand Prix,miami,Miami International Autodrome,Miami,USA,2025-05-04,temporary_non_street,sprint,antonelli,ANT,Andrea Kimi Antonelli,Andrea_Kimi_Antonelli,Mercedes,3,6,6,8,57,Finished,9.0,27.0,1:30.795,
2025,6,Miami Grand Prix,miami,Miami International Autodrome,Miami,USA,2025-05-04,temporary_non_street,sprint,leclerc,LEC,Charles Leclerc,Charles_Leclerc,Ferrari,8,7,7,6,57,Finished,4.0,35.0,1:30.461,
2025,6,Miami Grand Prix,miami,Miami International Autodrome,Miami,USA,2025-05-04,temporary_non_street,sprint,hamilton,HAM,Lewis Hamilton,Lewis_Hamilton,Ferrari,12,8,8,4,57,Finished,7.0,35.0,1:30.562,
2025,6,Miami Grand Prix,miami,Miami International Autodrome,Miami,USA,2025-05-04,temporary_non_street,sprint,sainz,SAI,Carlos Sainz,Carlos_Sainz,Williams,6,9,9,2,57,Finished,8.0,35.0,1:30.703,
2025,6,Miami Grand Prix,miami,Miami International Autodrome,Miami,USA,2025-05-04,temporary_non_street,sprint,tsunoda,TSU,Yuki Tsunoda,Yuki_Tsunoda,Red Bull,10,10,10,1,57,Finished,10.0,55.0,1:30.964,
2025,6,Miami Grand Prix,miami,Miami International Autodrome,Miami,USA,2025-05-04,temporary_non_street,sprint,hadjar,HAD,Isack Hadjar,Isack_Hadjar,RB F1 Team,11,11,11,0,57,Finished,11.0,51.0,1:30.971,
2025,6,Miami Grand Prix,miami,Miami International Autodrome,Miami,USA,2025-05-04,temporary_non_street,sprint,ocon,OCO,Esteban Ocon,Esteban_Ocon,Haas F1 Team,9,12,12,0,57,Finished,13.0,30.0,1:31.122,
2025,6,Miami Grand Prix,miami,Miami International Autodrome,Miami,USA,2025-05-04,temporary_non_street,sprint,gasly,GAS,Pierre Gasly,Pierre_Gasly,Alpine F1 Team,20,13,13,0,57,Finished,14.0,35.0,1:31.159,
2025,6,Miami Grand Prix,miami,Miami International Autodrome,Miami,USA,2025-05-04,temporary_non_street,sprint,hulkenberg,HUL,Nico Hülkenberg,Nico_Hulkenberg,Sauber,16,14,14,0,56,Lapped,12.0,43.0,1:31.015,
2025,6,Miami Grand Prix,miami,Miami International Autodrome,Miami,USA,2025-05-04,temporary_non_street,sprint,alonso,ALO,Fernando Alonso,Fernando_Alonso,Aston Martin,17,15,15,0,56,Lapped,15.0,38.0,1:31.287,
2025,6,Miami Grand Prix,miami,Miami International Autodrome,Miami,USA,2025-05-04,temporary_non_street,sprint,stroll,STR,Lance Stroll,Lance_Stroll,Aston Martin,18,16,16,0,56,Lapped,16.0,50.0,1:31.769,
2025,6,Miami Grand Prix,miami,Miami International Autodrome,Miami,USA,2025-05-04,temporary_non_street,sprint,lawson,LAW,Liam Lawson,Liam_Lawson,RB F1 Team,15,17,R,0,36,Retired,17.0,30.0,1:31.770,
2025,6,Miami Grand Prix,miami,Miami International Autodrome,Miami,USA,2025-05-04,temporary_non_street,sprint,bortoleto,BOR,Gabriel Bortoleto,Gabriel_Bortoleto,Sauber,13,18,R,0,30,Retired,18.0,21.0,1:32.328,
2025,6,Miami Grand Prix,miami,Miami International Autodrome,Miami,USA,2025-05-04,temporary_non_street,sprint,bearman,BEA,Oliver Bearman,Oliver_Bearman,Haas F1 Team,19,19,R,0,27,Retired,19.0,24.0,1:32.680,
2025,6,Miami Grand Prix,miami,Miami International Autodrome,Miami,USA,2025-05-04,temporary_non_street,sprint,doohan,DOO,Jack Doohan,Jack_Doohan,Alpine F1 Team,14,20,R,0,0,Retired,,,,
2025,7,Emilia Romagna Grand Prix,imola,Autodromo Enzo e Dino Ferrari,Imola,Italy,2025-05-18,permanent,standard,max_verstappen,VER,Max Verstappen,Max_Verstappen,Red Bull,2,1,1,25,63,Finished,1.0,58.0,1:17.988,
2025,7,Emilia Romagna Grand Prix,imola,Autodromo Enzo e Dino Ferrari,Imola,Italy,2025-05-18,permanent,standard,norris,NOR,Lando Norris,Lando_Norris,McLaren,4,2,2,18,63,Finished,4.0,63.0,1:18.311,
2025,7,Emilia Romagna Grand Prix,imola,Autodromo Enzo e Dino Ferrari,Imola,Italy,2025-05-18,permanent,standard,piastri,PIA,Oscar Piastri,Oscar_Piastri,McLaren,1,3,3,15,63,Finished,5.0,56.0,1:18.894,
2025,7,Emilia Romagna Grand Prix,imola,Autodromo Enzo e Dino Ferrari,Imola,Italy,2025-05-18,permanent,standard,hamilton,HAM,Lewis Hamilton,Lewis_Hamilton,Ferrari,12,4,4,12,63,Finished,2.0,61.0,1:18.265,
2025,7,Emilia Romagna Grand Prix,imola,Autodromo Enzo e Dino Ferrari,Imola,Italy,2025-05-18,permanent,standard,albon,ALB,Alexander Albon,Alexander_Albon,Williams,7,5,5,10,63,Finished,3.0,63.0,1:18.289,
2025,7,Emilia Romagna Grand Prix,imola,Autodromo Enzo e Dino Ferrari,Imola,Italy,2025-05-18,permanent,standard,leclerc,LEC,Charles Leclerc,Charles_Leclerc,Ferrari,11,6,6,8,63,Finished,6.0,56.0,1:19.048,
2025,7,Emilia Romagna Grand Prix,imola,Autodromo Enzo e Dino Ferrari,Imola,Italy,2025-05-18,permanent,standard,russell,RUS,George Russell,George_Russell,Mercedes,3,7,7,6,63,Finished,9.0,55.0,1:19.733,
2025,7,Emilia Romagna Grand Prix,imola,Autodromo Enzo e Dino Ferrari,Imola,Italy,2025-05-18,permanent,standard,sainz,SAI,Carlos Sainz,Carlos_Sainz,Williams,6,8,8,4,63,Finished,10.0,58.0,1:19.836,
2025,7,Emilia Romagna Grand Prix,imola,Autodromo Enzo e Dino Ferrari,Imola,Italy,2025-05-18,permanent,standard,hadjar,HAD,Isack Hadjar,Isack_Hadjar,RB F1 Team,9,9,9,2,63,Finished,7.0,60.0,1:19.473,
2025,7,Emilia Romagna Grand Prix,imola,Autodromo Enzo e Dino Ferrari,Imola,Italy,2025-05-18,permanent,standard,tsunoda,TSU,Yuki Tsunoda,Yuki_Tsunoda,Red Bull,20,10,10,1,63,Finished,12.0,60.0,1:20.039,
2025,7,Emilia Romagna Grand Prix,imola,Autodromo Enzo e Dino Ferrari,Imola,Italy,2025-05-18,permanent,standard,alonso,ALO,Fernando Alonso,Fernando_Alonso,Aston Martin,5,11,11,0,63,Finished,11.0,61.0,1:19.894,
2025,7,Emilia Romagna Grand Prix,imola,Autodromo Enzo e Dino Ferrari,Imola,Italy,2025-05-18,permanent,standard,hulkenberg,HUL,Nico Hülkenberg,Nico_Hulkenberg,Sauber,17,12,12,0,63,Finished,15.0,62.0,1:20.401,
2025,7,Emilia Romagna Grand Prix,imola,Autodromo Enzo e Dino Ferrari,Imola,Italy,2025-05-18,permanent,standard,gasly,GAS,Pierre Gasly,Pierre_Gasly,Alpine F1 Team,10,13,13,0,63,Finished,14.0,58.0,1:20.398,
2025,7,Emilia Romagna Grand Prix,imola,Autodromo Enzo e Dino Ferrari,Imola,Italy,2025-05-18,permanent,standard,lawson,LAW,Liam Lawson,Liam_Lawson,RB F1 Team,15,14,14,0,63,Finished,16.0,60.0,1:20.473,
2025,7,Emilia Romagna Grand Prix,imola,Autodromo Enzo e Dino Ferrari,Imola,Italy,2025-05-18,permanent,standard,stroll,STR,Lance Stroll,Lance_Stroll,Aston Martin,8,15,15,0,63,Finished,17.0,58.0,1:20.501,
2025,7,Emilia Romagna Grand Prix,imola,Autodromo Enzo e Dino Ferrari,Imola,Italy,2025-05-18,permanent,standard,colapinto,COL,Franco Colapinto,Franco_Colapinto,Alpine F1 Team,16,16,16,0,63,Finished,13.0,57.0,1:20.345,
2025,7,Emilia Romagna Grand Prix,imola,Autodromo Enzo e Dino Ferrari,Imola,Italy,2025-05-18,permanent,standard,bearman,BEA,Oliver Bearman,Oliver_Bearman,Haas F1 Team,19,17,17,0,63,Finished,8.0,52.0,1:19.521,
2025,7,Emilia Romagna Grand Prix,imola,Autodromo Enzo e Dino Ferrari,Imola,Italy,2025-05-18,permanent,standard,bortoleto,BOR,Gabriel Bortoleto,Gabriel_Bortoleto,Sauber,14,18,18,0,63,Finished,19.0,57.0,1:20.630,
2025,7,Emilia Romagna Grand Prix,imola,Autodromo Enzo e Dino Ferrari,Imola,Italy,2025-05-18,permanent,standard,antonelli,ANT,Andrea Kimi Antonelli,Andrea_Kimi_Antonelli,Mercedes,13,19,R,0,44,Retired,18.0,33.0,1:20.620,
2025,7,Emilia Romagna Grand Prix,imola,Autodromo Enzo e Dino Ferrari,Imola,Italy,2025-05-18,permanent,standard,ocon,OCO,Esteban Ocon,Esteban_Ocon,Haas F1 Team,18,20,R,0,27,Retired,20.0,3.0,1:21.413,
2025,8,Monaco Grand Prix,monaco,Circuit de Monaco,Monte Carlo,Monaco,2025-05-25,street,standard,norris,NOR,Lando Norris,Lando_Norris,McLaren,1,1,1,25,78,Finished,1.0,78.0,1:13.221,
2025,8,Monaco Grand Prix,monaco,Circuit de Monaco,Monte Carlo,Monaco,2025-05-25,street,standard,leclerc,LEC,Charles Leclerc,Charles_Leclerc,Ferrari,2,2,2,18,78,Finished,6.0,36.0,1:14.055,
2025,8,Monaco Grand Prix,monaco,Circuit de Monaco,Monte Carlo,Monaco,2025-05-25,street,standard,piastri,PIA,Oscar Piastri,Oscar_Piastri,McLaren,3,3,3,15,78,Finished,4.0,60.0,1:13.745,
2025,8,Monaco Grand Prix,monaco,Circuit de Monaco,Monte Carlo,Monaco,2025-05-25,street,standard,max_verstappen,VER,Max Verstappen,Max_Verstappen,Red Bull,4,4,4,12,78,Finished,8.0,45.0,1:14.230,
2025,8,Monaco Grand Prix,monaco,Circuit de Monaco,Monte Carlo,Monaco,2025-05-25,street,standard,hamilton,HAM,Lewis Hamilton,Lewis_Hamilton,Ferrari,7,5,5,10,78,Finished,7.0,73.0,1:14.090,
2025,8,Monaco Grand Prix,monaco,Circuit de Monaco,Monte Carlo,Monaco,2025-05-25,street,standard,hadjar,HAD,Isack Hadjar,Isack_Hadjar,RB F1 Team,5,6,6,8,77,Lapped,19.0,16.0,1:15.981,
2025,8,Monaco Grand Prix,monaco,Circuit de Monaco,Monte Carlo,Monaco,2025-05-25,street,standard,ocon,OCO,Esteban Ocon,Esteban_Ocon,Haas F1 Team,8,7,7,6,77,Lapped,14.0,34.0,1:15.157,
2025,8,Monaco Grand Prix,monaco,Circuit de Monaco,Monte Carlo,Monaco,2025-05-25,street,standard,lawson,LAW,Liam Lawson,Liam_Lawson,RB F1 Team,9,8,8,4,77,Lapped,17.0,54.0,1:15.321,
2025,8,Monaco Grand Prix,monaco,Circuit de Monaco,Monte Carlo,Monaco,2025-05-25,street,standard,albon,ALB,Alexander Albon,Alexander_Albon,Williams,10,9,9,2,76,Lapped,9.0,74.0,1:14.597,
2025,8,Monaco Grand Prix,monaco,Circuit de Monaco,Monte Carlo,Monaco,2025-05-25,street,standard,sainz,SAI,Carlos Sainz,Carlos_Sainz,Williams,11,10,10,1,76,Lapped,5.0,68.0,1:13.988,
2025,8,Monaco Grand Prix,monaco,Circuit de Monaco,Monte Carlo,Monaco,2025-05-25,street,standard,russell,RUS,George Russell,George_Russell,Mercedes,14,11,11,0,76,Lapped,2.0,74.0,1:13.405,
2025,8,Monaco Grand Prix,monaco,Circuit de Monaco,Monte Carlo,Monaco,2025-05-25,street,standard,bearman,BEA,Oliver Bearman,Oliver_Bearman,Haas F1 Team,20,12,12,0,76,Lapped,10.0,6.0,1:14.855,
2025,8,Monaco Grand Prix,monaco,Circuit de Monaco,Monte Carlo,Monaco,2025-05-25,street,standard,colapinto,COL,Franco Colapinto,Franco_Colapinto,Alpine F1 Team,18,13,13,0,76,Lapped,16.0,30.0,1:15.298,
2025,8,Monaco Grand Prix,monaco,Circuit de Monaco,Monte Carlo,Monaco,2025-05-25,street,standard,bortoleto,BOR,Gabriel Bortoleto,Gabriel_Bortoleto,Sauber,16,14,14,0,76,Lapped,12.0,37.0,1:14.884,
2025,8,Monaco Grand Prix,monaco,Circuit de Monaco,Monte Carlo,Monaco,2025-05-25,street,standard,stroll,STR,Lance Stroll,Lance_Stroll,Aston Martin,19,15,15,0,76,Lapped,11.0,67.0,1:14.877,
2025,8,Monaco Grand Prix,monaco,Circuit de Monaco,Monte Carlo,Monaco,2025-05-25,street,standard,hulkenberg,HUL,Nico Hülkenberg,Nico_Hulkenberg,Sauber,13,16,16,0,76,Lapped,15.0,47.0,1:15.223,
2025,8,Monaco Grand Prix,monaco,Circuit de Monaco,Monte Carlo,Monaco,2025-05-25,street,standard,tsunoda,TSU,Yuki Tsunoda,Yuki_Tsunoda,Red Bull,12,17,17,0,76,Lapped,13.0,75.0,1:14.913,
2025,8,Monaco Grand Prix,monaco,Circuit de Monaco,Monte Carlo,Monaco,2025-05-25,street,standard,antonelli,ANT,Andrea Kimi Antonelli,Andrea_Kimi_Antonelli,Mercedes,15,18,18,0,75,Lapped,3.0,74.0,1:13.518,
2025,8,Monaco Grand Prix,monaco,Circuit de Monaco,Monte Carlo,Monaco,2025-05-25,street,standard,alonso,ALO,Fernando Alonso,Fernando_Alonso,Aston Martin,6,19,R,0,36,Retired,18.0,15.0,1:15.593,
2025,8,Monaco Grand Prix,monaco,Circuit de Monaco,Monte Carlo,Monaco,2025-05-25,street,standard,gasly,GAS,Pierre Gasly,Pierre_Gasly,Alpine F1 Team,17,20,R,0,7,Retired,20.0,6.0,1:18.054,
2025,9,Spanish Grand Prix,catalunya,Circuit de Barcelona-Catalunya,Barcelona,Spain,2025-06-01,permanent,standard,piastri,PIA,Oscar Piastri,Oscar_Piastri,McLaren,1,1,1,25,66,Finished,1.0,61.0,1:15.743,
2025,9,Spanish Grand Prix,catalunya,Circuit de Barcelona-Catalunya,Barcelona,Spain,2025-06-01,permanent,standard,norris,NOR,Lando Norris,Lando_Norris,McLaren,2,2,2,18,66,Finished,2.0,61.0,1:16.187,
2025,9,Spanish Grand Prix,catalunya,Circuit de Barcelona-Catalunya,Barcelona,Spain,2025-06-01,permanent,standard,leclerc,LEC,Charles Leclerc,Charles_Leclerc,Ferrari,7,3,3,15,66,Finished,5.0,62.0,1:17.259,
2025,9,Spanish Grand Prix,catalunya,Circuit de Barcelona-Catalunya,Barcelona,Spain,2025-06-01,permanent,standard,russell,RUS,George Russell,George_Russell,Mercedes,4,4,4,12,66,Finished,4.0,62.0,1:17.244,
2025,9,Spanish Grand Prix,catalunya,Circuit de Barcelona-Catalunya,Barcelona,Spain,2025-06-01,permanent,standard,hulkenberg,HUL,Nico Hülkenberg,Nico_Hulkenberg,Sauber,15,5,5,10,66,Finished,6.0,63.0,1:17.575,
2025,9,Spanish Grand Prix,catalunya,Circuit de Barcelona-Catalunya,Barcelona,Spain,2025-06-01,permanent,standard,hamilton,HAM,Lewis Hamilton,Lewis_Hamilton,Ferrari,5,6,6,8,66,Finished,7.0,62.0,1:17.706,
2025,9,Spanish Grand Prix,catalunya,Circuit de Barcelona-Catalunya,Barcelona,Spain,2025-06-01,permanent,standard,hadjar,HAD,Isack Hadjar,Isack_Hadjar,RB F1 Team,9,7,7,6,66,Finished,8.0,63.0,1:17.770,
2025,9,Spanish Grand Prix,catalunya,Circuit de Barcelona-Catalunya,Barcelona,Spain,2025-06-01,permanent,standard,gasly,GAS,Pierre Gasly,Pierre_Gasly,Alpine F1 Team,8,8,8,4,66,Finished,9.0,63.0,1:17.896,
2025,9,Spanish Grand Prix,catalunya,Circuit de Barcelona-Catalunya,Barcelona,Spain,2025-06-01,permanent,standard,alonso,ALO,Fernando Alonso,Fernando_Alonso,Aston Martin,10,9,9,2,66,Finished,11.0,66.0,1:18.128,
2025,9,Spanish Grand Prix,catalunya,Circuit de Barcelona-Catalunya,Barcelona,Spain,2025-06-01,permanent,standard,max_verstappen,VER,Max Verstappen,Max_Verstappen,Red Bull,3,10,10,1,66,Finished,3.0,62.0,1:17.019,
2025,9,Spanish Grand Prix,catalunya,Circuit de Barcelona-Catalunya,Barcelona,Spain,2025-06-01,permanent,standard,lawson,LAW,Liam Lawson,Liam_Lawson,RB F1 Team,13,11,11,0,66,Finished,18.0,62.0,1:19.424,
2025,9,Spanish Grand Prix,catalunya,Circuit de Barcelona-Catalunya,Barcelona,Spain,2025-06-01,permanent,standard,bortoleto,BOR,Gabriel Bortoleto,Gabriel_Bortoleto,Sauber,12,12,12,0,66,Finished,13.0,51.0,1:18.297,
2025,9,Spanish Grand Prix,catalunya,Circuit de Barcelona-Catalunya,Barcelona,Spain,2025-06-01,permanent,standard,tsunoda,TSU,Yuki Tsunoda,Yuki_Tsunoda,Red Bull,19,13,13,0,66,Finished,10.0,46.0,1:17.998,
2025,9,Spanish Grand Prix,catalunya,Circuit de Barcelona-Catalunya,Barcelona,Spain,2025-06-01,permanent,standard,sainz,SAI,Carlos Sainz,Carlos_Sainz,Williams,17,14,14,0,66,Finished,17.0,65.0,1:19.317,
2025,9,Spanish Grand Prix,catalunya,Circuit de Barcelona-Catalunya,Barcelona,Spain,2025-06-01,permanent,standard,colapinto,COL,Franco Colapinto,Franco_Colapinto,Alpine F1 Team,18,15,15,0,66,Finished,14.0,41.0,1:18.353,
2025,9,Spanish Grand Prix,catalunya,Circuit de Barcelona-Catalunya,Barcelona,Spain,2025-06-01,permanent,standard,ocon,OCO,Esteban Ocon,Esteban_Ocon,Haas F1 Team,16,16,16,0,66,Finished,15.0,46.0,1:18.624,
2025,9,Spanish Grand Prix,catalunya,Circuit de Barcelona-Catalunya,Barcelona,Spain,2025-06-01,permanent,standard,bearman,BEA,Oliver Bearman,Oliver_Bearman,Haas F1 Team,14,17,17,0,66,Finished,16.0,63.0,1:18.907,
2025,9,Spanish Grand Prix,catalunya,Circuit de Barcelona-Catalunya,Barcelona,Spain,2025-06-01,permanent,standard,antonelli,ANT,Andrea Kimi Antonelli,Andrea_Kimi_Antonelli,Mercedes,6,18,R,0,53,Retired,12.0,52.0,1:18.255,
2025,9,Spanish Grand Prix,catalunya,Circuit de Barcelona-Catalunya,Barcelona,Spain,2025-06-01,permanent,standard,albon,ALB,Alexander Albon,Alexander_Albon,Williams,11,19,R,0,27,Retired,19.0,9.0,1:20.508,
2025,10,Canadian Grand Prix,villeneuve,Circuit Gilles Villeneuve,Montreal,Canada,2025-06-15,temporary_non_street,standard,russell,RUS,George Russell,George_Russell,Mercedes,1,1,1,25,70,Finished,1.0,63.0,1:14.119,
2025,10,Canadian Grand Prix,villeneuve,Circuit Gilles Villeneuve,Montreal,Canada,2025-06-15,temporary_non_street,standard,max_verstappen,VER,Max Verstappen,Max_Verstappen,Red Bull,2,2,2,18,70,Finished,5.0,62.0,1:14.287,
2025,10,Canadian Grand Prix,villeneuve,Circuit Gilles Villeneuve,Montreal,Canada,2025-06-15,temporary_non_street,standard,antonelli,ANT,Andrea Kimi Antonelli,Andrea_Kimi_Antonelli,Mercedes,4,3,3,15,70,Finished,7.0,60.0,1:14.455,
2025,10,Canadian Grand Prix,villeneuve,Circuit Gilles Villeneuve,Montreal,Canada,2025-06-15,temporary_non_street,standard,piastri,PIA,Oscar Piastri,Oscar_Piastri,McLaren,3,4,4,12,70,Finished,3.0,64.0,1:14.255,
2025,10,Canadian Grand Prix,villeneuve,Circuit Gilles Villeneuve,Montreal,Canada,2025-06-15,temporary_non_street,standard,leclerc,LEC,Charles Leclerc,Charles_Leclerc,Ferrari,8,5,5,10,70,Finished,4.0,57.0,1:14.261,
2025,10,Canadian Grand Prix,villeneuve,Circuit Gilles Villeneuve,Montreal,Canada,2025-06-15,temporary_non_street,standard,hamilton,HAM,Lewis Hamilton,Lewis_Hamilton,Ferrari,5,6,6,8,70,Finished,9.0,64.0,1:14.805,
2025,10,Canadian Grand Prix,villeneuve,Circuit Gilles Villeneuve,Montreal,Canada,2025-06-15,temporary_non_street,standard,alonso,ALO,Fernando Alonso,Fernando_Alonso,Aston Martin,6,7,7,6,70,Finished,12.0,58.0,1:15.024,
2025,10,Canadian Grand Prix,villeneuve,Circuit Gilles Villeneuve,Montreal,Canada,2025-06-15,temporary_non_street,standard,hulkenberg,HUL,Nico Hülkenberg,Nico_Hulkenberg,Sauber,11,8,8,4,70,Finished,14.0,65.0,1:15.372,
2025,10,Canadian Grand Prix,villeneuve,Circuit Gilles Villeneuve,Montreal,Canada,2025-06-15,temporary_non_street,standard,ocon,OCO,Esteban Ocon,Esteban_Ocon,Haas F1 Team,14,9,9,2,69,Lapped,8.0,61.0,1:14.593,
2025,10,Canadian Grand Prix,villeneuve,Circuit Gilles Villeneuve,Montreal,Canada,2025-06-15,temporary_non_street,standard,sainz,SAI,Carlos Sainz,Carlos_Sainz,Williams,16,10,10,1,69,Lapped,6.0,59.0,1:14.389,
2025,10,Canadian Grand Prix,villeneuve,Circuit Gilles Villeneuve,Montreal,Canada,2025-06-15,temporary_non_street,standard,bearman,BEA,Oliver Bearman,Oliver_Bearman,Haas F1 Team,13,11,11,0,69,Lapped,15.0,62.0,1:15.397,
2025,10,Canadian Grand Prix,villeneuve,Circuit Gilles Villeneuve,Montreal,Canada,2025-06-15,temporary_non_street,standard,tsunoda,TSU,Yuki Tsunoda,Yuki_Tsunoda,Red Bull,18,12,12,0,69,Lapped,13.0,59.0,1:15.358,
2025,10,Canadian Grand Prix,villeneuve,Circuit Gilles Villeneuve,Montreal,Canada,2025-06-15,temporary_non_street,standard,colapinto,COL,Franco Colapinto,Franco_Colapinto,Alpine F1 Team,10,13,13,0,69,Lapped,17.0,53.0,1:16.076,
2025,10,Canadian Grand Prix,villeneuve,Circuit Gilles Villeneuve,Montreal,Canada,2025-06-15,temporary_non_street,standard,bortoleto,BOR,Gabriel Bortoleto,Gabriel_Bortoleto,Sauber,15,14,14,0,69,Lapped,16.0,56.0,1:15.414,
2025,10,Canadian Grand Prix,villeneuve,Circuit Gilles Villeneuve,Montreal,Canada,2025-06-15,temporary_non_street,standard,gasly,GAS,Pierre Gasly,Pierre_Gasly,Alpine F1 Team,20,15,15,0,69,Lapped,11.0,63.0,1:14.993,
2025,10,Canadian Grand Prix,villeneuve,Circuit Gilles Villeneuve,Montreal,Canada,2025-06-15,temporary_non_street,standard,hadjar,HAD,Isack Hadjar,Isack_Hadjar,RB F1 Team,12,16,16,0,69,Lapped,19.0,51.0,1:16.292,
2025,10,Canadian Grand Prix,villeneuve,Circuit Gilles Villeneuve,Montreal,Canada,2025-06-15,temporary_non_street,standard,stroll,STR,Lance Stroll,Lance_Stroll,Aston Martin,17,17,17,0,69,Lapped,10.0,57.0,1:14.902,
2025,10,Canadian Grand Prix,villeneuve,Circuit Gilles Villeneuve,Montreal,Canada,2025-06-15,temporary_non_street,standard,norris,NOR,Lando Norris,Lando_Norris,McLaren,7,18,18,0,66,Retired,2.0,65.0,1:14.229,
2025,10,Canadian Grand Prix,villeneuve,Circuit Gilles Villeneuve,Montreal,Canada,2025-06-15,temporary_non_street,standard,lawson,LAW,Liam Lawson,Liam_Lawson,RB F1 Team,19,19,R,0,53,Retired,20.0,52.0,1:16.320,
2025,10,Canadian Grand Prix,villeneuve,Circuit Gilles Villeneuve,Montreal,Canada,2025-06-15,temporary_non_street,standard,albon,ALB,Alexander Albon,Alexander_Albon,Williams,9,20,R,0,46,Retired,18.0,31.0,1:16.197,
2025,11,Austrian Grand Prix,red_bull_ring,Red Bull Ring,Spielberg,Austria,2025-06-29,permanent,standard,norris,NOR,Lando Norris,Lando_Norris,McLaren,1,1,1,25,70,Finished,2.0,61.0,1:08.272,
2025,11,Austrian Grand Prix,red_bull_ring,Red Bull Ring,Spielberg,Austria,2025-06-29,permanent,standard,piastri,PIA,Oscar Piastri,Oscar_Piastri,McLaren,3,2,2,18,70,Finished,1.0,59.0,1:07.924,
2025,11,Austrian Grand Prix,red_bull_ring,Red Bull Ring,Spielberg,Austria,2025-06-29,permanent,standard,leclerc,LEC,Charles Leclerc,Charles_Leclerc,Ferrari,2,3,3,15,70,Finished,4.0,56.0,1:08.765,
2025,11,Austrian Grand Prix,red_bull_ring,Red Bull Ring,Spielberg,Austria,2025-06-29,permanent,standard,hamilton,HAM,Lewis Hamilton,Lewis_Hamilton,Ferrari,4,4,4,12,70,Finished,3.0,53.0,1:08.628,
2025,11,Austrian Grand Prix,red_bull_ring,Red Bull Ring,Spielberg,Austria,2025-06-29,permanent,standard,russell,RUS,George Russell,George_Russell,Mercedes,5,5,5,10,70,Finished,7.0,47.0,1:09.372,
2025,11,Austrian Grand Prix,red_bull_ring,Red Bull Ring,Spielberg,Austria,2025-06-29,permanent,standard,lawson,LAW,Liam Lawson,Liam_Lawson,RB F1 Team,6,6,6,8,70,Finished,14.0,58.0,1:09.977,
2025,11,Austrian Grand Prix,red_bull_ring,Red Bull Ring,Spielberg,Austria,2025-06-29,permanent,standard,alonso,ALO,Fernando Alonso,Fernando_Alonso,Aston Martin,11,7,7,6,69,Lapped,12.0,39.0,1:09.935,
2025,11,Austrian Grand Prix,red_bull_ring,Red Bull Ring,Spielberg,Austria,2025-06-29,permanent,standard,bortoleto,BOR,Gabriel Bortoleto,Gabriel_Bortoleto,Sauber,8,8,8,4,69,Lapped,6.0,60.0,1:09.247,
2025,11,Austrian Grand Prix,red_bull_ring,Red Bull Ring,Spielberg,Austria,2025-06-29,permanent,standard,hulkenberg,HUL,Nico Hülkenberg,Nico_Hulkenberg,Sauber,20,9,9,2,69,Lapped,8.0,57.0,1:09.459,
2025,11,Austrian Grand Prix,red_bull_ring,Red Bull Ring,Spielberg,Austria,2025-06-29,permanent,standard,ocon,OCO,Esteban Ocon,Esteban_Ocon,Haas F1 Team,17,10,10,1,69,Lapped,9.0,55.0,1:09.550,
2025,11,Austrian Grand Prix,red_bull_ring,Red Bull Ring,Spielberg,Austria,2025-06-29,permanent,standard,bearman,BEA,Oliver Bearman,Oliver_Bearman,Haas F1 Team,15,11,11,0,69,Lapped,13.0,42.0,1:09.960,
2025,11,Austrian Grand Prix,red_bull_ring,Red Bull Ring,Spielberg,Austria,2025-06-29,permanent,standard,hadjar,HAD,Isack Hadjar,Isack_Hadjar,RB F1 Team,13,12,12,0,69,Lapped,16.0,40.0,1:10.204,
2025,11,Austrian Grand Prix,red_bull_ring,Red Bull Ring,Spielberg,Austria,2025-06-29,permanent,standard,gasly,GAS,Pierre Gasly,Pierre_Gasly,Alpine F1 Team,10,13,13,0,69,Lapped,15.0,46.0,1:10.151,
2025,11,Austrian Grand Prix,red_bull_ring,Red Bull Ring,Spielberg,Austria,2025-06-29,permanent,standard,stroll,STR,Lance Stroll,Lance_Stroll,Aston Martin,16,14,14,0,69,Lapped,5.0,55.0,1:09.214,
2025,11,Austrian Grand Prix,red_bull_ring,Red Bull Ring,Spielberg,Austria,2025-06-29,permanent,standard,colapinto,COL,Franco Colapinto,Franco_Colapinto,Alpine F1 Team,14,15,15,0,69,Lapped,10.0,44.0,1:09.621,
2025,11,Austrian Grand Prix,red_bull_ring,Red Bull Ring,Spielberg,Austria,2025-06-29,permanent,standard,tsunoda,TSU,Yuki Tsunoda,Yuki_Tsunoda,Red Bull,18,16,16,0,68,Lapped,11.0,62.0,1:09.802,
2025,11,Austrian Grand Prix,red_bull_ring,Red Bull Ring,Spielberg,Austria,2025-06-29,permanent,standard,albon,ALB,Alexander Albon,Alexander_Albon,Williams,12,17,R,0,15,Retired,17.0,9.0,1:10.641,
2025,11,Austrian Grand Prix,red_bull_ring,Red Bull Ring,Spielberg,Austria,2025-06-29,permanent,standard,max_verstappen,VER,Max Verstappen,Max_Verstappen,Red Bull,7,18,R,0,0,Retired,,,,
2025,11,Austrian Grand Prix,red_bull_ring,Red Bull Ring,Spielberg,Austria,2025-06-29,permanent,standard,antonelli,ANT,Andrea Kimi Antonelli,Andrea_Kimi_Antonelli,Mercedes,9,19,R,0,0,Retired,,,,
2025,11,Austrian Grand Prix,red_bull_ring,Red Bull Ring,Spielberg,Austria,2025-06-29,permanent,standard,sainz,SAI,Carlos Sainz,Carlos_Sainz,Williams,19,20,W,0,0,Did not start,,,,
2025,12,British Grand Prix,silverstone,Silverstone Circuit,Silverstone,UK,2025-07-06,permanent,standard,norris,NOR,Lando Norris,Lando_Norris,McLaren,3,1,1,25,52,Finished,2.0,48.0,1:29.734,
2025,12,British Grand Prix,silverstone,Silverstone Circuit,Silverstone,UK,2025-07-06,permanent,standard,piastri,PIA,Oscar Piastri,Oscar_Piastri,McLaren,2,2,2,18,52,Finished,1.0,51.0,1:29.337,
2025,12,British Grand Prix,silverstone,Silverstone Circuit,Silverstone,UK,2025-07-06,permanent,standard,hulkenberg,HUL,Nico Hülkenberg,Nico_Hulkenberg,Sauber,19,3,3,15,52,Finished,14.0,51.0,1:30.933,
2025,12,British Grand Prix,silverstone,Silverstone Circuit,Silverstone,UK,2025-07-06,permanent,standard,hamilton,HAM,Lewis Hamilton,Lewis_Hamilton,Ferrari,5,4,4,12,52,Finished,3.0,49.0,1:30.016,
2025,12,British Grand Prix,silverstone,Silverstone Circuit,Silverstone,UK,2025-07-06,permanent,standard,max_verstappen,VER,Max Verstappen,Max_Verstappen,Red Bull,1,5,5,10,52,Finished,5.0,49.0,1:30.179,
2025,12,British Grand Prix,silverstone,Silverstone Circuit,Silverstone,UK,2025-07-06,permanent,standard,gasly,GAS,Pierre Gasly,Pierre_Gasly,Alpine F1 Team,8,6,6,8,52,Finished,8.0,48.0,1:30.751,
2025,12,British Grand Prix,silverstone,Silverstone Circuit,Silverstone,UK,2025-07-06,permanent,standard,stroll,STR,Lance Stroll,Lance_Stroll,Aston Martin,17,7,7,6,52,Finished,15.0,50.0,1:32.088,
2025,12,British Grand Prix,silverstone,Silverstone Circuit,Silverstone,UK,2025-07-06,permanent,standard,albon,ALB,Alexander Albon,Alexander_Albon,Williams,13,8,8,4,52,Finished,4.0,50.0,1:30.047,
2025,12,British Grand Prix,silverstone,Silverstone Circuit,Silverstone,UK,2025-07-06,permanent,standard,alonso,ALO,Fernando Alonso,Fernando_Alonso,Aston Martin,7,9,9,2,52,Finished,6.0,49.0,1:30.353,
2025,12,British Grand Prix,silverstone,Silverstone Circuit,Silverstone,UK,2025-07-06,permanent,standard,russell,RUS,George Russell,George_Russell,Mercedes,4,10,10,1,52,Finished,11.0,51.0,1:30.869,
2025,12,British Grand Prix,silverstone,Silverstone Circuit,Silverstone,UK,2025-07-06,permanent,standard,bearman,BEA,Oliver Bearman,Oliver_Bearman,Haas F1 Team,18,11,11,0,52,Finished,13.0,50.0,1:30.921,
2025,12,British Grand Prix,silverstone,Silverstone Circuit,Silverstone,UK,2025-07-06,permanent,standard,sainz,SAI,Carlos Sainz,Carlos_Sainz,Williams,9,12,12,0,52,Finished,7.0,52.0,1:30.645,
2025,12,British Grand Prix,silverstone,Silverstone Circuit,Silverstone,UK,2025-07-06,permanent,standard,ocon,OCO,Esteban Ocon,Esteban_Ocon,Haas F1 Team,14,13,13,0,52,Finished,9.0,52.0,1:30.818,
2025,12,British Grand Prix,silverstone,Silverstone Circuit,Silverstone,UK,2025-07-06,permanent,standard,leclerc,LEC,Charles Leclerc,Charles_Leclerc,Ferrari,6,14,14,0,52,Finished,10.0,50.0,1:30.819,
2025,12,British Grand Prix,silverstone,Silverstone Circuit,Silverstone,UK,2025-07-06,permanent,standard,tsunoda,TSU,Yuki Tsunoda,Yuki_Tsunoda,Red Bull,11,15,15,0,51,Lapped,12.0,49.0,1:30.873,
2025,12,British Grand Prix,silverstone,Silverstone Circuit,Silverstone,UK,2025-07-06,permanent,standard,antonelli,ANT,Andrea Kimi Antonelli,Andrea_Kimi_Antonelli,Mercedes,10,16,R,0,23,Retired,17.0,8.0,1:45.576,
2025,12,British Grand Prix,silverstone,Silverstone Circuit,Silverstone,UK,2025-07-06,permanent,standard,hadjar,HAD,Isack Hadjar,Isack_Hadjar,RB F1 Team,12,17,R,0,17,Retired,16.0,9.0,1:41.705,
2025,12,British Grand Prix,silverstone,Silverstone Circuit,Silverstone,UK,2025-07-06,permanent,standard,bortoleto,BOR,Gabriel Bortoleto,Gabriel_Bortoleto,Sauber,16,18,R,0,3,Retired,18.0,3.0,2:16.121,
2025,12,British Grand Prix,silverstone,Silverstone Circuit,Silverstone,UK,2025-07-06,permanent,standard,lawson,LAW,Liam Lawson,Liam_Lawson,RB F1 Team,15,19,R,0,0,Retired,,,,
2025,12,British Grand Prix,silverstone,Silverstone Circuit,Silverstone,UK,2025-07-06,permanent,standard,colapinto,COL,Franco Colapinto,Franco_Colapinto,Alpine F1 Team,20,20,W,0,0,Did not start,,,,
2025,13,Belgian Grand Prix,spa,Circuit de Spa-Francorchamps,Spa,Belgium,2025-07-27,permanent,sprint,piastri,PIA,Oscar Piastri,Oscar_Piastri,McLaren,2,1,1,25,44,Finished,4.0,43.0,1:45.706,
2025,13,Belgian Grand Prix,spa,Circuit de Spa-Francorchamps,Spa,Belgium,2025-07-27,permanent,sprint,norris,NOR,Lando Norris,Lando_Norris,McLaren,1,2,2,18,44,Finished,3.0,42.0,1:45.257,
2025,13,Belgian Grand Prix,spa,Circuit de Spa-Francorchamps,Spa,Belgium,2025-07-27,permanent,sprint,leclerc,LEC,Charles Leclerc,Charles_Leclerc,Ferrari,3,3,3,15,44,Finished,9.0,40.0,1:46.174,
2025,13,Belgian Grand Prix,spa,Circuit de Spa-Francorchamps,Spa,Belgium,2025-07-27,permanent,sprint,max_verstappen,VER,Max Verstappen,Max_Verstappen,Red Bull,4,4,4,12,44,Finished,7.0,40.0,1:46.096,
2025,13,Belgian Grand Prix,spa,Circuit de Spa-Francorchamps,Spa,Belgium,2025-07-27,permanent,sprint,russell,RUS,George Russell,George_Russell,Mercedes,6,5,5,10,44,Finished,11.0,43.0,1:46.566,
2025,13,Belgian Grand Prix,spa,Circuit de Spa-Francorchamps,Spa,Belgium,2025-07-27,permanent,sprint,albon,ALB,Alexander Albon,Alexander_Albon,Williams,5,6,6,8,44,Finished,15.0,38.0,1:46.813,
2025,13,Belgian Grand Prix,spa,Circuit de Spa-Francorchamps,Spa,Belgium,2025-07-27,permanent,sprint,hamilton,HAM,Lewis Hamilton,Lewis_Hamilton,Ferrari,18,7,7,6,44,Finished,10.0,43.0,1:46.534,
2025,13,Belgian Grand Prix,spa,Circuit de Spa-Francorchamps,Spa,Belgium,2025-07-27,permanent,sprint,lawson,LAW,Liam Lawson,Liam_Lawson,RB F1 Team,9,8,8,4,44,Finished,12.0,38.0,1:46.649,
2025,13,Belgian Grand Prix,spa,Circuit de Spa-Francorchamps,Spa,Belgium,2025-07-27,permanent,sprint,bortoleto,BOR,Gabriel Bortoleto,Gabriel_Bortoleto,Sauber,10,9,9,2,44,Finished,16.0,41.0,1:46.966,
2025,13,Belgian Grand Prix,spa,Circuit de Spa-Francorchamps,Spa,Belgium,2025-07-27,permanent,sprint,gasly,GAS,Pierre Gasly,Pierre_Gasly,Alpine F1 Team,13,10,10,1,44,Finished,17.0,42.0,1:47.177,
2025,13,Belgian Grand Prix,spa,Circuit de Spa-Francorchamps,Spa,Belgium,2025-07-27,permanent,sprint,bearman,BEA,Oliver Bearman,Oliver_Bearman,Haas F1 Team,12,11,11,0,44,Finished,13.0,43.0,1:46.709,
2025,13,Belgian Grand Prix,spa,Circuit de Spa-Francorchamps,Spa,Belgium,2025-07-27,permanent,sprint,hulkenberg,HUL,Nico Hülkenberg,Nico_Hulkenberg,Sauber,14,12,12,0,44,Finished,2.0,39.0,1:45.068,
2025,13,Belgian Grand Prix,spa,Circuit de Spa-Francorchamps,Spa,Belgium,2025-07-27,permanent,sprint,tsunoda,TSU,Yuki Tsunoda,Yuki_Tsunoda,Red Bull,7,13,13,0,44,Finished,19.0,42.0,1:47.241,
2025,13,Belgian Grand Prix,spa,Circuit de Spa-Francorchamps,Spa,Belgium,2025-07-27,permanent,sprint,stroll,STR,Lance Stroll,Lance_Stroll,Aston Martin,16,14,14,0,44,Finished,18.0,38.0,1:47.212,
2025,13,Belgian Grand Prix,spa,Circuit de Spa-Francorchamps,Spa,Belgium,2025-07-27,permanent,sprint,ocon,OCO,Esteban Ocon,Esteban_Ocon,Haas F1 Team,11,15,15,0,44,Finished,14.0,44.0,1:46.744,
2025,13,Belgian Grand Prix,spa,Circuit de Spa-Francorchamps,Spa,Belgium,2025-07-27,permanent,sprint,antonelli,ANT,Andrea Kimi Antonelli,Andrea_Kimi_Antonelli,Mercedes,19,16,16,0,44,Finished,1.0,32.0,1:44.861,
2025,13,Belgian Grand Prix,spa,Circuit de Spa-Francorchamps,Spa,Belgium,2025-07-27,permanent,sprint,alonso,ALO,Fernando Alonso,Fernando_Alonso,Aston Martin,20,17,17,0,44,Finished,5.0,32.0,1:45.849,
2025,13,Belgian Grand Prix,spa,Circuit de Spa-Francorchamps,Spa,Belgium,2025-07-27,permanent,sprint,sainz,SAI,Carlos Sainz,Carlos_Sainz,Williams,17,18,18,0,44,Finished,6.0,30.0,1:46.073,
2025,13,Belgian Grand Prix,spa,Circuit de Spa-Francorchamps,Spa,Belgium,2025-07-27,permanent,sprint,colapinto,COL,Franco Colapinto,Franco_Colapinto,Alpine F1 Team,15,19,19,0,44,Finished,8.0,30.0,1:46.104,
2025,13,Belgian Grand Prix,spa,Circuit de Spa-Francorchamps,Spa,Belgium,2025-07-27,permanent,sprint,hadjar,HAD,Isack Hadjar,Isack_Hadjar,RB F1 Team,8,20,20,0,43,Lapped,20.0,43.0,1:47.667,
2025,14,Hungarian Grand Prix,hungaroring,Hungaroring,Budapest,Hungary,2025-08-03,permanent,standard,norris,NOR,Lando Norris,Lando_Norris,McLaren,3,1,1,25,70,Finished,5.0,57.0,1:19.918,
2025,14,Hungarian Grand Prix,hungaroring,Hungaroring,Budapest,Hungary,2025-08-03,permanent,standard,piastri,PIA,Oscar Piastri,Oscar_Piastri,McLaren,2,2,2,18,70,Finished,2.0,56.0,1:19.412,
2025,14,Hungarian Grand Prix,hungaroring,Hungaroring,Budapest,Hungary,2025-08-03,permanent,standard,russell,RUS,George Russell,George_Russell,Mercedes,4,3,3,15,70,Finished,1.0,45.0,1:19.409,
2025,14,Hungarian Grand Prix,hungaroring,Hungaroring,Budapest,Hungary,2025-08-03,permanent,standard,leclerc,LEC,Charles Leclerc,Charles_Leclerc,Ferrari,1,4,4,12,70,Finished,9.0,47.0,1:20.440,
2025,14,Hungarian Grand Prix,hungaroring,Hungaroring,Budapest,Hungary,2025-08-03,permanent,standard,alonso,ALO,Fernando Alonso,Fernando_Alonso,Aston Martin,5,5,5,10,70,Finished,8.0,54.0,1:20.113,
2025,14,Hungarian Grand Prix,hungaroring,Hungaroring,Budapest,Hungary,2025-08-03,permanent,standard,bortoleto,BOR,Gabriel Bortoleto,Gabriel_Bortoleto,Sauber,7,6,6,8,70,Finished,11.0,48.0,1:20.705,
2025,14,Hungarian Grand Prix,hungaroring,Hungaroring,Budapest,Hungary,2025-08-03,permanent,standard,stroll,STR,Lance Stroll,Lance_Stroll,Aston Martin,6,7,7,6,70,Finished,12.0,55.0,1:20.708,
2025,14,Hungarian Grand Prix,hungaroring,Hungaroring,Budapest,Hungary,2025-08-03,permanent,standard,lawson,LAW,Liam Lawson,Liam_Lawson,RB F1 Team,9,8,8,4,70,Finished,10.0,56.0,1:20.457,
2025,14,Hungarian Grand Prix,hungaroring,Hungaroring,Budapest,Hungary,2025-08-03,permanent,standard,max_verstappen,VER,Max Verstappen,Max_Verstappen,Red Bull,8,9,9,2,70,Finished,3.0,50.0,1:19.576,
2025,14,Hungarian Grand Prix,hungaroring,Hungaroring,Budapest,Hungary,2025-08-03,permanent,standard,antonelli,ANT,Andrea Kimi Antonelli,Andrea_Kimi_Antonelli,Mercedes,15,10,10,1,69,Lapped,13.0,54.0,1:20.745,
2025,14,Hungarian Grand Prix,hungaroring,Hungaroring,Budapest,Hungary,2025-08-03,permanent,standard,hadjar,HAD,Isack Hadjar,Isack_Hadjar,RB F1 Team,10,11,11,0,69,Lapped,15.0,48.0,1:20.802,
2025,14,Hungarian Grand Prix,hungaroring,Hungaroring,Budapest,Hungary,2025-08-03,permanent,standard,hamilton,HAM,Lewis Hamilton,Lewis_Hamilton,Ferrari,12,12,12,0,69,Lapped,7.0,55.0,1:20.022,
2025,14,Hungarian Grand Prix,hungaroring,Hungaroring,Budapest,Hungary,2025-08-03,permanent,standard,hulkenberg,HUL,Nico Hülkenberg,Nico_Hulkenberg,Sauber,18,13,13,0,69,Lapped,6.0,67.0,1:20.013,
2025,14,Hungarian Grand Prix,hungaroring,Hungaroring,Budapest,Hungary,2025-08-03,permanent,standard,sainz,SAI,Carlos Sainz,Carlos_Sainz,Williams,13,14,14,0,69,Lapped,4.0,53.0,1:19.790,
2025,14,Hungarian Grand Prix,hungaroring,Hungaroring,Budapest,Hungary,2025-08-03,permanent,standard,albon,ALB,Alexander Albon,Alexander_Albon,Williams,19,15,15,0,69,Lapped,14.0,49.0,1:20.779,
2025,14,Hungarian Grand Prix,hungaroring,Hungaroring,Budapest,Hungary,2025-08-03,permanent,standard,ocon,OCO,Esteban Ocon,Esteban_Ocon,Haas F1 Team,17,16,16,0,69,Lapped,19.0,17.0,1:21.916,
2025,14,Hungarian Grand Prix,hungaroring,Hungaroring,Budapest,Hungary,2025-08-03,permanent,standard,tsunoda,TSU,Yuki Tsunoda,Yuki_Tsunoda,Red Bull,20,17,17,0,69,Lapped,17.0,46.0,1:21.180,
2025,14,Hungarian Grand Prix,hungaroring,Hungaroring,Budapest,Hungary,2025-08-03,permanent,standard,colapinto,COL,Franco Colapinto,Franco_Colapinto,Alpine F1 Team,14,18,18,0,69,Lapped,16.0,37.0,1:20.827,
2025,14,Hungarian Grand Prix,hungaroring,Hungaroring,Budapest,Hungary,2025-08-03,permanent,standard,gasly,GAS,Pierre Gasly,Pierre_Gasly,Alpine F1 Team,16,19,19,0,69,Lapped,18.0,46.0,1:21.433,
2025,14,Hungarian Grand Prix,hungaroring,Hungaroring,Budapest,Hungary,2025-08-03,permanent,standard,bearman,BEA,Oliver Bearman,Oliver_Bearman,Haas F1 Team,11,20,R,0,48,Retired,20.0,37.0,1:21.989,
2025,15,Dutch Grand Prix,zandvoort,Circuit Park Zandvoort,Zandvoort,Netherlands,2025-08-31,permanent,standard,piastri,PIA,Oscar Piastri,Oscar_Piastri,McLaren,1,1,1,25,72,Finished,1.0,60.0,1:12.271,
2025,15,Dutch Grand Prix,zandvoort,Circuit Park Zandvoort,Zandvoort,Netherlands,2025-08-31,permanent,standard,max_verstappen,VER,Max Verstappen,Max_Verstappen,Red Bull,3,2,2,18,72,Finished,3.0,70.0,1:12.921,
2025,15,Dutch Grand Prix,zandvoort,Circuit Park Zandvoort,Zandvoort,Netherlands,2025-08-31,permanent,standard,hadjar,HAD,Isack Hadjar,Isack_Hadjar,RB F1 Team,4,3,3,15,72,Finished,5.0,70.0,1:13.327,
2025,15,Dutch Grand Prix,zandvoort,Circuit Park Zandvoort,Zandvoort,Netherlands,2025-08-31,permanent,standard,russell,RUS,George Russell,George_Russell,Mercedes,5,4,4,12,72,Finished,9.0,70.0,1:13.728,
2025,15,Dutch Grand Prix,zandvoort,Circuit Park Zandvoort,Zandvoort,Netherlands,2025-08-31,permanent,standard,albon,ALB,Alexander Albon,Alexander_Albon,Williams,15,5,5,10,72,Finished,7.0,70.0,1:13.687,
2025,15,Dutch Grand Prix,zandvoort,Circuit Park Zandvoort,Zandvoort,Netherlands,2025-08-31,permanent,standard,bearman,BEA,Oliver Bearman,Oliver_Bearman,Haas F1 Team,20,6,6,8,72,Finished,13.0,70.0,1:13.950,
2025,15,Dutch Grand Prix,zandvoort,Circuit Park Zandvoort,Zandvoort,Netherlands,2025-08-31,permanent,standard,stroll,STR,Lance Stroll,Lance_Stroll,Aston Martin,19,7,7,6,72,Finished,11.0,70.0,1:13.822,
2025,15,Dutch Grand Prix,zandvoort,Circuit Park Zandvoort,Zandvoort,Netherlands,2025-08-31,permanent,standard,alonso,ALO,Fernando Alonso,Fernando_Alonso,Aston Martin,10,8,8,4,72,Finished,8.0,42.0,1:13.719,
2025,15,Dutch Grand Prix,zandvoort,Circuit Park Zandvoort,Zandvoort,Netherlands,2025-08-31,permanent,standard,tsunoda,TSU,Yuki Tsunoda,Yuki_Tsunoda,Red Bull,12,9,9,2,72,Finished,16.0,71.0,1:14.354,
2025,15,Dutch Grand Prix,zandvoort,Circuit Park Zandvoort,Zandvoort,Netherlands,2025-08-31,permanent,standard,ocon,OCO,Esteban Ocon,Esteban_Ocon,Haas F1 Team,18,10,10,1,72,Finished,14.0,71.0,1:13.986,
2025,15,Dutch Grand Prix,zandvoort,Circuit Park Zandvoort,Zandvoort,Netherlands,2025-08-31,permanent,standard,colapinto,COL,Franco Colapinto,Franco_Colapinto,Alpine F1 Team,16,11,11,0,72,Finished,4.0,72.0,1:13.049,
2025,15,Dutch Grand Prix,zandvoort,Circuit Park Zandvoort,Zandvoort,Netherlands,2025-08-31,permanent,standard,lawson,LAW,Liam Lawson,Liam_Lawson,RB F1 Team,8,12,12,0,72,Finished,12.0,60.0,1:13.879,
2025,15,Dutch Grand Prix,zandvoort,Circuit Park Zandvoort,Zandvoort,Netherlands,2025-08-31,permanent,standard,sainz,SAI,Carlos Sainz,Carlos_Sainz,Williams,9,13,13,0,72,Finished,10.0,58.0,1:13.808,
2025,15,Dutch Grand Prix,zandvoort,Circuit Park Zandvoort,Zandvoort,Netherlands,2025-08-31,permanent,standard,hulkenberg,HUL,Nico Hülkenberg,Nico_Hulkenberg,Sauber,17,14,14,0,72,Finished,18.0,61.0,1:14.912,
2025,15,Dutch Grand Prix,zandvoort,Circuit Park Zandvoort,Zandvoort,Netherlands,2025-08-31,permanent,standard,bortoleto,BOR,Gabriel Bortoleto,Gabriel_Bortoleto,Sauber,13,15,15,0,72,Finished,15.0,63.0,1:14.307,
2025,15,Dutch Grand Prix,zandvoort,Circuit Park Zandvoort,Zandvoort,Netherlands,2025-08-31,permanent,standard,antonelli,ANT,Andrea Kimi Antonelli,Andrea_Kimi_Antonelli,Mercedes,11,16,16,0,72,Finished,6.0,70.0,1:13.480,
2025,15,Dutch Grand Prix,zandvoort,Circuit Park Zandvoort,Zandvoort,Netherlands,2025-08-31,permanent,standard,gasly,GAS,Pierre Gasly,Pierre_Gasly,Alpine F1 Team,14,17,17,0,72,Finished,19.0,59.0,1:15.248,
2025,15,Dutch Grand Prix,zandvoort,Circuit Park Zandvoort,Zandvoort,Netherlands,2025-08-31,permanent,standard,norris,NOR,Lando Norris,Lando_Norris,McLaren,2,18,18,0,64,Retired,2.0,59.0,1:12.379,
2025,15,Dutch Grand Prix,zandvoort,Circuit Park Zandvoort,Zandvoort,Netherlands,2025-08-31,permanent,standard,leclerc,LEC,Charles Leclerc,Charles_Leclerc,Ferrari,6,19,R,0,52,Retired,17.0,33.0,1:14.557,
2025,15,Dutch Grand Prix,zandvoort,Circuit Park Zandvoort,Zandvoort,Netherlands,2025-08-31,permanent,standard,hamilton,HAM,Lewis Hamilton,Lewis_Hamilton,Ferrari,7,20,R,0,22,Retired,20.0,6.0,1:15.684,
2025,16,Italian Grand Prix,monza,Autodromo Nazionale di Monza,Monza,Italy,2025-09-07,permanent,standard,max_verstappen,VER,Max Verstappen,Max_Verstappen,Red Bull,1,1,1,25,53,Finished,2.0,52.0,1:21.003,
2025,16,Italian Grand Prix,monza,Autodromo Nazionale di Monza,Monza,Italy,2025-09-07,permanent,standard,norris,NOR,Lando Norris,Lando_Norris,McLaren,2,2,2,18,53,Finished,1.0,53.0,1:20.901,
2025,16,Italian Grand Prix,monza,Autodromo Nazionale di Monza,Monza,Italy,2025-09-07,permanent,standard,piastri,PIA,Oscar Piastri,Oscar_Piastri,McLaren,3,3,3,15,53,Finished,3.0,47.0,1:21.245,
2025,16,Italian Grand Prix,monza,Autodromo Nazionale di Monza,Monza,Italy,2025-09-07,permanent,standard,leclerc,LEC,Charles Leclerc,Charles_Leclerc,Ferrari,4,4,4,12,53,Finished,4.0,53.0,1:21.294,
2025,16,Italian Grand Prix,monza,Autodromo Nazionale di Monza,Monza,Italy,2025-09-07,permanent,standard,russell,RUS,George Russell,George_Russell,Mercedes,5,5,5,10,53,Finished,8.0,45.0,1:21.800,
2025,16,Italian Grand Prix,monza,Autodromo Nazionale di Monza,Monza,Italy,2025-09-07,permanent,standard,hamilton,HAM,Lewis Hamilton,Lewis_Hamilton,Ferrari,10,6,6,8,53,Finished,6.0,50.0,1:21.546,
2025,16,Italian Grand Prix,monza,Autodromo Nazionale di Monza,Monza,Italy,2025-09-07,permanent,standard,albon,ALB,Alexander Albon,Alexander_Albon,Williams,14,7,7,6,53,Finished,5.0,53.0,1:21.368,
2025,16,Italian Grand Prix,monza,Autodromo Nazionale di Monza,Monza,Italy,2025-09-07,permanent,standard,bortoleto,BOR,Gabriel Bortoleto,Gabriel_Bortoleto,Sauber,7,8,8,4,53,Finished,12.0,51.0,1:22.139,
2025,16,Italian Grand Prix,monza,Autodromo Nazionale di Monza,Monza,Italy,2025-09-07,permanent,standard,antonelli,ANT,Andrea Kimi Antonelli,Andrea_Kimi_Antonelli,Mercedes,6,9,9,2,53,Finished,10.0,53.0,1:21.968,
2025,16,Italian Grand Prix,monza,Autodromo Nazionale di Monza,Monza,Italy,2025-09-07,permanent,standard,hadjar,HAD,Isack Hadjar,Isack_Hadjar,RB F1 Team,19,10,10,1,53,Finished,11.0,46.0,1:22.133,
2025,16,Italian Grand Prix,monza,Autodromo Nazionale di Monza,Monza,Italy,2025-09-07,permanent,standard,sainz,SAI,Carlos Sainz,Carlos_Sainz,Williams,13,11,11,0,53,Finished,7.0,47.0,1:21.740,
2025,16,Italian Grand Prix,monza,Autodromo Nazionale di Monza,Monza,Italy,2025-09-07,permanent,standard,bearman,BEA,Oliver Bearman,Oliver_Bearman,Haas F1 Team,11,12,12,0,53,Finished,9.0,53.0,1:21.820,
2025,16,Italian Grand Prix,monza,Autodromo Nazionale di Monza,Monza,Italy,2025-09-07,permanent,standard,tsunoda,TSU,Yuki Tsunoda,Yuki_Tsunoda,Red Bull,9,13,13,0,53,Finished,16.0,52.0,1:22.712,
2025,16,Italian Grand Prix,monza,Autodromo Nazionale di Monza,Monza,Italy,2025-09-07,permanent,standard,lawson,LAW,Liam Lawson,Liam_Lawson,RB F1 Team,18,14,14,0,53,Finished,17.0,49.0,1:22.777,
2025,16,Italian Grand Prix,monza,Autodromo Nazionale di Monza,Monza,Italy,2025-09-07,permanent,standard,ocon,OCO,Esteban Ocon,Esteban_Ocon,Haas F1 Team,15,15,15,0,52,Lapped,18.0,48.0,1:22.892,
2025,16,Italian Grand Prix,monza,Autodromo Nazionale di Monza,Monza,Italy,2025-09-07,permanent,standard,gasly,GAS,Pierre Gasly,Pierre_Gasly,Alpine F1 Team,20,16,16,0,52,Lapped,14.0,52.0,1:22.185,
2025,16,Italian Grand Prix,monza,Autodromo Nazionale di Monza,Monza,Italy,2025-09-07,permanent,standard,colapinto,COL,Franco Colapinto,Franco_Colapinto,Alpine F1 Team,17,17,17,0,52,Lapped,15.0,48.0,1:22.239,
2025,16,Italian Grand Prix,monza,Autodromo Nazionale di Monza,Monza,Italy,2025-09-07,permanent,standard,stroll,STR,Lance Stroll,Lance_Stroll,Aston Martin,16,18,18,0,52,Lapped,13.0,51.0,1:22.164,
2025,16,Italian Grand Prix,monza,Autodromo Nazionale di Monza,Monza,Italy,2025-09-07,permanent,standard,alonso,ALO,Fernando Alonso,Fernando_Alonso,Aston Martin,8,19,R,0,24,Retired,19.0,23.0,1:23.757,
2025,16,Italian Grand Prix,monza,Autodromo Nazionale di Monza,Monza,Italy,2025-09-07,permanent,standard,hulkenberg,HUL,Nico Hülkenberg,Nico_Hulkenberg,Sauber,12,20,W,0,0,Did not start,,,,
2025,17,Azerbaijan Grand Prix,baku,Baku City Circuit,Baku,Azerbaijan,2025-09-21,street,standard,max_verstappen,VER,Max Verstappen,Max_Verstappen,Red Bull,1,1,1,25,51,Finished,1.0,50.0,1:43.388,
2025,17,Azerbaijan Grand Prix,baku,Baku City Circuit,Baku,Azerbaijan,2025-09-21,street,standard,russell,RUS,George Russell,George_Russell,Mercedes,5,2,2,18,51,Finished,2.0,42.0,1:43.754,
2025,17,Azerbaijan Grand Prix,baku,Baku City Circuit,Baku,Azerbaijan,2025-09-21,street,standard,sainz,SAI,Carlos Sainz,Carlos_Sainz,Williams,2,3,3,15,51,Finished,4.0,47.0,1:43.972,
2025,17,Azerbaijan Grand Prix,baku,Baku City Circuit,Baku,Azerbaijan,2025-09-21,street,standard,antonelli,ANT,Andrea Kimi Antonelli,Andrea_Kimi_Antonelli,Mercedes,4,4,4,12,51,Finished,6.0,47.0,1:44.091,
2025,17,Azerbaijan Grand Prix,baku,Baku City Circuit,Baku,Azerbaijan,2025-09-21,street,standard,lawson,LAW,Liam Lawson,Liam_Lawson,RB F1 Team,3,5,5,10,51,Finished,13.0,49.0,1:44.531,
2025,17,Azerbaijan Grand Prix,baku,Baku City Circuit,Baku,Azerbaijan,2025-09-21,street,standard,tsunoda,TSU,Yuki Tsunoda,Yuki_Tsunoda,Red Bull,6,6,6,8,51,Finished,12.0,41.0,1:44.434,
2025,17,Azerbaijan Grand Prix,baku,Baku City Circuit,Baku,Azerbaijan,2025-09-21,street,standard,norris,NOR,Lando Norris,Lando_Norris,McLaren,7,7,7,6,51,Finished,8.0,42.0,1:44.155,
2025,17,Azerbaijan Grand Prix,baku,Baku City Circuit,Baku,Azerbaijan,2025-09-21,street,standard,hamilton,HAM,Lewis Hamilton,Lewis_Hamilton,Ferrari,12,8,8,4,51,Finished,5.0,40.0,1:43.977,
2025,17,Azerbaijan Grand Prix,baku,Baku City Circuit,Baku,Azerbaijan,2025-09-21,street,standard,leclerc,LEC,Charles Leclerc,Charles_Leclerc,Ferrari,10,9,9,2,51,Finished,9.0,50.0,1:44.274,
2025,17,Azerbaijan Grand Prix,baku,Baku City Circuit,Baku,Azerbaijan,2025-09-21,street,standard,hadjar,HAD,Isack Hadjar,Isack_Hadjar,RB F1 Team,8,10,10,1,51,Finished,3.0,50.0,1:43.884,
2025,17,Azerbaijan Grand Prix,baku,Baku City Circuit,Baku,Azerbaijan,2025-09-21,street,standard,bortoleto,BOR,Gabriel Bortoleto,Gabriel_Bortoleto,Sauber,13,11,11,0,51,Finished,14.0,45.0,1:44.930,
2025,17,Azerbaijan Grand Prix,baku,Baku City Circuit,Baku,Azerbaijan,2025-09-21,street,standard,bearman,BEA,Oliver Bearman,Oliver_Bearman,Haas F1 Team,15,12,12,0,51,Finished,10.0,31.0,1:44.288,
2025,17,Azerbaijan Grand Prix,baku,Baku City Circuit,Baku,Azerbaijan,2025-09-21,street,standard,albon,ALB,Alexander Albon,Alexander_Albon,Williams,19,13,13,0,51,Finished,7.0,51.0,1:44.152,
2025,17,Azerbaijan Grand Prix,baku,Baku City Circuit,Baku,Azerbaijan,2025-09-21,street,standard,ocon,OCO,Esteban Ocon,Esteban_Ocon,Haas F1 Team,20,14,14,0,51,Finished,17.0,50.0,1:45.388,
2025,17,Azerbaijan Grand Prix,baku,Baku City Circuit,Baku,Azerbaijan,2025-09-21,street,standard,alonso,ALO,Fernando Alonso,Fernando_Alonso,Aston Martin,11,15,15,0,51,Finished,15.0,50.0,1:45.002,
2025,17,Azerbaijan Grand Prix,baku,Baku City Circuit,Baku,Azerbaijan,2025-09-21,street,standard,hulkenberg,HUL,Nico Hülkenberg,Nico_Hulkenberg,Sauber,17,16,16,0,51,Finished,11.0,47.0,1:44.370,
2025,17,Azerbaijan Grand Prix,baku,Baku City Circuit,Baku,Azerbaijan,2025-09-21,street,standard,stroll,STR,Lance Stroll,Lance_Stroll,Aston Martin,14,17,17,0,51,Finished,16.0,50.0,1:45.083,
2025,17,Azerbaijan Grand Prix,baku,Baku City Circuit,Baku,Azerbaijan,2025-09-21,street,standard,gasly,GAS,Pierre Gasly,Pierre_Gasly,Alpine F1 Team,18,18,18,0,50,Lapped,18.0,37.0,1:45.492,
2025,17,Azerbaijan Grand Prix,baku,Baku City Circuit,Baku,Azerbaijan,2025-09-21,street,standard,colapinto,COL,Franco Colapinto,Franco_Colapinto,Alpine F1 Team,16,19,19,0,50,Lapped,19.0,40.0,1:46.055,
2025,17,Azerbaijan Grand Prix,baku,Baku City Circuit,Baku,Azerbaijan,2025-09-21,street,standard,piastri,PIA,Oscar Piastri,Oscar_Piastri,McLaren,9,20,R,0,0,Retired,,,,
2025,18,Singapore Grand Prix,marina_bay,Marina Bay Street Circuit,Marina Bay,Singapore,2025-10-05,street,standard,russell,RUS,George Russell,George_Russell,Mercedes,1,1,1,25,62,Finished,11.0,27.0,1:35.676,
2025,18,Singapore Grand Prix,marina_bay,Marina Bay Street Circuit,Marina Bay,Singapore,2025-10-05,street,standard,max_verstappen,VER,Max Verstappen,Max_Verstappen,Red Bull,2,2,2,18,62,Finished,10.0,30.0,1:35.649,
2025,18,Singapore Grand Prix,marina_bay,Marina Bay Street Circuit,Marina Bay,Singapore,2025-10-05,street,standard,norris,NOR,Lando Norris,Lando_Norris,McLaren,5,3,3,15,62,Finished,7.0,36.0,1:35.555,
2025,18,Singapore Grand Prix,marina_bay,Marina Bay Street Circuit,Marina Bay,Singapore,2025-10-05,street,standard,piastri,PIA,Oscar Piastri,Oscar_Piastri,McLaren,3,4,4,12,62,Finished,6.0,31.0,1:35.408,
2025,18,Singapore Grand Prix,marina_bay,Marina Bay Street Circuit,Marina Bay,Singapore,2025-10-05,street,standard,antonelli,ANT,Andrea Kimi Antonelli,Andrea_Kimi_Antonelli,Mercedes,4,5,5,10,62,Finished,4.0,27.0,1:35.303,
2025,18,Singapore Grand Prix,marina_bay,Marina Bay Street Circuit,Marina Bay,Singapore,2025-10-05,street,standard,leclerc,LEC,Charles Leclerc,Charles_Leclerc,Ferrari,7,6,6,8,62,Finished,14.0,41.0,1:35.983,
2025,18,Singapore Grand Prix,marina_bay,Marina Bay Street Circuit,Marina Bay,Singapore,2025-10-05,street,standard,alonso,ALO,Fernando Alonso,Fernando_Alonso,Aston Martin,10,7,7,6,62,Finished,13.0,52.0,1:35.862,
2025,18,Singapore Grand Prix,marina_bay,Marina Bay Street Circuit,Marina Bay,Singapore,2025-10-05,street,standard,hamilton,HAM,Lewis Hamilton,Lewis_Hamilton,Ferrari,6,8,8,4,62,Finished,1.0,48.0,1:33.808,
2025,18,Singapore Grand Prix,marina_bay,Marina Bay Street Circuit,Marina Bay,Singapore,2025-10-05,street,standard,bearman,BEA,Oliver Bearman,Oliver_Bearman,Haas F1 Team,9,9,9,2,62,Finished,15.0,56.0,1:36.201,
2025,18,Singapore Grand Prix,marina_bay,Marina Bay Street Circuit,Marina Bay,Singapore,2025-10-05,street,standard,sainz,SAI,Carlos Sainz,Carlos_Sainz,Williams,18,10,10,1,61,Lapped,3.0,61.0,1:34.963,
2025,18,Singapore Grand Prix,marina_bay,Marina Bay Street Circuit,Marina Bay,Singapore,2025-10-05,street,standard,hadjar,HAD,Isack Hadjar,Isack_Hadjar,RB F1 Team,8,11,11,0,61,Lapped,18.0,54.0,1:36.938,
2025,18,Singapore Grand Prix,marina_bay,Marina Bay Street Circuit,Marina Bay,Singapore,2025-10-05,street,standard,tsunoda,TSU,Yuki Tsunoda,Yuki_Tsunoda,Red Bull,13,12,12,0,61,Lapped,17.0,45.0,1:36.831,
2025,18,Singapore Grand Prix,marina_bay,Marina Bay Street Circuit,Marina Bay,Singapore,2025-10-05,street,standard,stroll,STR,Lance Stroll,Lance_Stroll,Aston Martin,15,13,13,0,61,Lapped,12.0,60.0,1:35.851,
2025,18,Singapore Grand Prix,marina_bay,Marina Bay Street Circuit,Marina Bay,Singapore,2025-10-05,street,standard,albon,ALB,Alexander Albon,Alexander_Albon,Williams,20,14,14,0,61,Lapped,9.0,60.0,1:35.648,
2025,18,Singapore Grand Prix,marina_bay,Marina Bay Street Circuit,Marina Bay,Singapore,2025-10-05,street,standard,lawson,LAW,Liam Lawson,Liam_Lawson,RB F1 Team,12,15,15,0,61,Lapped,8.0,61.0,1:35.641,
2025,18,Singapore Grand Prix,marina_bay,Marina Bay Street Circuit,Marina Bay,Singapore,2025-10-05,street,standard,colapinto,COL,Franco Colapinto,Franco_Colapinto,Alpine F1 Team,16,16,16,0,61,Lapped,20.0,17.0,1:37.182,
2025,18,Singapore Grand Prix,marina_bay,Marina Bay Street Circuit,Marina Bay,Singapore,2025-10-05,street,standard,bortoleto,BOR,Gabriel Bortoleto,Gabriel_Bortoleto,Sauber,14,17,17,0,61,Lapped,19.0,16.0,1:37.126,
2025,18,Singapore Grand Prix,marina_bay,Marina Bay Street Circuit,Marina Bay,Singapore,2025-10-05,street,standard,ocon,OCO,Esteban Ocon,Esteban_Ocon,Haas F1 Team,17,18,18,0,61,Lapped,16.0,32.0,1:36.646,
2025,18,Singapore Grand Prix,marina_bay,Marina Bay Street Circuit,Marina Bay,Singapore,2025-10-05,street,standard,gasly,GAS,Pierre Gasly,Pierre_Gasly,Alpine F1 Team,19,19,19,0,61,Lapped,2.0,53.0,1:34.573,
2025,18,Singapore Grand Prix,marina_bay,Marina Bay Street Circuit,Marina Bay,Singapore,2025-10-05,street,standard,hulkenberg,HUL,Nico Hülkenberg,Nico_Hulkenberg,Sauber,11,20,20,0,61,Lapped,5.0,47.0,1:35.404,
2025,19,United States Grand Prix,americas,Circuit of the Americas,Austin,USA,2025-10-19,permanent,sprint,max_verstappen,VER,Max Verstappen,Max_Verstappen,Red Bull,1,1,1,25,56,Finished,3.0,35.0,1:37.991,
2025,19,United States Grand Prix,americas,Circuit of the Americas,Austin,USA,2025-10-19,permanent,sprint,norris,NOR,Lando Norris,Lando_Norris,McLaren,2,2,2,18,56,Finished,2.0,35.0,1:37.620,
2025,19,United States Grand Prix,americas,Circuit of the Americas,Austin,USA,2025-10-19,permanent,sprint,leclerc,LEC,Charles Leclerc,Charles_Leclerc,Ferrari,3,3,3,15,56,Finished,5.0,47.0,1:38.231,
2025,19,United States Grand Prix,americas,Circuit of the Americas,Austin,USA,2025-10-19,permanent,sprint,hamilton,HAM,Lewis Hamilton,Lewis_Hamilton,Ferrari,5,4,4,12,56,Finished,8.0,55.0,1:38.361,
2025,19,United States Grand Prix,americas,Circuit of the Americas,Austin,USA,2025-10-19,permanent,sprint,piastri,PIA,Oscar Piastri,Oscar_Piastri,McLaren,6,5,5,10,56,Finished,10.0,55.0,1:38.564,
2025,19,United States Grand Prix,americas,Circuit of the Americas,Austin,USA,2025-10-19,permanent,sprint,russell,RUS,George Russell,George_Russell,Mercedes,4,6,6,8,56,Finished,4.0,35.0,1:38.224,
2025,19,United States Grand Prix,americas,Circuit of the Americas,Austin,USA,2025-10-19,permanent,sprint,tsunoda,TSU,Yuki Tsunoda,Yuki_Tsunoda,Red Bull,13,7,7,6,56,Finished,13.0,54.0,1:38.803,
2025,19,United States Grand Prix,americas,Circuit of the Americas,Austin,USA,2025-10-19,permanent,sprint,hulkenberg,HUL,Nico Hülkenberg,Nico_Hulkenberg,Sauber,11,8,8,4,56,Finished,9.0,54.0,1:38.372,
2025,19,United States Grand Prix,americas,Circuit of the Americas,Austin,USA,2025-10-19,permanent,sprint,bearman,BEA,Oliver Bearman,Oliver_Bearman,Haas F1 Team,8,9,9,2,56,Finished,16.0,32.0,1:39.119,
2025,19,United States Grand Prix,americas,Circuit of the Americas,Austin,USA,2025-10-19,permanent,sprint,alonso,ALO,Fernando Alonso,Fernando_Alonso,Aston Martin,10,10,10,1,56,Finished,12.0,54.0,1:38.789,
2025,19,United States Grand Prix,americas,Circuit of the Americas,Austin,USA,2025-10-19,permanent,sprint,lawson,LAW,Liam Lawson,Liam_Lawson,RB F1 Team,12,11,11,0,56,Finished,14.0,53.0,1:38.983,
2025,19,United States Grand Prix,americas,Circuit of the Americas,Austin,USA,2025-10-19,permanent,sprint,stroll,STR,Lance Stroll,Lance_Stroll,Aston Martin,19,12,12,0,56,Finished,15.0,54.0,1:39.071,
2025,19,United States Grand Prix,americas,Circuit of the Americas,Austin,USA,2025-10-19,permanent,sprint,antonelli,ANT,Andrea Kimi Antonelli,Andrea_Kimi_Antonelli,Mercedes,7,13,13,0,56,Finished,1.0,33.0,1:37.577,
2025,19,United States Grand Prix,americas,Circuit of the Americas,Austin,USA,2025-10-19,permanent,sprint,albon,ALB,Alexander Albon,Alexander_Albon,Williams,18,14,14,0,56,Finished,7.0,38.0,1:38.328,
2025,19,United States Grand Prix,americas,Circuit of the Americas,Austin,USA,2025-10-19,permanent,sprint,ocon,OCO,Esteban Ocon,Esteban_Ocon,Haas F1 Team,17,15,15,0,56,Finished,18.0,31.0,1:39.263,
2025,19,United States Grand Prix,americas,Circuit of the Americas,Austin,USA,2025-10-19,permanent,sprint,hadjar,HAD,Isack Hadjar,Isack_Hadjar,RB F1 Team,20,16,16,0,56,Finished,11.0,54.0,1:38.724,
2025,19,United States Grand Prix,americas,Circuit of the Americas,Austin,USA,2025-10-19,permanent,sprint,colapinto,COL,Franco Colapinto,Franco_Colapinto,Alpine F1 Team,15,17,17,0,55,Lapped,17.0,54.0,1:39.173,
2025,19,United States Grand Prix,americas,Circuit of the Americas,Austin,USA,2025-10-19,permanent,sprint,bortoleto,BOR,Gabriel Bortoleto,Gabriel_Bortoleto,Sauber,16,18,18,0,55,Lapped,6.0,39.0,1:38.275,
2025,19,United States Grand Prix,americas,Circuit of the Americas,Austin,USA,2025-10-19,permanent,sprint,gasly,GAS,Pierre Gasly,Pierre_Gasly,Alpine F1 Team,14,19,19,0,55,Lapped,19.0,30.0,1:39.270,
2025,19,United States Grand Prix,americas,Circuit of the Americas,Austin,USA,2025-10-19,permanent,sprint,sainz,SAI,Carlos Sainz,Carlos_Sainz,Williams,9,20,R,0,5,Retired,20.0,3.0,1:40.327,
2025,20,Mexico City Grand Prix,rodriguez,Autódromo Hermanos Rodríguez,Mexico City,Mexico,2025-10-26,permanent,standard,norris,NOR,Lando Norris,Lando_Norris,McLaren,1,1,1,25,71,Finished,8.0,45.0,1:20.764,
2025,20,Mexico City Grand Prix,rodriguez,Autódromo Hermanos Rodríguez,Mexico City,Mexico,2025-10-26,permanent,standard,leclerc,LEC,Charles Leclerc,Charles_Leclerc,Ferrari,2,2,2,18,71,Finished,14.0,45.0,1:21.588,
2025,20,Mexico City Grand Prix,rodriguez,Autódromo Hermanos Rodríguez,Mexico City,Mexico,2025-10-26,permanent,standard,max_verstappen,VER,Max Verstappen,Max_Verstappen,Red Bull,5,3,3,15,71,Finished,10.0,50.0,1:21.108,
2025,20,Mexico City Grand Prix,rodriguez,Autódromo Hermanos Rodríguez,Mexico City,Mexico,2025-10-26,permanent,standard,bearman,BEA,Oliver Bearman,Oliver_Bearman,Haas F1 Team,9,4,4,12,71,Finished,7.0,51.0,1:20.705,
2025,20,Mexico City Grand Prix,rodriguez,Autódromo Hermanos Rodríguez,Mexico City,Mexico,2025-10-26,permanent,standard,piastri,PIA,Oscar Piastri,Oscar_Piastri,McLaren,7,5,5,10,71,Finished,3.0,53.0,1:20.422,
2025,20,Mexico City Grand Prix,rodriguez,Autódromo Hermanos Rodríguez,Mexico City,Mexico,2025-10-26,permanent,standard,antonelli,ANT,Andrea Kimi Antonelli,Andrea_Kimi_Antonelli,Mercedes,6,6,6,8,71,Finished,9.0,58.0,1:20.826,
2025,20,Mexico City Grand Prix,rodriguez,Autódromo Hermanos Rodríguez,Mexico City,Mexico,2025-10-26,permanent,standard,russell,RUS,George Russell,George_Russell,Mercedes,4,7,7,6,71,Finished,1.0,50.0,1:20.052,
2025,20,Mexico City Grand Prix,rodriguez,Autódromo Hermanos Rodríguez,Mexico City,Mexico,2025-10-26,permanent,standard,hamilton,HAM,Lewis Hamilton,Lewis_Hamilton,Ferrari,3,8,8,4,71,Finished,6.0,50.0,1:20.601,
2025,20,Mexico City Grand Prix,rodriguez,Autódromo Hermanos Rodríguez,Mexico City,Mexico,2025-10-26,permanent,standard,ocon,OCO,Esteban Ocon,Esteban_Ocon,Haas F1 Team,11,9,9,2,71,Finished,17.0,65.0,1:21.869,
2025,20,Mexico City Grand Prix,rodriguez,Autódromo Hermanos Rodríguez,Mexico City,Mexico,2025-10-26,permanent,standard,bortoleto,BOR,Gabriel Bortoleto,Gabriel_Bortoleto,Sauber,16,10,10,1,71,Finished,11.0,39.0,1:21.121,
2025,20,Mexico City Grand Prix,rodriguez,Autódromo Hermanos Rodríguez,Mexico City,Mexico,2025-10-26,permanent,standard,tsunoda,TSU,Yuki Tsunoda,Yuki_Tsunoda,Red Bull,10,11,11,0,71,Finished,13.0,44.0,1:21.486,
2025,20,Mexico City Grand Prix,rodriguez,Autódromo Hermanos Rodríguez,Mexico City,Mexico,2025-10-26,permanent,standard,albon,ALB,Alexander Albon,Alexander_Albon,Williams,17,12,12,0,70,Lapped,4.0,45.0,1:20.480,
2025,20,Mexico City Grand Prix,rodriguez,Autódromo Hermanos Rodríguez,Mexico City,Mexico,2025-10-26,permanent,standard,hadjar,HAD,Isack Hadjar,Isack_Hadjar,RB F1 Team,8,13,13,0,70,Lapped,16.0,44.0,1:21.714,
2025,20,Mexico City Grand Prix,rodriguez,Autódromo Hermanos Rodríguez,Mexico City,Mexico,2025-10-26,permanent,standard,stroll,STR,Lance Stroll,Lance_Stroll,Aston Martin,19,14,14,0,70,Lapped,5.0,45.0,1:20.593,
2025,20,Mexico City Grand Prix,rodriguez,Autódromo Hermanos Rodríguez,Mexico City,Mexico,2025-10-26,permanent,standard,gasly,GAS,Pierre Gasly,Pierre_Gasly,Alpine F1 Team,18,15,15,0,70,Lapped,18.0,43.0,1:22.271,
2025,20,Mexico City Grand Prix,rodriguez,Autódromo Hermanos Rodríguez,Mexico City,Mexico,2025-10-26,permanent,standard,colapinto,COL,Franco Colapinto,Franco_Colapinto,Alpine F1 Team,20,16,16,0,70,Lapped,12.0,50.0,1:21.342,
2025,20,Mexico City Grand Prix,rodriguez,Autódromo Hermanos Rodríguez,Mexico City,Mexico,2025-10-26,permanent,standard,sainz,SAI,Carlos Sainz,Carlos_Sainz,Williams,12,17,17,0,67,Retired,2.0,48.0,1:20.098,
2025,20,Mexico City Grand Prix,rodriguez,Autódromo Hermanos Rodríguez,Mexico City,Mexico,2025-10-26,permanent,standard,alonso,ALO,Fernando Alonso,Fernando_Alonso,Aston Martin,14,18,R,0,34,Retired,15.0,22.0,1:21.708,
2025,20,Mexico City Grand Prix,rodriguez,Autódromo Hermanos Rodríguez,Mexico City,Mexico,2025-10-26,permanent,standard,hulkenberg,HUL,Nico Hülkenberg,Nico_Hulkenberg,Sauber,13,19,R,0,25,Retired,19.0,14.0,1:23.091,
2025,20,Mexico City Grand Prix,rodriguez,Autódromo Hermanos Rodríguez,Mexico City,Mexico,2025-10-26,permanent,standard,lawson,LAW,Liam Lawson,Liam_Lawson,RB F1 Team,15,20,R,0,5,Retired,20.0,4.0,1:25.124,
2025,21,São Paulo Grand Prix,interlagos,Autódromo José Carlos Pace,São Paulo,Brazil,2025-11-09,permanent,sprint,norris,NOR,Lando Norris,Lando_Norris,McLaren,1,1,1,25,71,Finished,6.0,66.0,1:13.040,
2025,21,São Paulo Grand Prix,interlagos,Autódromo José Carlos Pace,São Paulo,Brazil,2025-11-09,permanent,sprint,antonelli,ANT,Andrea Kimi Antonelli,Andrea_Kimi_Antonelli,Mercedes,2,2,2,18,71,Finished,9.0,52.0,1:13.123,
2025,21,São Paulo Grand Prix,interlagos,Autódromo José Carlos Pace,São Paulo,Brazil,2025-11-09,permanent,sprint,max_verstappen,VER,Max Verstappen,Max_Verstappen,Red Bull,19,3,3,15,71,Finished,2.0,56.0,1:12.447,
2025,21,São Paulo Grand Prix,interlagos,Autódromo José Carlos Pace,São Paulo,Brazil,2025-11-09,permanent,sprint,russell,RUS,George Russell,George_Russell,Mercedes,6,4,4,12,71,Finished,8.0,52.0,1:13.097,
2025,21,São Paulo Grand Prix,interlagos,Autódromo José Carlos Pace,São Paulo,Brazil,2025-11-09,permanent,sprint,piastri,PIA,Oscar Piastri,Oscar_Piastri,McLaren,4,5,5,10,71,Finished,3.0,54.0,1:12.742,
2025,21,São Paulo Grand Prix,interlagos,Autódromo José Carlos Pace,São Paulo,Brazil,2025-11-09,permanent,sprint,bearman,BEA,Oliver Bearman,Oliver_Bearman,Haas F1 Team,8,6,6,8,71,Finished,13.0,48.0,1:13.483,
2025,21,São Paulo Grand Prix,interlagos,Autódromo José Carlos Pace,São Paulo,Brazil,2025-11-09,permanent,sprint,lawson,LAW,Liam Lawson,Liam_Lawson,RB F1 Team,7,7,7,6,71,Finished,18.0,21.0,1:14.029,
2025,21,São Paulo Grand Prix,interlagos,Autódromo José Carlos Pace,São Paulo,Brazil,2025-11-09,permanent,sprint,hadjar,HAD,Isack Hadjar,Isack_Hadjar,RB F1 Team,5,8,8,4,71,Finished,15.0,40.0,1:13.694,
2025,21,São Paulo Grand Prix,interlagos,Autódromo José Carlos Pace,São Paulo,Brazil,2025-11-09,permanent,sprint,hulkenberg,HUL,Nico Hülkenberg,Nico_Hulkenberg,Sauber,10,9,9,2,71,Finished,11.0,39.0,1:13.474,
2025,21,São Paulo Grand Prix,interlagos,Autódromo José Carlos Pace,São Paulo,Brazil,2025-11-09,permanent,sprint,gasly,GAS,Pierre Gasly,Pierre_Gasly,Alpine F1 Team,9,10,10,1,71,Finished,16.0,42.0,1:13.736,
2025,21,São Paulo Grand Prix,interlagos,Autódromo José Carlos Pace,São Paulo,Brazil,2025-11-09,permanent,sprint,albon,ALB,Alexander Albon,Alexander_Albon,Williams,12,11,11,0,71,Finished,1.0,59.0,1:12.400,
2025,21,São Paulo Grand Prix,interlagos,Autódromo José Carlos Pace,São Paulo,Brazil,2025-11-09,permanent,sprint,ocon,OCO,Esteban Ocon,Esteban_Ocon,Haas F1 Team,20,12,12,0,71,Finished,12.0,10.0,1:13.481,
2025,21,São Paulo Grand Prix,interlagos,Autódromo José Carlos Pace,São Paulo,Brazil,2025-11-09,permanent,sprint,sainz,SAI,Carlos Sainz,Carlos_Sainz,Williams,15,13,13,0,71,Finished,14.0,19.0,1:13.683,
2025,21,São Paulo Grand Prix,interlagos,Autódromo José Carlos Pace,São Paulo,Brazil,2025-11-09,permanent,sprint,alonso,ALO,Fernando Alonso,Fernando_Alonso,Aston Martin,11,14,14,0,71,Finished,10.0,48.0,1:13.312,
2025,21,São Paulo Grand Prix,interlagos,Autódromo José Carlos Pace,São Paulo,Brazil,2025-11-09,permanent,sprint,colapinto,COL,Franco Colapinto,Franco_Colapinto,Alpine F1 Team,16,15,15,0,71,Finished,5.0,45.0,1:12.816,
2025,21,São Paulo Grand Prix,interlagos,Autódromo José Carlos Pace,São Paulo,Brazil,2025-11-09,permanent,sprint,stroll,STR,Lance Stroll,Lance_Stroll,Aston Martin,14,16,16,0,71,Finished,7.0,56.0,1:13.094,
2025,21,São Paulo Grand Prix,interlagos,Autódromo José Carlos Pace,São Paulo,Brazil,2025-11-09,permanent,sprint,tsunoda,TSU,Yuki Tsunoda,Yuki_Tsunoda,Red Bull,17,17,17,0,71,Finished,4.0,49.0,1:12.774,
2025,21,São Paulo Grand Prix,interlagos,Autódromo José Carlos Pace,São Paulo,Brazil,2025-11-09,permanent,sprint,hamilton,HAM,Lewis Hamilton,Lewis_Hamilton,Ferrari,13,18,R,0,37,Retired,17.0,35.0,1:13.844,
2025,21,São Paulo Grand Prix,interlagos,Autódromo José Carlos Pace,São Paulo,Brazil,2025-11-09,permanent,sprint,leclerc,LEC,Charles Leclerc,Charles_Leclerc,Ferrari,3,19,R,0,5,Retired,19.0,2.0,1:43.560,
2025,21,São Paulo Grand Prix,interlagos,Autódromo José Carlos Pace,São Paulo,Brazil,2025-11-09,permanent,sprint,bortoleto,BOR,Gabriel Bortoleto,Gabriel_Bortoleto,Sauber,18,20,R,0,0,Retired,,,,
2025,22,Las Vegas Grand Prix,vegas,Las Vegas Strip Street Circuit,Las Vegas,USA,2025-11-23,street,standard,max_verstappen,VER,Max Verstappen,Max_Verstappen,Red Bull,2,1,1,25,50,Finished,1.0,50.0,1:33.365,
2025,22,Las Vegas Grand Prix,vegas,Las Vegas Strip Street Circuit,Las Vegas,USA,2025-11-23,street,standard,russell,RUS,George Russell,George_Russell,Mercedes,4,2,2,18,50,Finished,9.0,50.0,1:34.592,
2025,22,Las Vegas Grand Prix,vegas,Las Vegas Strip Street Circuit,Las Vegas,USA,2025-11-23,street,standard,antonelli,ANT,Andrea Kimi Antonelli,Andrea_Kimi_Antonelli,Mercedes,17,3,3,15,50,Finished,2.0,48.0,1:33.998,
2025,22,Las Vegas Grand Prix,vegas,Las Vegas Strip Street Circuit,Las Vegas,USA,2025-11-23,street,standard,leclerc,LEC,Charles Leclerc,Charles_Leclerc,Ferrari,9,4,4,12,50,Finished,3.0,43.0,1:34.304,
2025,22,Las Vegas Grand Prix,vegas,Las Vegas Strip Street Circuit,Las Vegas,USA,2025-11-23,street,standard,sainz,SAI,Carlos Sainz,Carlos_Sainz,Williams,3,5,5,10,50,Finished,4.0,42.0,1:34.496,
2025,22,Las Vegas Grand Prix,vegas,Las Vegas Strip Street Circuit,Las Vegas,USA,2025-11-23,street,standard,hadjar,HAD,Isack Hadjar,Isack_Hadjar,RB F1 Team,8,6,6,8,50,Finished,10.0,50.0,1:34.620,
2025,22,Las Vegas Grand Prix,vegas,Las Vegas Strip Street Circuit,Las Vegas,USA,2025-11-23,street,standard,hulkenberg,HUL,Nico Hülkenberg,Nico_Hulkenberg,Sauber,11,7,7,6,50,Finished,8.0,49.0,1:34.592,
2025,22,Las Vegas Grand Prix,vegas,Las Vegas Strip Street Circuit,Las Vegas,USA,2025-11-23,street,standard,hamilton,HAM,Lewis Hamilton,Lewis_Hamilton,Ferrari,19,8,8,4,50,Finished,6.0,49.0,1:34.553,
2025,22,Las Vegas Grand Prix,vegas,Las Vegas Strip Street Circuit,Las Vegas,USA,2025-11-23,street,standard,ocon,OCO,Esteban Ocon,Esteban_Ocon,Haas F1 Team,13,9,9,2,50,Finished,7.0,48.0,1:34.557,
2025,22,Las Vegas Grand Prix,vegas,Las Vegas Strip Street Circuit,Las Vegas,USA,2025-11-23,street,standard,bearman,BEA,Oliver Bearman,Oliver_Bearman,Haas F1 Team,14,10,10,1,50,Finished,5.0,50.0,1:34.519,
2025,22,Las Vegas Grand Prix,vegas,Las Vegas Strip Street Circuit,Las Vegas,USA,2025-11-23,street,standard,alonso,ALO,Fernando Alonso,Fernando_Alonso,Aston Martin,7,11,11,0,50,Finished,14.0,41.0,1:35.629,
2025,22,Las Vegas Grand Prix,vegas,Las Vegas Strip Street Circuit,Las Vegas,USA,2025-11-23,street,standard,tsunoda,TSU,Yuki Tsunoda,Yuki_Tsunoda,Red Bull,20,12,12,0,50,Finished,12.0,49.0,1:34.967,
2025,22,Las Vegas Grand Prix,vegas,Las Vegas Strip Street Circuit,Las Vegas,USA,2025-11-23,street,standard,gasly,GAS,Pierre Gasly,Pierre_Gasly,Alpine F1 Team,10,13,13,0,50,Finished,15.0,44.0,1:35.674,
2025,22,Las Vegas Grand Prix,vegas,Las Vegas Strip Street Circuit,Las Vegas,USA,2025-11-23,street,standard,lawson,LAW,Liam Lawson,Liam_Lawson,RB F1 Team,6,14,14,0,49,Lapped,11.0,47.0,1:34.837,
2025,22,Las Vegas Grand Prix,vegas,Las Vegas Strip Street Circuit,Las Vegas,USA,2025-11-23,street,standard,colapinto,COL,Franco Colapinto,Franco_Colapinto,Alpine F1 Team,15,15,15,0,49,Lapped,16.0,38.0,1:35.780,
2025,22,Las Vegas Grand Prix,vegas,Las Vegas Strip Street Circuit,Las Vegas,USA,2025-11-23,street,standard,albon,ALB,Alexander Albon,Alexander_Albon,Williams,16,16,R,0,35,Retired,13.0,26.0,1:35.184,
2025,22,Las Vegas Grand Prix,vegas,Las Vegas Strip Street Circuit,Las Vegas,USA,2025-11-23,street,standard,bortoleto,BOR,Gabriel Bortoleto,Gabriel_Bortoleto,Sauber,18,17,R,0,2,Retired,,,,
2025,22,Las Vegas Grand Prix,vegas,Las Vegas Strip Street Circuit,Las Vegas,USA,2025-11-23,street,standard,stroll,STR,Lance Stroll,Lance_Stroll,Aston Martin,12,18,R,0,0,Retired,,,,
2025,22,Las Vegas Grand Prix,vegas,Las Vegas Strip Street Circuit,Las Vegas,USA,2025-11-23,street,standard,norris,NOR,Lando Norris,Lando_Norris,McLaren,1,19,D,0,50,Disqualified,,,,
2025,22,Las Vegas Grand Prix,vegas,Las Vegas Strip Street Circuit,Las Vegas,USA,2025-11-23,street,standard,piastri,PIA,Oscar Piastri,Oscar_Piastri,McLaren,5,20,D,0,50,Disqualified,,,,
2025,23,Qatar Grand Prix,losail,Losail International Circuit,Lusail,Qatar,2025-11-30,permanent,standard,max_verstappen,VER,Max Verstappen,Max_Verstappen,Red Bull,3,1,1,25,57,Finished,5.0,50.0,1:23.498,
2025,23,Qatar Grand Prix,losail,Losail International Circuit,Lusail,Qatar,2025-11-30,permanent,standard,piastri,PIA,Oscar Piastri,Oscar_Piastri,McLaren,1,2,2,18,57,Finished,1.0,44.0,1:22.996,
2025,23,Qatar Grand Prix,losail,Losail International Circuit,Lusail,Qatar,2025-11-30,permanent,standard,sainz,SAI,Carlos Sainz,Carlos_Sainz,Williams,7,3,3,15,57,Finished,6.0,48.0,1:23.859,
2025,23,Qatar Grand Prix,losail,Losail International Circuit,Lusail,Qatar,2025-11-30,permanent,standard,norris,NOR,Lando Norris,Lando_Norris,McLaren,2,4,4,12,57,Finished,2.0,47.0,1:23.197,
2025,23,Qatar Grand Prix,losail,Losail International Circuit,Lusail,Qatar,2025-11-30,permanent,standard,antonelli,ANT,Andrea Kimi Antonelli,Andrea_Kimi_Antonelli,Mercedes,5,5,5,10,57,Finished,8.0,55.0,1:23.955,
2025,23,Qatar Grand Prix,losail,Losail International Circuit,Lusail,Qatar,2025-11-30,permanent,standard,russell,RUS,George Russell,George_Russell,Mercedes,4,6,6,8,57,Finished,3.0,56.0,1:23.198,
2025,23,Qatar Grand Prix,losail,Losail International Circuit,Lusail,Qatar,2025-11-30,permanent,standard,alonso,ALO,Fernando Alonso,Fernando_Alonso,Aston Martin,8,7,7,6,57,Finished,7.0,57.0,1:23.940,
2025,23,Qatar Grand Prix,losail,Losail International Circuit,Lusail,Qatar,2025-11-30,permanent,standard,leclerc,LEC,Charles Leclerc,Charles_Leclerc,Ferrari,10,8,8,4,57,Finished,13.0,56.0,1:24.432,
2025,23,Qatar Grand Prix,losail,Losail International Circuit,Lusail,Qatar,2025-11-30,permanent,standard,lawson,LAW,Liam Lawson,Liam_Lawson,RB F1 Team,12,9,9,2,57,Finished,9.0,54.0,1:23.971,
2025,23,Qatar Grand Prix,losail,Losail International Circuit,Lusail,Qatar,2025-11-30,permanent,standard,tsunoda,TSU,Yuki Tsunoda,Yuki_Tsunoda,Red Bull,15,10,10,1,57,Finished,10.0,57.0,1:24.139,
2025,23,Qatar Grand Prix,losail,Losail International Circuit,Lusail,Qatar,2025-11-30,permanent,standard,albon,ALB,Alexander Albon,Alexander_Albon,Williams,14,11,11,0,57,Finished,11.0,57.0,1:24.261,
2025,23,Qatar Grand Prix,losail,Losail International Circuit,Lusail,Qatar,2025-11-30,permanent,standard,hamilton,HAM,Lewis Hamilton,Lewis_Hamilton,Ferrari,17,12,12,0,57,Finished,14.0,52.0,1:24.848,
2025,23,Qatar Grand Prix,losail,Losail International Circuit,Lusail,Qatar,2025-11-30,permanent,standard,bortoleto,BOR,Gabriel Bortoleto,Gabriel_Bortoleto,Sauber,19,13,13,0,57,Finished,17.0,54.0,1:25.233,
2025,23,Qatar Grand Prix,losail,Losail International Circuit,Lusail,Qatar,2025-11-30,permanent,standard,colapinto,COL,Franco Colapinto,Franco_Colapinto,Alpine F1 Team,20,14,14,0,56,Lapped,19.0,52.0,1:25.644,
2025,23,Qatar Grand Prix,losail,Losail International Circuit,Lusail,Qatar,2025-11-30,permanent,standard,ocon,OCO,Esteban Ocon,Esteban_Ocon,Haas F1 Team,16,15,15,0,56,Lapped,16.0,36.0,1:25.056,
2025,23,Qatar Grand Prix,losail,Losail International Circuit,Lusail,Qatar,2025-11-30,permanent,standard,gasly,GAS,Pierre Gasly,Pierre_Gasly,Alpine F1 Team,9,16,16,0,56,Lapped,18.0,54.0,1:25.376,
2025,23,Qatar Grand Prix,losail,Losail International Circuit,Lusail,Qatar,2025-11-30,permanent,standard,stroll,STR,Lance Stroll,Lance_Stroll,Aston Martin,18,17,17,0,55,Retired,4.0,51.0,1:23.484,
2025,23,Qatar Grand Prix,losail,Losail International Circuit,Lusail,Qatar,2025-11-30,permanent,standard,hadjar,HAD,Isack Hadjar,Isack_Hadjar,RB F1 Team,6,18,18,0,55,Retired,12.0,52.0,1:24.317,
2025,23,Qatar Grand Prix,losail,Losail International Circuit,Lusail,Qatar,2025-11-30,permanent,standard,bearman,BEA,Oliver Bearman,Oliver_Bearman,Haas F1 Team,13,19,R,0,41,Retired,15.0,34.0,1:24.930,
2025,23,Qatar Grand Prix,losail,Losail International Circuit,Lusail,Qatar,2025-11-30,permanent,standard,hulkenberg,HUL,Nico Hülkenberg,Nico_Hulkenberg,Sauber,11,20,R,0,6,Retired,20.0,5.0,1:28.139,
2025,24,Abu Dhabi Grand Prix,yas_marina,Yas Marina Circuit,Abu Dhabi,UAE,2025-12-07,permanent,standard,max_verstappen,VER,Max Verstappen,Max_Verstappen,Red Bull,1,1,1,25,58,Finished,5.0,39.0,1:27.625,
2025,24,Abu Dhabi Grand Prix,yas_marina,Yas Marina Circuit,Abu Dhabi,UAE,2025-12-07,permanent,standard,piastri,PIA,Oscar Piastri,Oscar_Piastri,McLaren,3,2,2,18,58,Finished,2.0,44.0,1:26.765,
2025,24,Abu Dhabi Grand Prix,yas_marina,Yas Marina Circuit,Abu Dhabi,UAE,2025-12-07,permanent,standard,norris,NOR,Lando Norris,Lando_Norris,McLaren,2,3,3,15,58,Finished,3.0,48.0,1:26.818,
2025,24,Abu Dhabi Grand Prix,yas_marina,Yas Marina Circuit,Abu Dhabi,UAE,2025-12-07,permanent,standard,leclerc,LEC,Charles Leclerc,Charles_Leclerc,Ferrari,5,4,4,12,58,Finished,1.0,45.0,1:26.725,
2025,24,Abu Dhabi Grand Prix,yas_marina,Yas Marina Circuit,Abu Dhabi,UAE,2025-12-07,permanent,standard,russell,RUS,George Russell,George_Russell,Mercedes,4,5,5,10,58,Finished,14.0,57.0,1:28.599,
2025,24,Abu Dhabi Grand Prix,yas_marina,Yas Marina Circuit,Abu Dhabi,UAE,2025-12-07,permanent,standard,alonso,ALO,Fernando Alonso,Fernando_Alonso,Aston Martin,6,6,6,8,58,Finished,11.0,54.0,1:28.279,
2025,24,Abu Dhabi Grand Prix,yas_marina,Yas Marina Circuit,Abu Dhabi,UAE,2025-12-07,permanent,standard,ocon,OCO,Esteban Ocon,Esteban_Ocon,Haas F1 Team,8,7,7,6,58,Finished,15.0,56.0,1:28.655,
2025,24,Abu Dhabi Grand Prix,yas_marina,Yas Marina Circuit,Abu Dhabi,UAE,2025-12-07,permanent,standard,hamilton,HAM,Lewis Hamilton,Lewis_Hamilton,Ferrari,16,8,8,4,58,Finished,10.0,36.0,1:28.094,
2025,24,Abu Dhabi Grand Prix,yas_marina,Yas Marina Circuit,Abu Dhabi,UAE,2025-12-07,permanent,standard,hulkenberg,HUL,Nico Hülkenberg,Nico_Hulkenberg,Sauber,18,9,9,2,58,Finished,4.0,46.0,1:27.050,
2025,24,Abu Dhabi Grand Prix,yas_marina,Yas Marina Circuit,Abu Dhabi,UAE,2025-12-07,permanent,standard,stroll,STR,Lance Stroll,Lance_Stroll,Aston Martin,15,10,10,1,58,Finished,6.0,52.0,1:27.626,
2025,24,Abu Dhabi Grand Prix,yas_marina,Yas Marina Circuit,Abu Dhabi,UAE,2025-12-07,permanent,standard,bortoleto,BOR,Gabriel Bortoleto,Gabriel_Bortoleto,Sauber,7,11,11,0,58,Finished,19.0,47.0,1:29.114,
2025,24,Abu Dhabi Grand Prix,yas_marina,Yas Marina Circuit,Abu Dhabi,UAE,2025-12-07,permanent,standard,bearman,BEA,Oliver Bearman,Oliver_Bearman,Haas F1 Team,11,12,12,0,58,Finished,17.0,50.0,1:28.976,
2025,24,Abu Dhabi Grand Prix,yas_marina,Yas Marina Circuit,Abu Dhabi,UAE,2025-12-07,permanent,standard,sainz,SAI,Carlos Sainz,Carlos_Sainz,Williams,12,13,13,0,58,Finished,18.0,51.0,1:29.052,
2025,24,Abu Dhabi Grand Prix,yas_marina,Yas Marina Circuit,Abu Dhabi,UAE,2025-12-07,permanent,standard,tsunoda,TSU,Yuki Tsunoda,Yuki_Tsunoda,Red Bull,10,14,14,0,58,Finished,13.0,44.0,1:28.557,
2025,24,Abu Dhabi Grand Prix,yas_marina,Yas Marina Circuit,Abu Dhabi,UAE,2025-12-07,permanent,standard,antonelli,ANT,Andrea Kimi Antonelli,Andrea_Kimi_Antonelli,Mercedes,14,15,15,0,58,Finished,9.0,34.0,1:28.029,
2025,24,Abu Dhabi Grand Prix,yas_marina,Yas Marina Circuit,Abu Dhabi,UAE,2025-12-07,permanent,standard,albon,ALB,Alexander Albon,Alexander_Albon,Williams,17,16,16,0,58,Finished,12.0,45.0,1:28.367,
2025,24,Abu Dhabi Grand Prix,yas_marina,Yas Marina Circuit,Abu Dhabi,UAE,2025-12-07,permanent,standard,hadjar,HAD,Isack Hadjar,Isack_Hadjar,RB F1 Team,9,17,17,0,57,Lapped,20.0,52.0,1:29.375,
2025,24,Abu Dhabi Grand Prix,yas_marina,Yas Marina Circuit,Abu Dhabi,UAE,2025-12-07,permanent,standard,lawson,LAW,Liam Lawson,Liam_Lawson,RB F1 Team,13,18,18,0,57,Lapped,16.0,39.0,1:28.886,
2025,24,Abu Dhabi Grand Prix,yas_marina,Yas Marina Circuit,Abu Dhabi,UAE,2025-12-07,permanent,standard,gasly,GAS,Pierre Gasly,Pierre_Gasly,Alpine F1 Team,19,19,19,0,57,Lapped,8.0,46.0,1:27.767,
2025,24,Abu Dhabi Grand Prix,yas_marina,Yas Marina Circuit,Abu Dhabi,UAE,2025-12-07,permanent,standard,colapinto,COL,Franco Colapinto,Franco_Colapinto,Alpine F1 Team,20,20,20,0,57,Lapped,7.0,42.0,1:27.710,
