item_A,item_B,item_C
0.4505824928161174,0.2855250717153396,0.2980425227913559
