item_A,item_B,item_C
0.9480532818528903,0.3289197782107244,0.3130253547015813
0.06875095208867732,0.5083116942766945,0.819868147527005
0.5073940938449606,0.023975447376531678,0.5539417338546375
